order_id,account_age_days,prior_orders_count,prior_return_rate,order_value,item_category,item_count,discount_pct,payment_method,delivery_promise_days,actual_delivery_days,device_type,time_of_day,is_first_order,is_returned
ORD100000,32,0,0.0,469.87,home,2,20.6,upi,2,1.0,mobile,morning,0,0
ORD100001,964,7,0.3713,1533.76,home,2,62.11,netbanking,6,8.0,tablet,evening,0,0
ORD100002,0,0,0.0,755.64,beauty,2,14.46,card,4,6.0,desktop,afternoon,1,0
ORD100003,266,1,0.055,848.36,grocery,4,12.85,upi,3,2.0,tablet,afternoon,0,0
ORD100004,217,1,0.0684,2050.61,footwear,1,1.57,upi,2,1.0,mobile,afternoon,0,0
ORD100005,0,0,0.0,1776.36,electronics,2,28.81,wallet,7,7.0,desktop,afternoon,1,0
ORD100006,687,9,0.1344,237.72,footwear,3,19.65,netbanking,3,3.0,mobile,evening,0,0
ORD100007,0,0,0.0,81.97,grocery,3,33.9,upi,5,10.0,mobile,afternoon,1,0
ORD100008,299,1,0.1046,263.0,home,1,26.31,wallet,7,4.0,mobile,evening,0,0
ORD100009,123,1,0.1491,324.69,beauty,1,40.47,card,3,4.0,desktop,evening,0,0
ORD100010,421,3,0.2667,1046.52,home,3,5.09,upi,7,6.0,desktop,late_night,0,0
ORD100011,0,0,0.0,755.87,toys,4,8.38,card,4,3.0,tablet,evening,1,0
ORD100012,146,1,0.1118,658.87,beauty,2,43.66,cod,2,5.0,mobile,evening,0,0
ORD100013,0,0,0.0,536.11,sports,1,28.64,upi,2,7.0,mobile,late_night,1,0
ORD100014,630,4,0.3153,1150.13,beauty,2,52.48,card,2,2.0,desktop,evening,0,0
ORD100015,1130,12,0.1663,2716.57,home,3,40.97,card,1,2.0,tablet,morning,0,0
ORD100016,79,0,0.0,325.16,fashion,3,10.78,upi,7,8.0,desktop,evening,0,0
ORD100017,135,1,0.0538,1566.63,electronics,4,11.37,wallet,1,2.0,mobile,afternoon,0,0
ORD100018,0,0,0.0,2720.06,electronics,1,29.31,upi,5,3.0,desktop,afternoon,1,1
ORD100019,309,1,0.1269,1220.66,beauty,5,15.69,card,5,5.0,desktop,evening,0,0
ORD100020,102,1,0.1848,2570.55,electronics,3,20.22,upi,6,6.0,mobile,afternoon,0,0
ORD100021,1439,15,0.6043,1110.22,electronics,2,8.61,card,7,5.0,desktop,afternoon,0,0
ORD100022,0,0,0.0,464.92,sports,3,19.17,netbanking,3,3.0,desktop,late_night,1,0
ORD100023,0,0,0.0,791.31,electronics,2,16.95,wallet,5,4.0,mobile,evening,1,0
ORD100024,1254,8,0.2851,428.63,toys,3,14.96,card,5,5.0,desktop,morning,0,1
ORD100025,110,0,0.0,204.88,grocery,1,10.12,card,5,5.0,mobile,evening,0,1
ORD100026,164,1,0.2021,687.47,electronics,2,8.61,upi,7,7.0,desktop,afternoon,0,0
ORD100027,45,0,0.0,2784.72,electronics,3,45.92,cod,7,7.0,mobile,afternoon,0,0
ORD100028,149,1,0.2262,230.08,grocery,2,33.23,wallet,7,6.0,mobile,morning,0,0
ORD100029,35,1,0.4406,2295.35,electronics,2,8.95,upi,3,4.0,tablet,evening,0,0
ORD100030,412,0,0.0,266.27,fashion,3,5.88,card,4,3.0,tablet,evening,0,1
ORD100031,0,0,0.0,1788.53,home,5,14.94,card,7,13.0,desktop,morning,1,0
ORD100032,133,2,0.1601,1577.36,home,2,21.42,card,5,6.0,mobile,morning,0,0
ORD100033,162,2,0.4984,3796.73,electronics,4,45.77,card,7,6.0,desktop,afternoon,0,0
ORD100034,418,2,0.5723,608.11,fashion,3,50.56,netbanking,2,3.0,desktop,afternoon,0,0
ORD100035,51,1,0.3033,747.33,home,3,32.12,card,1,2.0,mobile,morning,0,1
ORD100036,226,2,0.2337,1481.22,sports,3,57.12,upi,2,1.0,mobile,evening,0,0
ORD100037,391,4,0.3705,2364.58,sports,2,24.29,card,6,5.0,mobile,late_night,0,0
ORD100038,25,1,0.1592,505.83,toys,3,22.68,netbanking,6,5.0,mobile,evening,0,1
ORD100039,385,5,0.3206,565.67,electronics,1,18.39,cod,7,9.0,mobile,morning,0,0
ORD100040,28,0,0.0,534.18,footwear,2,37.67,cod,2,5.0,mobile,evening,0,0
ORD100041,0,0,0.0,2462.17,sports,3,27.65,wallet,2,9.0,tablet,evening,1,0
ORD100042,50,1,0.0555,882.87,toys,4,62.96,card,6,3.0,tablet,morning,0,0
ORD100043,875,2,0.4349,912.13,footwear,3,38.28,card,1,2.0,mobile,evening,0,1
ORD100044,0,0,0.0,1254.52,electronics,4,26.91,card,7,8.0,mobile,evening,1,0
ORD100045,0,0,0.0,1456.86,beauty,3,13.13,upi,5,9.0,mobile,afternoon,1,1
ORD100046,209,0,0.0,213.98,beauty,4,0.94,cod,5,6.0,desktop,afternoon,0,0
ORD100047,114,0,0.0,446.68,beauty,2,31.27,netbanking,6,5.0,mobile,evening,0,0
ORD100048,34,0,0.0,1338.86,sports,6,52.83,upi,3,3.0,desktop,late_night,0,0
ORD100049,323,1,0.502,893.82,fashion,3,15.16,upi,7,8.0,tablet,morning,0,0
ORD100050,20,0,0.0,295.68,toys,4,4.77,cod,1,1.0,mobile,morning,0,0
ORD100051,57,0,0.0,3022.81,electronics,2,13.92,upi,1,1.0,desktop,morning,0,0
ORD100052,0,0,0.0,1340.69,home,3,8.32,netbanking,4,7.0,desktop,morning,1,0
ORD100053,438,2,0.0539,1004.15,home,2,23.34,upi,6,6.0,desktop,afternoon,0,0
ORD100054,753,5,0.347,396.99,grocery,2,7.47,upi,1,4.0,desktop,late_night,0,0
ORD100055,0,0,0.0,1162.77,electronics,3,37.96,card,3,3.0,mobile,late_night,1,0
ORD100056,153,3,0.1634,2431.37,fashion,4,10.46,card,5,7.0,tablet,evening,0,0
ORD100057,12,0,0.0,1330.46,toys,2,11.41,card,3,6.0,desktop,late_night,0,1
ORD100058,278,0,0.0,465.44,footwear,3,40.6,upi,7,7.0,mobile,morning,0,1
ORD100059,913,9,0.2337,658.04,footwear,3,42.73,wallet,4,5.0,desktop,late_night,0,0
ORD100060,704,9,0.3865,1487.09,fashion,1,9.32,card,7,6.0,desktop,morning,0,0
ORD100061,301,1,0.2486,1413.21,home,1,13.15,card,7,6.0,mobile,evening,0,0
ORD100062,48,0,0.0,486.36,beauty,2,21.47,upi,2,2.0,desktop,morning,0,0
ORD100063,101,1,0.1741,447.55,home,2,64.7,upi,4,6.0,desktop,evening,0,0
ORD100064,1521,12,0.2806,360.64,fashion,5,16.31,upi,7,10.0,mobile,evening,0,1
ORD100065,38,0,0.0,553.9,toys,3,56.08,netbanking,3,3.0,desktop,afternoon,0,0
ORD100066,51,1,0.1914,2178.07,fashion,2,7.98,cod,3,2.0,mobile,morning,0,0
ORD100067,511,2,0.3898,2211.16,sports,2,29.14,cod,3,2.0,tablet,evening,0,1
ORD100068,112,1,0.0249,2686.77,electronics,3,34.21,card,4,4.0,mobile,late_night,0,0
ORD100069,49,1,0.1793,761.7,beauty,4,32.37,upi,4,4.0,desktop,morning,0,0
ORD100070,973,6,0.1998,90.96,beauty,5,25.4,upi,6,5.0,mobile,evening,0,0
ORD100071,301,6,0.2434,1123.75,home,1,36.95,card,3,1.0,mobile,evening,0,0
ORD100072,0,0,0.0,651.34,toys,1,43.45,card,4,6.0,mobile,evening,1,1
ORD100073,51,1,0.1349,107.56,grocery,5,20.54,card,7,9.0,mobile,late_night,0,0
ORD100074,1723,11,0.1586,2155.55,beauty,2,33.73,card,5,5.0,mobile,late_night,0,0
ORD100075,176,1,0.1734,939.74,fashion,4,33.18,card,7,8.0,mobile,evening,0,1
ORD100076,843,5,0.2752,672.64,beauty,6,11.53,upi,1,1.0,mobile,morning,0,0
ORD100077,484,4,0.1496,177.93,grocery,2,68.82,cod,2,3.0,tablet,afternoon,0,0
ORD100078,102,4,0.2534,363.66,grocery,4,10.6,card,3,7.0,mobile,morning,0,0
ORD100079,0,0,0.0,1008.43,home,1,42.38,cod,1,2.0,desktop,evening,1,0
ORD100080,889,7,0.5714,6676.19,electronics,4,8.29,cod,1,1.0,tablet,afternoon,0,0
ORD100081,905,11,0.1482,3408.54,electronics,1,14.63,upi,3,2.0,desktop,evening,0,0
ORD100082,0,0,0.0,1995.69,electronics,5,2.24,card,1,5.0,mobile,late_night,1,0
ORD100083,331,4,0.1299,104.58,grocery,1,7.94,card,5,4.0,mobile,afternoon,0,1
ORD100084,158,1,0.0452,125.38,grocery,4,14.78,wallet,6,,desktop,morning,0,0
ORD100085,58,0,0.0,74.69,beauty,3,18.99,upi,2,2.0,mobile,morning,0,0
ORD100086,241,1,0.0969,238.32,grocery,2,33.54,card,7,5.0,desktop,evening,0,0
ORD100087,41,1,0.297,1296.92,home,6,9.1,upi,7,7.0,mobile,late_night,0,0
ORD100088,108,1,0.0444,953.85,home,2,10.36,upi,3,3.0,desktop,evening,0,0
ORD100089,75,1,0.065,827.65,toys,3,33.84,card,6,10.0,mobile,afternoon,0,0
ORD100090,104,2,0.2902,4047.26,home,1,19.68,upi,7,6.0,mobile,afternoon,0,0
ORD100091,167,2,0.1795,889.93,electronics,3,14.57,upi,1,3.0,desktop,morning,0,0
ORD100092,59,0,0.0,886.14,electronics,2,9.93,card,7,7.0,tablet,morning,0,0
ORD100093,1023,15,0.3384,819.64,footwear,4,6.46,card,5,7.0,mobile,afternoon,0,0
ORD100094,311,1,0.3636,251.2,footwear,2,0.32,card,7,12.0,desktop,evening,0,0
ORD100095,1305,17,0.1016,431.56,beauty,2,2.59,upi,6,7.0,tablet,evening,0,0
ORD100096,152,1,0.101,490.05,fashion,6,44.11,upi,6,6.0,mobile,evening,0,1
ORD100097,99,0,0.0,706.48,electronics,5,43.06,upi,7,8.0,mobile,evening,0,0
ORD100098,1254,8,0.2713,180.95,beauty,1,25.67,upi,1,2.0,tablet,afternoon,0,0
ORD100099,0,0,0.0,517.97,footwear,3,6.86,upi,7,8.0,mobile,morning,1,0
ORD100100,0,0,0.0,599.22,sports,3,1.96,card,4,2.0,mobile,evening,1,0
ORD100101,400,2,0.1143,349.63,beauty,1,42.43,upi,2,4.0,desktop,late_night,0,0
ORD100102,46,0,0.0,1150.5,beauty,3,12.74,upi,2,3.0,mobile,afternoon,0,0
ORD100103,0,0,0.0,1871.54,home,1,33.15,card,6,7.0,mobile,evening,1,1
ORD100104,344,4,0.2051,394.61,grocery,2,4.77,cod,6,7.0,desktop,afternoon,0,0
ORD100105,732,8,0.3271,481.21,grocery,1,28.39,card,3,4.0,mobile,morning,0,0
ORD100106,482,6,0.1848,256.63,toys,3,6.91,card,2,3.0,desktop,evening,0,0
ORD100107,757,3,0.4569,1153.46,footwear,4,15.64,netbanking,4,5.0,tablet,morning,0,1
ORD100108,160,2,0.5581,852.1,electronics,3,51.59,wallet,4,5.0,mobile,evening,0,0
ORD100109,0,0,0.0,1358.4,home,4,20.78,cod,1,2.0,desktop,evening,1,1
ORD100110,1846,19,0.1791,6194.82,electronics,3,32.08,wallet,5,5.0,mobile,evening,0,1
ORD100111,33,1,0.2658,1506.71,footwear,3,14.53,card,4,3.0,mobile,late_night,0,1
ORD100112,37,0,0.0,1257.75,fashion,1,56.8,card,7,6.0,mobile,afternoon,0,1
ORD100113,337,4,0.1308,817.8,electronics,3,53.48,card,2,1.0,mobile,afternoon,0,0
ORD100114,1082,8,0.1759,897.57,home,4,14.64,netbanking,1,2.0,mobile,evening,0,0
ORD100115,0,0,0.0,367.92,grocery,2,9.26,netbanking,3,2.0,mobile,afternoon,1,0
ORD100116,544,1,0.2955,945.37,beauty,1,9.41,card,6,8.0,desktop,late_night,0,0
ORD100117,20,0,0.0,1054.88,electronics,1,16.8,wallet,7,,tablet,morning,0,0
ORD100118,104,0,0.0,284.99,grocery,3,22.01,wallet,5,3.0,mobile,afternoon,0,0
ORD100119,23,0,0.0,2140.61,fashion,1,13.56,card,4,4.0,desktop,morning,0,0
ORD100120,427,1,0.6825,1832.95,electronics,3,33.08,card,6,5.0,desktop,afternoon,0,0
ORD100121,33,0,0.0,364.69,electronics,4,35.15,netbanking,2,5.0,mobile,evening,0,0
ORD100122,44,0,0.0,313.37,fashion,1,32.5,wallet,1,2.0,mobile,afternoon,0,0
ORD100123,319,1,0.0383,337.3,toys,4,68.77,cod,2,3.0,tablet,morning,0,0
ORD100124,582,5,0.6075,870.08,electronics,3,16.9,card,5,6.0,mobile,afternoon,0,0
ORD100125,152,0,0.0,2122.9,electronics,3,11.38,card,5,5.0,desktop,evening,0,0
ORD100126,339,8,0.2006,688.73,grocery,1,28.36,card,1,2.0,desktop,afternoon,0,0
ORD100127,327,1,0.5192,2348.6,home,7,1.54,upi,6,7.0,desktop,afternoon,0,0
ORD100128,143,2,0.2393,1439.15,toys,3,20.72,netbanking,2,2.0,mobile,afternoon,0,0
ORD100129,54,0,0.0,307.23,beauty,1,7.4,card,4,2.0,mobile,afternoon,0,0
ORD100130,337,1,0.4224,463.68,toys,1,53.56,card,5,6.0,mobile,evening,0,0
ORD100131,0,0,0.0,290.4,grocery,2,15.33,upi,7,8.0,desktop,evening,1,0
ORD100132,484,3,0.3593,2413.89,grocery,1,6.2,netbanking,6,6.0,mobile,afternoon,0,1
ORD100133,255,2,0.295,1235.44,home,2,34.57,wallet,3,4.0,mobile,evening,0,1
ORD100134,50,1,0.2723,637.23,fashion,5,10.91,card,5,5.0,mobile,afternoon,0,0
ORD100135,387,0,0.0,496.42,home,1,10.39,wallet,2,4.0,mobile,afternoon,0,0
ORD100136,0,0,0.0,2178.53,home,3,41.82,netbanking,1,1.0,desktop,afternoon,1,1
ORD100137,106,2,0.382,325.14,footwear,2,16.63,upi,5,7.0,mobile,morning,0,0
ORD100138,0,0,0.0,931.8,footwear,2,23.47,cod,3,3.0,mobile,evening,1,0
ORD100139,84,0,0.0,1696.5,electronics,2,75.18,upi,5,5.0,tablet,morning,0,0
ORD100140,481,4,0.0124,1413.0,electronics,3,15.67,card,4,5.0,mobile,late_night,0,0
ORD100141,38,1,0.1771,1778.03,beauty,2,8.49,card,4,7.0,mobile,late_night,0,0
ORD100142,0,0,0.0,2624.34,electronics,1,9.6,upi,2,4.0,desktop,late_night,1,0
ORD100143,126,3,0.0535,1436.88,fashion,2,21.68,card,4,3.0,desktop,morning,0,0
ORD100144,1069,9,0.2386,781.71,electronics,3,26.0,upi,7,12.0,mobile,evening,0,0
ORD100145,578,8,0.1134,1600.58,footwear,2,24.09,card,2,2.0,desktop,late_night,0,0
ORD100146,29,0,0.0,1230.28,beauty,2,15.73,cod,7,7.0,mobile,afternoon,0,0
ORD100147,801,5,0.1495,2141.96,electronics,2,15.58,card,7,6.0,mobile,late_night,0,0
ORD100148,799,5,0.2252,336.93,beauty,4,8.77,card,6,12.0,mobile,afternoon,0,1
ORD100149,49,0,0.0,998.15,electronics,1,6.78,card,5,4.0,mobile,evening,0,1
ORD100150,0,0,0.0,465.86,beauty,3,30.83,netbanking,7,6.0,desktop,afternoon,1,0
ORD100151,0,0,0.0,599.41,fashion,3,8.89,upi,5,6.0,desktop,evening,1,0
ORD100152,623,2,0.2821,301.17,beauty,1,29.07,card,3,5.0,mobile,morning,0,0
ORD100153,1043,12,0.0546,959.11,fashion,1,16.88,wallet,6,7.0,mobile,evening,0,0
ORD100154,69,0,0.0,351.93,grocery,3,30.18,upi,2,3.0,mobile,evening,0,0
ORD100155,1245,11,0.2625,409.23,toys,5,3.36,wallet,2,6.0,desktop,evening,0,0
ORD100156,15,1,0.3311,709.89,home,4,21.31,wallet,5,4.0,mobile,evening,0,0
ORD100157,120,1,0.2697,207.36,fashion,3,38.18,cod,2,4.0,desktop,evening,0,1
ORD100158,114,0,0.0,1557.74,electronics,2,22.08,card,6,7.0,tablet,evening,0,0
ORD100159,643,5,0.0368,286.42,fashion,2,42.65,wallet,1,3.0,mobile,afternoon,0,0
ORD100160,756,8,0.3645,520.75,fashion,3,25.42,upi,3,2.0,desktop,morning,0,1
ORD100161,0,0,0.0,561.11,beauty,3,3.68,card,6,8.0,mobile,evening,1,1
ORD100162,41,0,0.0,124.25,beauty,2,23.85,upi,4,4.0,tablet,morning,0,0
ORD100163,468,5,0.0753,370.58,beauty,2,57.45,upi,5,5.0,desktop,afternoon,0,0
ORD100164,317,2,0.1273,865.43,fashion,4,12.55,netbanking,3,6.0,mobile,afternoon,0,0
ORD100165,28,0,0.0,256.47,footwear,3,21.21,netbanking,7,9.0,desktop,evening,0,0
ORD100166,0,0,0.0,1122.16,electronics,4,45.27,cod,3,2.0,desktop,evening,1,0
ORD100167,0,0,0.0,675.26,electronics,5,62.17,upi,2,2.0,desktop,evening,1,0
ORD100168,148,3,0.2956,1374.24,footwear,2,7.64,netbanking,3,5.0,desktop,late_night,0,0
ORD100169,0,0,0.0,335.25,toys,5,27.02,cod,6,6.0,mobile,afternoon,1,0
ORD100170,144,0,0.0,416.54,fashion,5,6.99,netbanking,4,5.0,desktop,evening,0,0
ORD100171,270,2,0.2891,1623.07,home,2,40.7,upi,1,2.0,mobile,late_night,0,1
ORD100172,165,1,0.1054,807.36,sports,4,9.78,card,3,3.0,desktop,afternoon,0,0
ORD100173,0,0,0.0,3423.19,sports,3,13.85,upi,1,1.0,mobile,morning,1,1
ORD100174,1442,13,0.3031,2474.23,electronics,2,33.29,card,6,11.0,mobile,afternoon,0,0
ORD100175,547,3,0.0249,611.17,beauty,3,21.25,wallet,4,3.0,desktop,evening,0,0
ORD100176,125,0,0.0,416.89,grocery,1,24.24,card,1,1.0,mobile,late_night,0,0
ORD100177,0,0,0.0,1836.41,footwear,2,39.25,card,6,5.0,mobile,afternoon,1,0
ORD100178,0,0,0.0,100.71,home,4,15.33,card,5,5.0,mobile,late_night,1,0
ORD100179,52,0,0.0,1555.38,sports,2,8.9,card,6,8.0,desktop,evening,0,0
ORD100180,0,0,0.0,290.95,toys,2,38.54,netbanking,1,1.0,mobile,evening,1,1
ORD100181,0,0,0.0,224.93,toys,7,82.39,upi,4,4.0,mobile,evening,1,0
ORD100182,167,4,0.1955,400.16,beauty,2,34.4,upi,4,5.0,desktop,afternoon,0,0
ORD100183,50,0,0.0,415.76,beauty,2,33.08,cod,6,12.0,mobile,morning,0,0
ORD100184,52,0,0.0,215.86,footwear,3,19.22,netbanking,5,5.0,desktop,afternoon,0,1
ORD100185,1107,5,0.2493,128.03,grocery,1,18.18,cod,7,7.0,desktop,afternoon,0,0
ORD100186,193,2,0.2139,109.38,grocery,2,12.25,cod,4,3.0,tablet,morning,0,0
ORD100187,227,0,0.0,489.74,home,3,30.36,wallet,2,2.0,desktop,evening,0,0
ORD100188,19,0,0.0,732.68,toys,4,42.67,card,5,4.0,mobile,evening,0,0
ORD100189,94,0,0.0,563.34,footwear,1,17.87,cod,4,4.0,desktop,evening,0,1
ORD100190,0,0,0.0,629.28,toys,6,34.31,upi,7,10.0,mobile,late_night,1,0
ORD100191,224,0,0.0,253.39,beauty,1,33.03,upi,5,5.0,desktop,evening,0,0
ORD100192,16,2,0.0944,1719.09,fashion,1,37.53,upi,6,5.0,mobile,afternoon,0,1
ORD100193,0,0,0.0,1228.43,electronics,2,3.85,card,7,7.0,mobile,afternoon,1,0
ORD100194,271,3,0.3933,825.49,beauty,6,6.82,card,5,6.0,desktop,afternoon,0,0
ORD100195,744,4,0.2974,307.32,grocery,1,8.49,upi,1,1.0,mobile,morning,0,0
ORD100196,88,0,0.0,981.23,electronics,2,8.79,card,4,9.0,mobile,evening,0,0
ORD100197,0,0,0.0,3351.91,footwear,3,20.02,netbanking,1,4.0,tablet,late_night,1,1
ORD100198,60,0,0.0,1746.31,footwear,2,56.77,upi,7,9.0,mobile,afternoon,0,0
ORD100199,54,0,0.0,822.71,sports,2,8.51,upi,5,4.0,mobile,evening,0,0
ORD100200,407,1,0.1423,3221.92,electronics,1,21.92,wallet,2,7.0,tablet,afternoon,0,0
ORD100201,0,0,0.0,1672.33,electronics,3,35.67,upi,6,5.0,mobile,afternoon,1,0
ORD100202,110,3,0.3446,607.48,footwear,3,21.79,upi,7,8.0,mobile,evening,0,0
ORD100203,869,10,0.2934,1034.51,electronics,4,10.15,upi,3,2.0,mobile,afternoon,0,0
ORD100204,182,2,0.0783,948.22,sports,2,33.48,card,6,6.0,desktop,late_night,0,0
ORD100205,485,6,0.0917,1098.17,home,1,13.54,netbanking,4,3.0,mobile,afternoon,0,0
ORD100206,29,0,0.0,341.64,grocery,2,3.87,wallet,6,8.0,mobile,afternoon,0,0
ORD100207,31,0,0.0,1435.01,sports,4,40.76,card,4,8.0,mobile,afternoon,0,0
ORD100208,880,6,0.2703,940.17,sports,6,21.94,card,1,1.0,tablet,morning,0,0
ORD100209,202,1,0.1398,206.73,toys,2,25.37,cod,4,2.0,mobile,evening,0,0
ORD100210,203,3,0.2064,680.75,toys,3,38.02,upi,6,6.0,mobile,late_night,0,0
ORD100211,52,0,0.0,263.91,beauty,1,41.22,card,2,1.0,desktop,afternoon,0,0
ORD100212,202,3,0.2765,159.27,toys,2,45.99,cod,5,4.0,mobile,morning,0,1
ORD100213,0,0,0.0,245.28,grocery,2,50.79,card,7,5.0,mobile,evening,1,0
ORD100214,668,9,0.4802,646.01,sports,4,50.34,netbanking,5,5.0,desktop,evening,0,0
ORD100215,3000,19,0.0092,277.96,toys,2,13.35,card,6,5.0,desktop,morning,0,1
ORD100216,308,1,0.2616,344.1,home,1,69.08,cod,5,5.0,desktop,afternoon,0,1
ORD100217,90,0,0.0,782.23,fashion,2,5.25,card,3,2.0,mobile,morning,0,0
ORD100218,0,0,0.0,584.57,sports,1,21.31,netbanking,2,1.0,mobile,morning,1,0
ORD100219,28,0,0.0,443.7,home,5,41.35,cod,5,4.0,desktop,morning,0,0
ORD100220,1002,4,0.1019,1220.16,sports,3,2.99,upi,6,11.0,mobile,morning,0,0
ORD100221,58,0,0.0,1414.62,electronics,5,47.45,card,3,4.0,mobile,evening,0,0
ORD100222,120,1,0.4977,547.58,beauty,3,18.56,card,3,1.0,mobile,evening,0,0
ORD100223,0,0,0.0,444.25,toys,2,8.27,upi,7,6.0,mobile,morning,1,0
ORD100224,925,8,0.1964,816.04,fashion,4,1.62,card,2,4.0,desktop,afternoon,0,0
ORD100225,0,0,0.0,584.45,electronics,3,45.53,cod,5,11.0,mobile,evening,1,1
ORD100226,116,1,0.179,1363.86,toys,1,9.28,card,2,3.0,desktop,morning,0,0
ORD100227,196,5,0.2518,253.0,home,3,27.28,upi,6,7.0,mobile,late_night,0,0
ORD100228,90,1,0.1666,768.87,beauty,3,17.95,upi,7,8.0,desktop,late_night,0,0
ORD100229,96,0,0.0,779.63,home,1,18.41,upi,4,3.0,desktop,late_night,0,0
ORD100230,285,3,0.0075,3895.43,home,2,4.52,card,6,8.0,tablet,morning,0,0
ORD100231,222,1,0.2237,1688.11,electronics,2,24.55,upi,1,7.0,desktop,morning,0,0
ORD100232,0,0,0.0,1480.77,sports,3,26.33,wallet,2,3.0,mobile,evening,1,0
ORD100233,293,0,0.0,66.65,grocery,2,11.33,upi,3,3.0,mobile,afternoon,0,0
ORD100234,0,0,0.0,2207.34,sports,1,16.97,card,6,13.0,mobile,afternoon,1,1
ORD100235,0,0,0.0,691.06,toys,1,18.18,upi,4,4.0,desktop,late_night,1,0
ORD100236,323,1,0.3662,183.76,fashion,5,16.92,upi,4,3.0,mobile,evening,0,0
ORD100237,0,0,0.0,312.25,toys,2,23.85,card,7,8.0,mobile,late_night,1,0
ORD100238,280,0,0.0,516.73,fashion,3,24.42,card,6,8.0,mobile,morning,0,0
ORD100239,386,2,0.2637,1992.96,sports,5,15.15,card,2,1.0,mobile,afternoon,0,0
ORD100240,0,0,0.0,708.04,home,3,19.09,upi,5,5.0,mobile,late_night,1,0
ORD100241,0,0,0.0,666.61,electronics,6,2.82,card,6,5.0,mobile,late_night,1,0
ORD100242,871,11,0.2543,311.71,beauty,3,25.72,upi,5,4.0,mobile,evening,0,0
ORD100243,661,5,0.1413,734.4,toys,3,30.73,cod,1,6.0,mobile,evening,0,1
ORD100244,420,4,0.4185,861.47,sports,3,16.75,cod,5,4.0,mobile,evening,0,0
ORD100245,0,0,0.0,1135.68,footwear,1,38.02,upi,5,5.0,tablet,evening,1,0
ORD100246,37,1,0.0911,51.96,grocery,2,7.24,cod,5,5.0,mobile,afternoon,0,0
ORD100247,818,6,0.2667,2572.44,footwear,2,10.12,upi,4,7.0,desktop,morning,0,0
ORD100248,60,1,0.3105,632.07,fashion,2,48.56,card,4,2.0,desktop,evening,0,1
ORD100249,97,0,0.0,897.08,footwear,3,30.7,upi,6,6.0,mobile,morning,0,0
ORD100250,336,2,0.4052,525.76,grocery,3,14.28,upi,1,1.0,desktop,late_night,0,0
ORD100251,0,0,0.0,1566.15,fashion,4,10.97,upi,5,5.0,desktop,evening,1,1
ORD100252,50,2,0.0735,643.53,grocery,2,14.15,card,1,1.0,desktop,evening,0,0
ORD100253,103,1,0.2368,537.27,sports,2,21.7,netbanking,6,6.0,mobile,evening,0,0
ORD100254,201,1,0.2492,89.34,grocery,2,9.0,card,7,7.0,mobile,afternoon,0,0
ORD100255,147,0,0.0,1025.05,footwear,4,20.53,card,2,2.0,mobile,morning,0,0
ORD100256,0,0,0.0,1167.45,toys,4,30.48,card,7,7.0,mobile,morning,1,1
ORD100257,3000,27,0.3642,411.38,grocery,3,31.33,card,3,3.0,mobile,afternoon,0,0
ORD100258,287,2,0.3469,100.93,beauty,5,28.82,cod,3,3.0,desktop,evening,0,0
ORD100259,80,1,0.4385,3968.83,sports,1,13.63,wallet,4,7.0,desktop,evening,0,0
ORD100260,43,0,0.0,504.09,footwear,3,50.06,card,4,5.0,mobile,evening,0,0
ORD100261,0,0,0.0,1194.41,fashion,3,15.18,upi,1,2.0,mobile,afternoon,1,0
ORD100262,64,0,0.0,191.79,footwear,3,11.12,card,5,3.0,desktop,morning,0,0
ORD100263,303,2,0.043,4462.12,electronics,3,10.62,card,4,5.0,mobile,morning,0,0
ORD100264,0,0,0.0,1467.26,footwear,5,1.54,card,4,4.0,desktop,late_night,1,1
ORD100265,108,1,0.1424,647.18,home,2,37.01,card,5,8.0,tablet,evening,0,0
ORD100266,1609,14,0.3359,1617.93,fashion,5,6.5,netbanking,5,6.0,mobile,evening,0,0
ORD100267,80,1,0.4263,497.83,beauty,2,12.97,card,7,7.0,tablet,morning,0,0
ORD100268,158,2,0.246,1180.93,fashion,4,30.4,upi,4,2.0,desktop,morning,0,0
ORD100269,366,3,0.0336,1550.3,electronics,1,10.22,wallet,7,7.0,mobile,evening,0,0
ORD100270,483,7,0.7051,533.93,home,1,2.86,cod,5,6.0,desktop,evening,0,0
ORD100271,739,6,0.2513,2602.64,footwear,3,3.46,cod,5,4.0,desktop,evening,0,0
ORD100272,290,2,0.3528,1326.5,sports,1,13.13,upi,4,6.0,tablet,afternoon,0,0
ORD100273,575,7,0.4641,249.6,fashion,4,13.39,card,6,11.0,desktop,evening,0,0
ORD100274,87,0,0.0,813.89,footwear,3,41.11,wallet,3,3.0,desktop,evening,0,0
ORD100275,497,0,0.0,2751.37,electronics,4,48.52,upi,1,1.0,desktop,evening,0,0
ORD100276,490,8,0.5587,638.78,grocery,3,33.52,upi,2,4.0,mobile,evening,0,1
ORD100277,957,10,0.2273,3942.02,home,4,52.65,netbanking,1,3.0,mobile,morning,0,0
ORD100278,0,0,0.0,2610.77,electronics,2,10.97,netbanking,3,4.0,mobile,evening,1,0
ORD100279,0,0,0.0,528.69,home,3,19.07,card,4,5.0,desktop,evening,1,0
ORD100280,448,3,0.6402,441.6,toys,4,15.83,upi,1,1.0,desktop,evening,0,0
ORD100281,9,0,0.0,2197.79,home,2,19.9,netbanking,2,3.0,mobile,evening,0,0
ORD100282,311,2,0.1169,451.07,footwear,3,16.16,card,2,4.0,mobile,morning,0,0
ORD100283,581,7,0.5499,848.81,footwear,4,3.4,upi,6,6.0,mobile,afternoon,0,0
ORD100284,96,2,0.52,367.03,toys,4,18.46,card,1,1.0,mobile,afternoon,0,0
ORD100285,112,4,0.1107,589.51,footwear,2,61.98,card,1,1.0,mobile,evening,0,0
ORD100286,55,0,0.0,751.13,home,2,36.05,upi,3,4.0,mobile,evening,0,0
ORD100287,102,1,0.3184,344.79,grocery,1,2.93,card,1,1.0,tablet,late_night,0,0
ORD100288,105,0,0.0,600.57,fashion,4,10.55,card,6,5.0,mobile,morning,0,0
ORD100289,85,0,0.0,213.8,fashion,1,35.54,netbanking,2,1.0,desktop,morning,0,0
ORD100290,0,0,0.0,2257.14,sports,2,22.58,cod,5,7.0,mobile,morning,1,1
ORD100291,134,0,0.0,639.62,grocery,1,18.96,upi,3,5.0,desktop,morning,0,0
ORD100292,0,0,0.0,1105.41,sports,2,7.98,card,2,5.0,mobile,late_night,1,1
ORD100293,1424,9,0.2634,2121.31,home,3,48.59,cod,7,6.0,desktop,morning,0,0
ORD100294,0,0,0.0,1236.17,footwear,3,20.54,cod,4,3.0,desktop,afternoon,1,0
ORD100295,0,0,0.0,1540.98,home,1,30.19,wallet,7,8.0,desktop,evening,1,1
ORD100296,0,0,0.0,369.51,grocery,1,38.02,card,4,6.0,tablet,late_night,1,0
ORD100297,0,0,0.0,750.34,beauty,3,25.93,card,7,8.0,mobile,afternoon,1,0
ORD100298,27,0,0.0,430.08,home,3,36.88,wallet,5,6.0,mobile,afternoon,0,0
ORD100299,32,1,0.1135,703.03,home,4,67.93,card,1,2.0,mobile,evening,0,0
ORD100300,48,0,0.0,265.22,footwear,3,28.74,upi,6,7.0,mobile,evening,0,0
ORD100301,221,1,0.1148,738.36,electronics,1,12.17,card,2,2.0,mobile,evening,0,0
ORD100302,592,3,0.3908,2119.75,home,5,9.76,card,2,7.0,desktop,evening,0,0
ORD100303,25,0,0.0,395.07,grocery,4,50.56,card,3,1.0,mobile,late_night,0,0
ORD100304,0,0,0.0,624.43,home,3,28.36,upi,1,1.0,desktop,evening,1,0
ORD100305,40,0,0.0,449.45,home,1,2.66,upi,4,4.0,desktop,morning,0,1
ORD100306,135,2,0.2125,363.93,sports,2,17.91,cod,4,5.0,mobile,morning,0,0
ORD100307,591,4,0.1871,315.0,footwear,2,49.11,wallet,2,4.0,mobile,morning,0,0
ORD100308,110,0,0.0,190.31,grocery,4,13.76,netbanking,3,3.0,mobile,morning,0,0
ORD100309,172,1,0.3292,90.63,fashion,1,5.85,card,6,8.0,mobile,afternoon,0,0
ORD100310,898,5,0.1215,3181.34,electronics,3,21.06,cod,5,5.0,tablet,afternoon,0,1
ORD100311,299,2,0.582,914.9,footwear,2,9.06,card,1,5.0,mobile,evening,0,1
ORD100312,78,1,0.1211,1181.91,home,3,24.87,card,7,8.0,desktop,evening,0,0
ORD100313,215,0,0.0,1376.19,home,3,14.11,upi,2,4.0,desktop,evening,0,0
ORD100314,72,1,0.3744,1651.73,electronics,4,28.33,card,1,1.0,mobile,morning,0,0
ORD100315,287,1,0.3859,769.35,fashion,1,20.99,card,5,5.0,desktop,morning,0,0
ORD100316,319,5,0.1385,712.86,footwear,3,25.37,card,5,4.0,mobile,evening,0,0
ORD100317,40,1,0.1858,2032.16,footwear,2,48.93,wallet,2,1.0,mobile,afternoon,0,0
ORD100318,219,1,0.1471,467.8,home,6,48.39,upi,1,2.0,desktop,morning,0,0
ORD100319,0,0,0.0,3021.55,electronics,2,39.55,card,2,2.0,desktop,morning,1,1
ORD100320,0,0,0.0,345.17,footwear,3,7.59,netbanking,3,8.0,mobile,late_night,1,1
ORD100321,452,8,0.0866,194.83,beauty,3,17.61,wallet,6,5.0,desktop,morning,0,0
ORD100322,306,2,0.1352,313.6,home,2,10.86,card,2,2.0,mobile,morning,0,1
ORD100323,129,4,0.2057,190.25,footwear,5,21.5,card,3,4.0,tablet,afternoon,0,0
ORD100324,0,0,0.0,788.93,fashion,3,13.91,upi,1,1.0,mobile,afternoon,1,1
ORD100325,69,0,0.0,320.77,fashion,1,43.01,netbanking,3,3.0,desktop,evening,0,1
ORD100326,0,0,0.0,829.36,fashion,2,17.96,netbanking,2,2.0,desktop,evening,1,0
ORD100327,5,1,0.2117,2075.4,fashion,1,16.07,upi,4,3.0,desktop,afternoon,0,0
ORD100328,167,0,0.0,479.11,fashion,4,15.74,wallet,1,1.0,mobile,afternoon,0,0
ORD100329,73,1,0.344,2182.5,electronics,2,11.55,card,3,2.0,mobile,evening,0,0
ORD100330,280,6,0.4921,1814.83,home,3,12.25,card,7,6.0,tablet,morning,0,0
ORD100331,20,0,0.0,1079.67,home,1,20.12,cod,4,4.0,desktop,evening,0,0
ORD100332,88,1,0.1655,561.28,toys,4,23.39,upi,1,1.0,desktop,evening,0,0
ORD100333,0,0,0.0,158.41,toys,3,25.4,card,5,7.0,mobile,afternoon,1,1
ORD100334,58,0,0.0,799.37,footwear,3,15.63,netbanking,2,1.0,tablet,evening,0,0
ORD100335,284,3,0.1449,789.07,toys,2,17.23,upi,2,6.0,mobile,evening,0,0
ORD100336,98,0,0.0,3132.62,home,4,50.09,card,6,7.0,mobile,afternoon,0,1
ORD100337,174,4,0.4711,227.54,grocery,2,30.06,card,5,5.0,mobile,morning,0,0
ORD100338,348,7,0.2022,691.87,grocery,3,13.2,card,2,2.0,desktop,evening,0,0
ORD100339,0,0,0.0,1095.03,electronics,4,12.61,upi,7,8.0,desktop,evening,1,0
ORD100340,200,2,0.3275,3248.35,electronics,3,9.32,netbanking,2,3.0,desktop,afternoon,0,1
ORD100341,0,0,0.0,164.19,grocery,2,4.87,card,2,1.0,desktop,afternoon,1,0
ORD100342,0,0,0.0,561.59,toys,1,20.75,card,5,6.0,mobile,afternoon,1,0
ORD100343,365,3,0.1079,558.11,home,2,46.84,cod,2,9.0,desktop,afternoon,0,0
ORD100344,0,0,0.0,739.14,footwear,2,28.19,card,1,2.0,mobile,morning,1,0
ORD100345,0,0,0.0,442.58,beauty,4,59.07,upi,4,4.0,mobile,evening,1,1
ORD100346,0,0,0.0,313.74,grocery,2,13.42,wallet,2,3.0,desktop,evening,1,1
ORD100347,161,2,0.5232,168.62,grocery,3,11.75,upi,5,5.0,desktop,evening,0,0
ORD100348,59,2,0.2485,1635.41,electronics,3,10.12,wallet,4,6.0,mobile,evening,0,0
ORD100349,23,1,0.3996,934.5,footwear,2,6.34,cod,3,3.0,tablet,late_night,0,0
ORD100350,321,1,0.2264,701.64,home,2,32.62,card,5,4.0,tablet,late_night,0,0
ORD100351,523,4,0.4617,920.1,electronics,1,54.25,card,6,6.0,mobile,morning,0,0
ORD100352,25,0,0.0,1000.17,electronics,1,15.53,upi,6,5.0,mobile,late_night,0,1
ORD100353,272,1,0.0515,882.42,beauty,4,6.94,upi,1,1.0,mobile,afternoon,0,0
ORD100354,596,6,0.2404,1700.25,electronics,2,8.89,upi,6,6.0,mobile,evening,0,0
ORD100355,349,3,0.2297,781.58,grocery,3,16.27,wallet,5,5.0,mobile,evening,0,0
ORD100356,114,3,0.3607,1426.68,electronics,3,29.39,upi,6,9.0,tablet,evening,0,1
ORD100357,0,0,0.0,662.11,footwear,1,52.96,cod,6,6.0,mobile,morning,1,1
ORD100358,198,0,0.0,1284.16,home,2,77.06,card,6,7.0,mobile,morning,0,0
ORD100359,238,2,0.2341,2490.6,electronics,1,0.81,wallet,4,5.0,mobile,evening,0,0
ORD100360,0,0,0.0,4311.6,electronics,3,29.61,card,5,6.0,desktop,afternoon,1,1
ORD100361,148,0,0.0,161.68,footwear,2,12.28,cod,6,5.0,tablet,afternoon,0,1
ORD100362,55,0,0.0,1025.44,footwear,3,2.96,wallet,6,10.0,desktop,morning,0,1
ORD100363,288,1,0.3844,139.5,grocery,2,18.8,card,6,4.0,mobile,evening,0,0
ORD100364,304,0,0.0,269.51,grocery,2,12.89,upi,3,2.0,mobile,afternoon,0,0
ORD100365,226,3,0.272,776.4,electronics,2,24.28,upi,7,6.0,mobile,late_night,0,0
ORD100366,204,3,0.1167,1962.06,electronics,1,36.17,netbanking,2,1.0,desktop,afternoon,0,0
ORD100367,1149,6,0.2032,208.75,beauty,3,30.81,netbanking,4,4.0,tablet,afternoon,0,0
ORD100368,91,0,0.0,116.36,beauty,2,58.88,card,6,6.0,mobile,afternoon,0,0
ORD100369,0,0,0.0,391.58,home,4,2.48,card,4,5.0,mobile,afternoon,1,0
ORD100370,80,0,0.0,651.72,grocery,1,19.4,card,1,3.0,mobile,evening,0,0
ORD100371,613,1,0.2719,2694.68,electronics,2,7.75,card,6,5.0,mobile,afternoon,0,0
ORD100372,703,4,0.1621,1069.17,beauty,2,16.7,upi,1,1.0,tablet,evening,0,0
ORD100373,131,2,0.2159,223.1,home,5,25.42,upi,4,6.0,mobile,afternoon,0,1
ORD100374,1126,7,0.2501,5862.01,electronics,2,31.11,upi,4,2.0,mobile,evening,0,0
ORD100375,303,1,0.1798,3500.66,fashion,3,26.38,netbanking,4,5.0,mobile,evening,0,1
ORD100376,0,0,0.0,352.7,footwear,2,25.69,card,1,3.0,mobile,morning,1,0
ORD100377,120,0,0.0,1144.49,home,4,45.98,netbanking,7,6.0,mobile,evening,0,0
ORD100378,630,10,0.0759,473.24,footwear,2,9.11,card,3,2.0,mobile,late_night,0,0
ORD100379,500,3,0.2011,1643.1,sports,1,6.54,cod,2,3.0,desktop,late_night,0,0
ORD100380,56,2,0.1295,5345.88,electronics,4,27.74,wallet,5,4.0,desktop,evening,0,0
ORD100381,0,0,0.0,332.4,fashion,2,19.62,upi,5,10.0,tablet,evening,1,1
ORD100382,0,0,0.0,379.98,sports,4,22.03,cod,4,2.0,desktop,morning,1,0
ORD100383,103,1,0.3181,428.33,toys,3,19.75,cod,2,6.0,desktop,afternoon,0,1
ORD100384,2424,22,0.1731,9362.26,footwear,2,12.85,netbanking,4,5.0,mobile,evening,0,0
ORD100385,0,0,0.0,794.24,beauty,1,22.82,card,7,7.0,mobile,morning,1,0
ORD100386,169,2,0.3629,417.15,grocery,3,11.58,card,5,6.0,tablet,afternoon,0,0
ORD100387,0,0,0.0,1810.49,home,5,13.78,upi,6,7.0,desktop,morning,1,1
ORD100388,121,1,0.0051,998.3,beauty,4,24.28,upi,5,5.0,mobile,late_night,0,0
ORD100389,0,0,0.0,650.49,toys,4,12.63,upi,7,6.0,mobile,evening,1,0
ORD100390,28,1,0.4002,850.07,home,3,48.2,upi,2,1.0,desktop,afternoon,0,0
ORD100391,110,2,0.4409,588.46,home,1,12.04,card,4,5.0,mobile,afternoon,0,0
ORD100392,574,8,0.1587,342.77,grocery,2,22.12,upi,5,6.0,mobile,evening,0,0
ORD100393,1019,8,0.4089,2128.92,sports,2,2.18,card,6,6.0,mobile,evening,0,0
ORD100394,77,1,0.1506,2041.33,sports,2,4.1,wallet,2,6.0,mobile,afternoon,0,0
ORD100395,68,1,0.1484,300.13,beauty,2,38.87,netbanking,4,4.0,mobile,evening,0,0
ORD100396,0,0,0.0,814.39,home,4,31.31,card,2,2.0,desktop,late_night,1,1
ORD100397,91,0,0.0,190.9,beauty,4,5.87,upi,5,5.0,mobile,afternoon,0,1
ORD100398,134,4,0.1402,1404.07,fashion,2,44.47,upi,5,4.0,desktop,evening,0,1
ORD100399,475,2,0.0861,739.74,toys,3,69.74,card,5,7.0,desktop,evening,0,0
ORD100400,99,0,0.0,546.03,fashion,2,11.52,netbanking,7,8.0,mobile,morning,0,0
ORD100401,0,0,0.0,492.62,fashion,3,10.38,upi,5,5.0,tablet,afternoon,1,0
ORD100402,0,0,0.0,335.58,fashion,4,0.55,upi,7,7.0,desktop,afternoon,1,1
ORD100403,183,3,0.3873,311.49,grocery,2,46.7,cod,1,1.0,mobile,late_night,0,0
ORD100404,0,0,0.0,4818.01,electronics,3,14.64,card,6,6.0,mobile,evening,1,0
ORD100405,0,0,0.0,977.52,electronics,2,4.46,wallet,5,7.0,mobile,late_night,1,0
ORD100406,39,1,0.3331,280.6,footwear,5,2.68,upi,7,6.0,mobile,morning,0,1
ORD100407,0,0,0.0,1038.72,sports,1,12.64,card,1,6.0,mobile,evening,1,1
ORD100408,1961,21,0.3472,2187.55,sports,3,3.05,card,4,3.0,mobile,late_night,0,0
ORD100409,0,0,0.0,1727.32,home,2,38.07,upi,3,2.0,desktop,evening,1,0
ORD100410,240,0,0.0,689.11,grocery,2,18.04,wallet,6,8.0,mobile,morning,0,0
ORD100411,63,1,0.0703,512.21,footwear,2,69.68,card,3,6.0,desktop,evening,0,1
ORD100412,128,1,0.1294,820.99,beauty,2,30.63,netbanking,2,1.0,tablet,evening,0,0
ORD100413,0,0,0.0,858.88,fashion,3,38.08,card,4,4.0,desktop,afternoon,1,0
ORD100414,108,0,0.0,428.17,toys,1,45.03,card,5,5.0,mobile,afternoon,0,0
ORD100415,132,0,0.0,900.29,home,3,5.54,card,5,4.0,desktop,evening,0,0
ORD100416,64,0,0.0,522.12,grocery,1,44.33,upi,2,9.0,desktop,evening,0,0
ORD100417,639,5,0.0726,658.37,beauty,3,14.29,card,7,9.0,mobile,late_night,0,0
ORD100418,5,0,0.0,432.0,grocery,4,30.42,wallet,7,7.0,desktop,afternoon,0,0
ORD100419,0,0,0.0,2706.57,electronics,3,39.51,card,6,7.0,mobile,afternoon,1,1
ORD100420,172,3,0.2243,332.09,beauty,3,0.75,upi,4,3.0,desktop,morning,0,0
ORD100421,87,2,0.1113,174.47,beauty,1,14.81,netbanking,6,7.0,mobile,morning,0,0
ORD100422,468,5,0.213,453.13,footwear,2,14.1,upi,1,3.0,mobile,afternoon,0,0
ORD100423,680,10,0.1098,1364.22,footwear,3,22.15,card,5,5.0,mobile,afternoon,0,0
ORD100424,38,0,0.0,108.47,grocery,3,10.93,card,4,4.0,tablet,morning,0,0
ORD100425,0,0,0.0,740.45,footwear,4,15.37,upi,4,3.0,mobile,morning,1,1
ORD100426,37,0,0.0,489.88,beauty,3,14.89,cod,1,1.0,mobile,evening,0,0
ORD100427,0,0,0.0,1588.71,sports,4,10.58,card,4,5.0,desktop,evening,1,1
ORD100428,213,2,0.2917,693.0,electronics,2,2.93,card,5,2.0,mobile,afternoon,0,0
ORD100429,0,0,0.0,106.33,toys,2,18.85,cod,4,5.0,desktop,evening,1,0
ORD100430,0,0,0.0,591.76,home,2,13.31,card,1,7.0,desktop,afternoon,1,0
ORD100431,174,1,0.2152,653.26,beauty,1,23.89,cod,3,3.0,tablet,evening,0,1
ORD100432,227,1,0.3482,1944.56,footwear,4,11.46,upi,5,6.0,tablet,late_night,0,1
ORD100433,0,0,0.0,598.33,sports,3,38.33,card,1,1.0,mobile,afternoon,1,0
ORD100434,140,1,0.0544,163.43,grocery,2,20.35,netbanking,3,5.0,desktop,afternoon,0,0
ORD100435,77,0,0.0,349.17,grocery,6,45.63,card,1,7.0,desktop,late_night,0,0
ORD100436,47,0,0.0,2215.62,toys,3,4.75,netbanking,7,6.0,mobile,evening,0,0
ORD100437,73,0,0.0,914.44,fashion,1,17.36,card,1,2.0,desktop,evening,0,1
ORD100438,51,0,0.0,962.87,fashion,4,33.59,card,2,1.0,mobile,late_night,0,1
ORD100439,114,3,0.4573,2605.71,fashion,3,6.1,card,4,5.0,mobile,evening,0,0
ORD100440,0,0,0.0,988.68,toys,2,8.18,card,4,4.0,tablet,evening,1,1
ORD100441,207,1,0.1758,578.43,toys,4,36.46,card,2,3.0,mobile,evening,0,0
ORD100442,1590,19,0.2243,771.16,electronics,2,41.26,wallet,4,6.0,mobile,afternoon,0,0
ORD100443,15,1,0.3111,464.15,beauty,2,19.76,wallet,5,4.0,mobile,evening,0,0
ORD100444,303,1,0.2428,853.55,toys,4,15.57,netbanking,4,5.0,tablet,morning,0,0
ORD100445,182,2,0.2241,815.6,electronics,1,38.23,card,6,4.0,mobile,evening,0,0
ORD100446,0,0,0.0,1413.63,footwear,4,10.36,card,4,4.0,desktop,afternoon,1,0
ORD100447,398,5,0.2117,883.89,sports,4,29.26,netbanking,5,,mobile,evening,0,0
ORD100448,151,2,0.0631,633.96,footwear,2,7.67,cod,2,4.0,mobile,morning,0,0
ORD100449,219,2,0.1968,459.75,home,4,6.79,card,5,5.0,desktop,afternoon,0,0
ORD100450,79,0,0.0,564.01,beauty,4,36.08,card,7,6.0,desktop,evening,0,0
ORD100451,0,0,0.0,2727.12,electronics,1,5.33,netbanking,7,11.0,mobile,morning,1,1
ORD100452,22,0,0.0,416.91,home,7,5.85,card,7,8.0,tablet,morning,0,0
ORD100453,426,4,0.2176,422.09,grocery,3,28.56,upi,3,2.0,desktop,morning,0,0
ORD100454,176,3,0.0121,550.43,grocery,2,7.94,card,3,4.0,desktop,morning,0,0
ORD100455,106,1,0.1378,529.93,grocery,3,36.09,wallet,6,6.0,mobile,evening,0,0
ORD100456,0,0,0.0,1985.79,electronics,3,40.17,wallet,2,1.0,mobile,evening,1,1
ORD100457,152,2,0.0812,586.59,footwear,1,2.8,card,7,8.0,desktop,late_night,0,0
ORD100458,0,0,0.0,611.31,footwear,4,10.82,card,1,3.0,desktop,evening,1,0
ORD100459,3000,31,0.2771,332.63,home,1,45.34,netbanking,5,9.0,desktop,morning,0,0
ORD100460,693,9,0.0397,473.26,footwear,3,14.35,netbanking,2,1.0,mobile,afternoon,0,0
ORD100461,97,1,0.027,778.71,sports,2,25.82,upi,7,6.0,tablet,afternoon,0,0
ORD100462,0,0,0.0,292.21,toys,2,47.0,wallet,2,1.0,mobile,morning,1,1
ORD100463,380,3,0.1142,1058.7,sports,4,9.41,netbanking,1,1.0,mobile,evening,0,0
ORD100464,65,0,0.0,2088.4,footwear,3,13.61,netbanking,6,7.0,mobile,afternoon,0,0
ORD100465,45,0,0.0,1419.98,beauty,3,31.85,upi,2,7.0,mobile,late_night,0,0
ORD100466,169,2,0.2436,341.64,toys,3,22.81,cod,3,3.0,desktop,afternoon,0,0
ORD100467,0,0,0.0,3025.37,home,5,8.69,upi,7,7.0,desktop,evening,1,1
ORD100468,30,0,0.0,1947.05,home,1,11.05,netbanking,1,2.0,mobile,evening,0,0
ORD100469,82,2,0.2368,406.19,fashion,3,20.21,upi,2,1.0,mobile,morning,0,0
ORD100470,340,5,0.5498,1353.76,sports,2,20.77,card,6,11.0,mobile,morning,0,0
ORD100471,189,4,0.1626,289.43,grocery,3,9.7,upi,1,5.0,mobile,afternoon,0,0
ORD100472,860,3,0.2022,225.78,sports,2,21.14,card,4,4.0,mobile,afternoon,0,1
ORD100473,38,1,0.4216,300.27,footwear,2,21.5,cod,1,2.0,mobile,morning,0,0
ORD100474,2409,21,0.3281,482.8,grocery,2,38.79,card,4,6.0,mobile,late_night,0,1
ORD100475,33,0,0.0,247.69,footwear,2,33.54,upi,3,2.0,desktop,morning,0,0
ORD100476,19,0,0.0,2336.12,fashion,2,29.32,card,3,3.0,mobile,afternoon,0,1
ORD100477,169,1,0.3368,1925.49,sports,2,8.04,card,4,4.0,desktop,late_night,0,0
ORD100478,52,0,0.0,1066.74,fashion,1,50.0,upi,2,4.0,mobile,morning,0,0
ORD100479,173,0,0.0,148.09,beauty,5,3.64,upi,6,5.0,desktop,late_night,0,0
ORD100480,167,0,0.0,3515.51,electronics,3,35.32,cod,4,3.0,tablet,afternoon,0,0
ORD100481,146,0,0.0,1871.9,sports,2,2.76,upi,2,3.0,tablet,evening,0,0
ORD100482,71,0,0.0,1656.36,home,2,19.79,upi,3,7.0,mobile,morning,0,0
ORD100483,291,2,0.2935,851.77,beauty,2,25.04,card,4,3.0,mobile,evening,0,0
ORD100484,127,0,0.0,997.17,grocery,4,20.01,upi,4,3.0,mobile,afternoon,0,0
ORD100485,610,1,0.4807,1015.5,electronics,1,27.45,upi,4,7.0,mobile,afternoon,0,0
ORD100486,148,1,0.2515,832.22,sports,3,29.92,wallet,6,7.0,desktop,afternoon,0,1
ORD100487,62,0,0.0,356.74,fashion,1,3.16,wallet,7,6.0,mobile,afternoon,0,1
ORD100488,28,1,0.1387,1142.88,fashion,1,10.54,card,7,8.0,desktop,afternoon,0,0
ORD100489,150,6,0.4973,372.5,beauty,4,21.16,card,4,4.0,desktop,evening,0,0
ORD100490,44,0,0.0,346.11,home,4,13.31,netbanking,5,7.0,mobile,late_night,0,0
ORD100491,41,1,0.1703,1782.15,electronics,7,41.72,card,4,5.0,mobile,afternoon,0,0
ORD100492,323,0,0.0,72.17,grocery,3,5.72,card,1,1.0,mobile,late_night,0,1
ORD100493,25,0,0.0,309.29,grocery,4,21.39,card,7,9.0,mobile,evening,0,0
ORD100494,0,0,0.0,560.05,toys,5,16.31,upi,1,2.0,desktop,evening,1,0
ORD100495,216,1,0.3117,538.1,footwear,1,41.99,card,6,14.0,desktop,late_night,0,1
ORD100496,172,1,0.3152,594.07,grocery,5,4.59,card,7,6.0,desktop,evening,0,0
ORD100497,58,0,0.0,124.13,beauty,3,29.06,card,4,8.0,mobile,morning,0,0
ORD100498,420,2,0.3314,549.64,toys,5,19.82,upi,7,6.0,desktop,afternoon,0,0
ORD100499,180,1,0.088,505.91,beauty,3,40.26,upi,4,3.0,desktop,evening,0,0
ORD100500,85,1,0.1838,498.72,toys,2,22.74,card,6,6.0,mobile,afternoon,0,0
ORD100501,0,0,0.0,695.6,grocery,3,8.49,card,7,7.0,tablet,afternoon,1,0
ORD100502,0,0,0.0,608.63,sports,2,11.51,wallet,7,7.0,mobile,morning,1,0
ORD100503,29,1,0.1207,412.55,beauty,2,17.85,upi,2,3.0,mobile,morning,0,0
ORD100504,52,0,0.0,1822.24,electronics,3,8.96,cod,4,4.0,mobile,afternoon,0,0
ORD100505,0,0,0.0,1284.2,electronics,3,41.1,upi,5,6.0,mobile,afternoon,1,1
ORD100506,180,1,0.2718,562.96,electronics,3,24.65,card,2,3.0,desktop,evening,0,0
ORD100507,0,0,0.0,1273.22,beauty,6,3.48,netbanking,7,9.0,desktop,afternoon,1,0
ORD100508,65,0,0.0,976.43,electronics,1,27.05,card,3,2.0,mobile,late_night,0,0
ORD100509,341,4,0.3961,387.21,fashion,2,18.14,upi,6,5.0,mobile,evening,0,1
ORD100510,159,0,0.0,137.53,fashion,3,16.56,upi,3,2.0,desktop,morning,0,1
ORD100511,0,0,0.0,305.97,grocery,3,13.07,wallet,7,8.0,mobile,morning,1,0
ORD100512,276,2,0.3643,1079.21,sports,2,10.33,card,4,,mobile,afternoon,0,0
ORD100513,168,2,0.4447,1591.72,fashion,1,10.82,netbanking,2,1.0,desktop,afternoon,0,0
ORD100514,90,1,0.1617,1300.06,electronics,1,12.66,netbanking,3,1.0,mobile,evening,0,0
ORD100515,189,2,0.3617,1053.49,home,7,34.3,wallet,3,5.0,tablet,afternoon,0,1
ORD100516,157,0,0.0,592.57,grocery,3,58.87,upi,1,1.0,desktop,afternoon,0,0
ORD100517,153,0,0.0,773.62,grocery,1,41.25,upi,5,3.0,mobile,morning,0,0
ORD100518,115,2,0.4468,1241.23,sports,2,37.8,card,6,9.0,desktop,evening,0,0
ORD100519,0,0,0.0,345.07,beauty,4,54.77,card,1,1.0,mobile,morning,1,0
ORD100520,0,0,0.0,3926.57,electronics,3,12.71,cod,3,4.0,mobile,afternoon,1,0
ORD100521,74,0,0.0,1216.67,toys,5,23.67,upi,5,5.0,desktop,evening,0,0
ORD100522,59,2,0.5498,502.86,electronics,3,11.05,upi,4,4.0,mobile,afternoon,0,0
ORD100523,139,2,0.4728,939.11,footwear,5,0.81,card,7,7.0,mobile,evening,0,1
ORD100524,406,2,0.2956,3354.01,electronics,3,11.31,card,3,4.0,mobile,morning,0,0
ORD100525,222,0,0.0,2803.08,electronics,2,39.92,netbanking,3,3.0,desktop,evening,0,0
ORD100526,0,0,0.0,730.25,home,3,10.99,netbanking,1,2.0,desktop,late_night,1,0
ORD100527,0,0,0.0,1209.1,electronics,4,24.34,netbanking,6,6.0,tablet,afternoon,1,0
ORD100528,364,3,0.1761,1350.19,toys,2,33.14,cod,5,6.0,mobile,evening,0,0
ORD100529,12,0,0.0,1134.95,sports,1,26.97,card,2,3.0,mobile,afternoon,0,0
ORD100530,435,6,0.1795,840.84,sports,5,8.29,upi,1,2.0,mobile,afternoon,0,0
ORD100531,23,0,0.0,399.79,beauty,2,0.73,card,4,6.0,desktop,late_night,0,0
ORD100532,38,0,0.0,293.91,grocery,1,0.59,cod,2,2.0,mobile,late_night,0,0
ORD100533,102,1,0.2107,595.62,fashion,1,37.13,upi,5,5.0,mobile,late_night,0,1
ORD100534,1972,16,0.6009,1976.57,home,3,13.6,wallet,6,5.0,mobile,morning,0,0
ORD100535,1147,7,0.1934,599.42,beauty,3,1.61,card,1,3.0,mobile,afternoon,0,0
ORD100536,394,3,0.272,1238.76,sports,1,20.47,netbanking,1,1.0,desktop,afternoon,0,0
ORD100537,268,3,0.5688,575.34,fashion,3,11.9,netbanking,4,8.0,mobile,afternoon,0,1
ORD100538,23,0,0.0,1322.92,home,2,23.57,card,6,9.0,mobile,afternoon,0,1
ORD100539,0,0,0.0,469.2,home,1,23.16,upi,6,7.0,mobile,morning,1,0
ORD100540,0,0,0.0,749.64,fashion,2,27.71,card,1,4.0,desktop,afternoon,1,0
ORD100541,73,0,0.0,306.51,sports,1,13.17,cod,7,8.0,mobile,afternoon,0,0
ORD100542,0,0,0.0,803.49,sports,4,18.46,cod,2,7.0,desktop,afternoon,1,1
ORD100543,0,0,0.0,459.72,fashion,1,12.71,card,3,,mobile,afternoon,1,1
ORD100544,471,3,0.0668,720.56,footwear,5,3.81,card,5,6.0,mobile,evening,0,1
ORD100545,21,1,0.0386,329.88,beauty,6,12.53,card,5,5.0,tablet,evening,0,0
ORD100546,196,2,0.2762,1055.88,footwear,3,20.54,upi,7,6.0,mobile,afternoon,0,1
ORD100547,68,1,0.1199,273.7,beauty,3,29.89,cod,7,8.0,tablet,evening,0,0
ORD100548,115,0,0.0,540.3,grocery,3,15.72,card,3,3.0,desktop,late_night,0,0
ORD100549,253,1,0.2572,5021.99,electronics,4,47.7,cod,6,6.0,mobile,evening,0,0
ORD100550,53,1,0.1669,448.05,sports,1,7.47,card,2,6.0,desktop,morning,0,0
ORD100551,217,0,0.0,1020.64,fashion,3,6.97,netbanking,6,7.0,desktop,late_night,0,0
ORD100552,143,1,0.0865,609.06,footwear,3,16.36,wallet,2,1.0,mobile,morning,0,0
ORD100553,0,0,0.0,565.14,grocery,1,8.08,card,5,4.0,mobile,evening,1,1
ORD100554,108,1,0.3566,412.79,home,1,8.08,netbanking,4,4.0,desktop,morning,0,1
ORD100555,152,2,0.3221,1026.27,beauty,2,23.1,upi,2,1.0,mobile,evening,0,0
ORD100556,77,1,0.4968,678.88,home,3,24.07,netbanking,2,2.0,desktop,afternoon,0,0
ORD100557,182,0,0.0,440.74,toys,4,70.48,upi,4,6.0,mobile,afternoon,0,1
ORD100558,133,0,0.0,1449.84,electronics,2,7.95,cod,1,2.0,desktop,evening,0,0
ORD100559,92,3,0.1428,302.46,fashion,3,30.91,upi,2,1.0,mobile,evening,0,0
ORD100560,1041,8,0.178,765.66,beauty,1,59.2,cod,4,4.0,mobile,morning,0,0
ORD100561,286,3,0.8449,580.8,home,2,45.51,cod,2,3.0,desktop,evening,0,0
ORD100562,0,0,0.0,624.26,beauty,4,3.15,upi,3,3.0,desktop,morning,1,0
ORD100563,212,3,0.0659,613.35,footwear,1,55.2,wallet,4,3.0,tablet,evening,0,1
ORD100564,58,0,0.0,253.65,grocery,3,13.9,wallet,6,7.0,mobile,evening,0,0
ORD100565,112,0,0.0,1334.99,fashion,2,28.85,card,3,2.0,mobile,afternoon,0,0
ORD100566,127,1,0.1149,257.01,footwear,4,28.01,upi,6,6.0,mobile,evening,0,1
ORD100567,45,0,0.0,132.75,fashion,5,4.93,card,4,4.0,mobile,evening,0,1
ORD100568,277,2,0.1726,269.37,beauty,2,45.49,card,1,2.0,mobile,afternoon,0,0
ORD100569,103,0,0.0,274.25,grocery,3,8.85,upi,7,8.0,desktop,afternoon,0,0
ORD100570,122,0,0.0,742.17,home,3,17.63,netbanking,6,5.0,mobile,evening,0,0
ORD100571,0,0,0.0,431.82,footwear,5,1.08,upi,1,1.0,mobile,evening,1,1
ORD100572,3000,29,0.1205,2134.5,fashion,3,13.16,netbanking,5,7.0,desktop,evening,0,1
ORD100573,87,1,0.2274,4068.95,electronics,2,41.77,card,2,1.0,desktop,morning,0,0
ORD100574,0,0,0.0,261.71,electronics,2,17.3,netbanking,2,7.0,tablet,afternoon,1,0
ORD100575,31,0,0.0,550.69,home,2,2.4,wallet,4,3.0,mobile,morning,0,0
ORD100576,0,0,0.0,385.18,grocery,5,49.14,card,2,2.0,mobile,late_night,1,0
ORD100577,788,11,0.2052,1200.11,sports,9,1.24,wallet,5,5.0,mobile,evening,0,0
ORD100578,0,0,0.0,166.89,grocery,2,4.5,upi,4,3.0,mobile,late_night,1,0
ORD100579,740,3,0.3462,4274.27,electronics,2,14.12,upi,5,5.0,desktop,late_night,0,0
ORD100580,409,2,0.0998,348.96,fashion,2,15.17,upi,1,1.0,desktop,afternoon,0,0
ORD100581,147,0,0.0,937.01,sports,2,15.73,netbanking,7,7.0,mobile,morning,0,0
ORD100582,136,0,0.0,417.91,beauty,2,27.34,upi,7,7.0,mobile,afternoon,0,1
ORD100583,221,3,0.338,2004.04,electronics,3,39.5,upi,4,5.0,desktop,morning,0,0
ORD100584,0,0,0.0,638.71,sports,1,16.53,card,6,7.0,mobile,late_night,1,0
ORD100585,280,3,0.27,928.97,fashion,1,27.09,netbanking,1,1.0,tablet,evening,0,0
ORD100586,86,0,0.0,940.99,electronics,5,38.08,card,6,7.0,tablet,afternoon,0,0
ORD100587,149,0,0.0,1113.87,home,3,20.92,card,6,8.0,mobile,evening,0,0
ORD100588,1602,9,0.1992,1130.78,electronics,4,13.12,cod,7,6.0,desktop,late_night,0,0
ORD100589,238,1,0.0598,1753.91,fashion,2,28.24,netbanking,4,4.0,desktop,late_night,0,0
ORD100590,0,0,0.0,556.62,fashion,2,29.42,upi,7,6.0,mobile,morning,1,1
ORD100591,328,4,0.2009,497.71,beauty,7,2.88,netbanking,7,6.0,mobile,evening,0,0
ORD100592,244,1,0.7128,2044.3,sports,1,17.33,card,2,3.0,tablet,morning,0,1
ORD100593,204,1,0.2502,1107.99,sports,2,20.84,card,5,4.0,mobile,afternoon,0,1
ORD100594,486,4,0.1975,1547.72,home,5,25.1,card,4,5.0,tablet,late_night,0,0
ORD100595,399,3,0.1542,126.48,grocery,1,21.14,upi,7,6.0,mobile,afternoon,0,0
ORD100596,242,3,0.0519,1082.14,footwear,1,62.36,netbanking,3,2.0,mobile,evening,0,0
ORD100597,84,0,0.0,255.59,grocery,2,44.58,card,3,1.0,desktop,evening,0,0
ORD100598,0,0,0.0,1606.93,home,2,32.26,card,5,8.0,desktop,afternoon,1,1
ORD100599,168,2,0.2683,618.4,beauty,2,14.89,card,2,3.0,mobile,evening,0,1
ORD100600,129,1,0.3104,954.99,fashion,6,12.54,upi,5,7.0,mobile,afternoon,0,0
ORD100601,3000,27,0.2756,480.78,grocery,5,14.23,card,7,7.0,mobile,morning,0,0
ORD100602,0,0,0.0,1811.54,home,3,15.62,card,5,5.0,desktop,evening,1,0
ORD100603,520,7,0.2023,208.2,home,3,15.38,cod,2,2.0,desktop,late_night,0,0
ORD100604,0,0,0.0,426.94,footwear,3,3.96,card,2,2.0,mobile,afternoon,1,0
ORD100605,0,0,0.0,1669.83,electronics,2,4.6,upi,5,6.0,mobile,afternoon,1,0
ORD100606,0,0,0.0,290.71,fashion,3,15.68,wallet,2,3.0,mobile,afternoon,1,1
ORD100607,62,1,0.5351,1430.59,electronics,3,58.61,wallet,3,3.0,mobile,afternoon,0,0
ORD100608,81,1,0.0609,1942.71,electronics,5,52.13,card,3,4.0,mobile,evening,0,1
ORD100609,177,1,0.0843,889.79,grocery,2,3.37,card,5,7.0,desktop,afternoon,0,0
ORD100610,71,0,0.0,1098.68,fashion,2,29.28,card,7,7.0,mobile,evening,0,0
ORD100611,479,4,0.3242,1219.03,footwear,1,16.26,netbanking,1,1.0,mobile,late_night,0,0
ORD100612,0,0,0.0,305.42,grocery,4,12.97,card,2,3.0,desktop,late_night,1,0
ORD100613,0,0,0.0,131.72,beauty,3,10.79,card,6,8.0,mobile,afternoon,1,0
ORD100614,42,0,0.0,265.98,beauty,2,1.46,card,3,4.0,mobile,afternoon,0,0
ORD100615,24,1,0.4892,211.41,fashion,3,23.21,netbanking,1,1.0,desktop,evening,0,0
ORD100616,140,2,0.3857,654.48,beauty,3,12.68,wallet,6,,mobile,late_night,0,0
ORD100617,32,0,0.0,473.57,beauty,3,6.32,card,2,2.0,desktop,afternoon,0,0
ORD100618,963,8,0.3373,1022.91,home,3,5.57,wallet,7,5.0,desktop,afternoon,0,0
ORD100619,33,0,0.0,1359.59,sports,4,30.74,card,5,5.0,mobile,late_night,0,0
ORD100620,57,0,0.0,1220.82,electronics,3,60.6,wallet,2,1.0,desktop,afternoon,0,0
ORD100621,285,2,0.3261,177.34,beauty,3,9.77,card,6,,mobile,morning,0,1
ORD100622,0,0,0.0,488.26,fashion,4,37.27,upi,1,4.0,desktop,afternoon,1,0
ORD100623,34,0,0.0,2328.21,electronics,6,17.05,card,5,6.0,desktop,afternoon,0,0
ORD100624,0,0,0.0,221.99,footwear,1,14.31,card,1,2.0,mobile,evening,1,1
ORD100625,60,0,0.0,338.24,grocery,2,24.9,netbanking,4,2.0,mobile,afternoon,0,0
ORD100626,0,0,0.0,126.79,grocery,3,15.01,wallet,6,6.0,mobile,afternoon,1,0
ORD100627,144,2,0.0339,778.52,toys,1,27.24,netbanking,3,3.0,mobile,late_night,0,0
ORD100628,395,4,0.3923,300.92,footwear,1,21.14,card,7,12.0,mobile,evening,0,1
ORD100629,0,0,0.0,764.05,beauty,3,1.93,card,1,1.0,desktop,afternoon,1,0
ORD100630,0,0,0.0,331.78,home,1,17.4,card,5,4.0,mobile,afternoon,1,0
ORD100631,0,0,0.0,453.99,home,2,60.3,card,2,1.0,mobile,evening,1,0
ORD100632,141,1,0.291,1180.99,footwear,3,15.62,card,4,6.0,mobile,evening,0,0
ORD100633,413,5,0.2493,260.03,grocery,3,10.08,cod,2,4.0,mobile,afternoon,0,1
ORD100634,50,0,0.0,111.33,beauty,4,2.51,netbanking,1,1.0,desktop,evening,0,0
ORD100635,1668,13,0.1849,844.06,toys,1,49.99,upi,1,2.0,mobile,afternoon,0,1
ORD100636,78,1,0.4719,100.21,beauty,3,8.51,upi,4,5.0,mobile,evening,0,1
ORD100637,179,1,0.1598,259.63,grocery,2,14.74,netbanking,4,3.0,mobile,afternoon,0,0
ORD100638,50,1,0.1769,7220.97,electronics,2,37.35,card,5,5.0,mobile,afternoon,0,0
ORD100639,0,0,0.0,778.23,footwear,5,18.16,cod,5,4.0,mobile,morning,1,1
ORD100640,69,2,0.172,748.78,sports,4,7.84,netbanking,1,1.0,mobile,afternoon,0,0
ORD100641,0,0,0.0,419.33,beauty,2,18.26,card,5,6.0,tablet,late_night,1,0
ORD100642,114,1,0.1242,410.67,home,1,23.04,upi,3,3.0,mobile,afternoon,0,0
ORD100643,61,0,0.0,1078.32,sports,2,30.6,card,5,5.0,mobile,evening,0,0
ORD100644,389,4,0.2712,3354.61,footwear,4,16.13,upi,5,4.0,mobile,evening,0,1
ORD100645,0,0,0.0,218.32,grocery,1,8.52,upi,1,1.0,desktop,afternoon,1,0
ORD100646,67,2,0.2456,416.62,footwear,3,32.64,netbanking,6,7.0,desktop,evening,0,1
ORD100647,117,0,0.0,1229.26,home,1,20.63,cod,6,6.0,mobile,afternoon,0,1
ORD100648,540,4,0.1752,2847.32,electronics,2,13.36,card,5,3.0,desktop,afternoon,0,0
ORD100649,229,1,0.3274,316.2,grocery,6,53.9,upi,6,5.0,mobile,afternoon,0,0
ORD100650,162,2,0.4103,710.48,home,1,26.07,card,1,4.0,mobile,afternoon,0,0
ORD100651,0,0,0.0,2493.51,electronics,4,23.17,upi,7,8.0,mobile,evening,1,0
ORD100652,51,2,0.1374,605.74,electronics,2,15.24,upi,2,1.0,tablet,afternoon,0,0
ORD100653,44,0,0.0,365.54,toys,2,50.25,card,3,3.0,mobile,afternoon,0,0
ORD100654,0,0,0.0,145.74,footwear,5,21.44,cod,4,4.0,mobile,evening,1,0
ORD100655,324,2,0.18,818.16,home,2,14.96,upi,7,9.0,tablet,morning,0,0
ORD100656,0,0,0.0,1455.99,electronics,3,2.29,card,3,4.0,desktop,morning,1,0
ORD100657,97,2,0.0574,1840.92,home,2,48.42,card,1,1.0,mobile,afternoon,0,1
ORD100658,73,2,0.2304,242.6,beauty,2,53.95,upi,1,1.0,desktop,evening,0,0
ORD100659,68,1,0.1063,1064.5,toys,2,12.12,upi,7,8.0,mobile,morning,0,0
ORD100660,300,0,0.0,571.31,fashion,2,22.11,upi,3,2.0,desktop,afternoon,0,0
ORD100661,0,0,0.0,460.05,grocery,3,8.05,cod,3,3.0,mobile,evening,1,0
ORD100662,1788,18,0.1167,1135.53,fashion,3,57.12,netbanking,3,2.0,tablet,evening,0,0
ORD100663,717,6,0.1842,684.14,fashion,4,22.91,netbanking,2,4.0,mobile,evening,0,0
ORD100664,765,9,0.1068,801.77,fashion,1,53.73,card,2,1.0,mobile,afternoon,0,1
ORD100665,379,6,0.273,343.92,toys,2,24.68,upi,4,4.0,mobile,morning,0,0
ORD100666,0,0,0.0,1190.83,toys,2,14.5,wallet,4,10.0,mobile,afternoon,1,0
ORD100667,0,0,0.0,11148.31,electronics,2,10.46,upi,7,7.0,desktop,evening,1,0
ORD100668,123,1,0.065,158.93,beauty,2,19.12,card,1,1.0,mobile,evening,0,0
ORD100669,1089,10,0.2177,693.95,fashion,7,7.81,card,2,2.0,desktop,evening,0,0
ORD100670,282,0,0.0,240.24,grocery,2,29.42,cod,7,6.0,desktop,evening,0,0
ORD100671,241,1,0.1824,1306.29,sports,3,18.79,card,1,1.0,mobile,evening,0,0
ORD100672,0,0,0.0,309.19,sports,3,21.71,upi,3,5.0,desktop,afternoon,1,0
ORD100673,1229,12,0.1483,210.73,beauty,2,15.96,card,3,,mobile,afternoon,0,0
ORD100674,37,2,0.2231,2952.92,home,3,4.56,card,5,5.0,mobile,late_night,0,0
ORD100675,1369,10,0.0635,4712.72,electronics,2,7.58,card,1,7.0,mobile,afternoon,0,1
ORD100676,0,0,0.0,551.08,electronics,2,46.13,card,6,9.0,desktop,evening,1,1
ORD100677,38,0,0.0,2629.47,fashion,4,16.02,upi,6,7.0,desktop,evening,0,1
ORD100678,79,0,0.0,436.85,footwear,4,1.21,card,5,5.0,mobile,late_night,0,0
ORD100679,29,0,0.0,1584.99,home,3,14.08,wallet,5,5.0,mobile,evening,0,1
ORD100680,372,4,0.2906,1566.82,electronics,3,13.37,upi,7,7.0,mobile,morning,0,0
ORD100681,57,0,0.0,353.32,grocery,3,25.43,card,3,4.0,desktop,evening,0,1
ORD100682,218,1,0.0018,328.35,grocery,3,9.63,cod,5,5.0,tablet,evening,0,0
ORD100683,631,4,0.5364,1737.62,home,2,31.99,upi,5,4.0,mobile,late_night,0,0
ORD100684,86,0,0.0,365.22,toys,3,1.21,netbanking,5,4.0,desktop,afternoon,0,0
ORD100685,134,2,0.3119,1104.81,grocery,3,7.19,card,3,3.0,desktop,afternoon,0,0
ORD100686,43,0,0.0,1465.55,fashion,3,14.64,upi,7,7.0,mobile,afternoon,0,0
ORD100687,0,0,0.0,233.9,grocery,2,34.08,card,1,1.0,mobile,late_night,1,0
ORD100688,3000,22,0.2309,542.97,toys,4,54.34,card,4,2.0,mobile,afternoon,0,0
ORD100689,426,3,0.1277,1888.77,electronics,4,12.92,upi,4,4.0,desktop,afternoon,0,0
ORD100690,135,5,0.2641,681.13,home,2,26.64,card,4,4.0,mobile,evening,0,0
ORD100691,0,0,0.0,536.51,fashion,4,7.12,upi,7,13.0,mobile,morning,1,1
ORD100692,172,0,0.0,1323.72,footwear,4,19.29,card,7,7.0,desktop,evening,0,1
ORD100693,209,2,0.0651,1483.43,sports,1,16.75,upi,6,7.0,mobile,late_night,0,0
ORD100694,0,0,0.0,672.88,sports,1,70.69,upi,6,6.0,desktop,evening,1,0
ORD100695,324,1,0.1159,474.72,beauty,1,14.22,card,1,1.0,mobile,afternoon,0,0
ORD100696,63,0,0.0,334.86,fashion,3,21.53,netbanking,5,6.0,desktop,morning,0,0
ORD100697,63,1,0.2249,2230.67,fashion,4,1.79,wallet,2,1.0,mobile,afternoon,0,0
ORD100698,272,1,0.2494,768.37,beauty,2,11.8,wallet,6,6.0,mobile,afternoon,0,0
ORD100699,50,1,0.3657,703.79,footwear,3,12.79,card,4,6.0,tablet,afternoon,0,1
ORD100700,404,1,0.3732,506.09,beauty,1,38.47,card,3,4.0,desktop,afternoon,0,0
ORD100701,178,0,0.0,1184.94,fashion,4,22.62,card,3,6.0,mobile,evening,0,1
ORD100702,24,0,0.0,665.26,sports,4,34.31,cod,7,7.0,mobile,evening,0,0
ORD100703,0,0,0.0,663.85,fashion,3,9.1,cod,4,3.0,desktop,morning,1,0
ORD100704,28,0,0.0,2789.73,electronics,8,1.14,wallet,2,2.0,tablet,afternoon,0,0
ORD100705,388,4,0.1248,286.81,fashion,1,28.06,upi,6,9.0,desktop,morning,0,0
ORD100706,0,0,0.0,2502.05,electronics,5,15.61,card,7,8.0,desktop,evening,1,0
ORD100707,0,0,0.0,9764.58,electronics,4,1.69,upi,5,5.0,desktop,afternoon,1,0
ORD100708,589,3,0.3922,139.62,beauty,5,18.95,upi,5,4.0,desktop,afternoon,0,0
ORD100709,56,0,0.0,978.13,toys,4,30.08,upi,2,4.0,desktop,evening,0,0
ORD100710,0,0,0.0,125.22,grocery,2,35.23,wallet,4,5.0,mobile,morning,1,0
ORD100711,78,1,0.1386,112.12,grocery,3,28.5,card,4,3.0,desktop,morning,0,0
ORD100712,0,0,0.0,727.11,sports,1,13.82,card,1,1.0,mobile,morning,1,0
ORD100713,0,0,0.0,960.44,fashion,2,12.53,upi,2,2.0,tablet,evening,1,1
ORD100714,0,0,0.0,438.01,grocery,4,33.58,card,2,1.0,desktop,morning,1,0
ORD100715,506,8,0.2908,610.11,fashion,2,0.88,card,1,3.0,mobile,morning,0,0
ORD100716,132,2,0.119,208.84,beauty,1,58.76,wallet,3,4.0,desktop,evening,0,0
ORD100717,148,1,0.3853,266.33,grocery,1,21.97,upi,2,2.0,mobile,morning,0,0
ORD100718,174,1,0.1724,123.97,beauty,4,18.19,upi,5,5.0,mobile,evening,0,1
ORD100719,0,0,0.0,1193.51,fashion,2,24.42,upi,5,4.0,mobile,afternoon,1,0
ORD100720,255,1,0.4198,559.05,footwear,4,10.46,upi,2,8.0,tablet,late_night,0,1
ORD100721,56,1,0.2719,1116.97,toys,6,29.42,card,7,5.0,desktop,afternoon,0,0
ORD100722,1080,8,0.3222,483.8,sports,5,39.29,upi,2,1.0,mobile,evening,0,1
ORD100723,0,0,0.0,428.54,grocery,3,57.47,netbanking,3,1.0,tablet,afternoon,1,0
ORD100724,109,1,0.3972,490.0,electronics,3,9.97,card,4,5.0,mobile,afternoon,0,0
ORD100725,8,1,0.3526,1889.97,footwear,3,4.67,card,7,6.0,desktop,afternoon,0,1
ORD100726,364,0,0.0,900.66,fashion,6,13.17,card,4,5.0,mobile,evening,0,0
ORD100727,202,0,0.0,684.57,home,4,2.8,card,1,1.0,desktop,afternoon,0,0
ORD100728,202,2,0.25,1245.7,electronics,7,7.08,upi,7,7.0,desktop,afternoon,0,0
ORD100729,116,0,0.0,589.74,footwear,3,39.76,card,4,4.0,mobile,evening,0,1
ORD100730,96,2,0.2421,440.5,beauty,4,13.5,card,5,4.0,mobile,morning,0,1
ORD100731,120,2,0.4397,240.91,footwear,2,47.69,wallet,6,9.0,mobile,evening,0,0
ORD100732,301,0,0.0,524.86,fashion,3,5.03,netbanking,5,5.0,desktop,afternoon,0,0
ORD100733,366,7,0.39,709.89,home,5,6.88,upi,4,7.0,desktop,morning,0,0
ORD100734,140,1,0.3197,599.56,grocery,9,4.31,card,1,1.0,tablet,morning,0,0
ORD100735,514,3,0.3574,510.51,footwear,5,21.45,card,5,6.0,desktop,afternoon,0,1
ORD100736,166,3,0.254,214.4,beauty,5,18.99,upi,2,4.0,mobile,evening,0,0
ORD100737,104,0,0.0,630.66,fashion,3,58.67,wallet,4,8.0,desktop,evening,0,1
ORD100738,225,2,0.1685,1106.76,footwear,1,17.05,card,5,6.0,tablet,morning,0,1
ORD100739,40,1,0.5481,549.67,toys,2,38.17,netbanking,6,7.0,mobile,evening,0,0
ORD100740,234,3,0.1338,689.21,fashion,1,8.56,cod,5,6.0,mobile,morning,0,0
ORD100741,33,1,0.1862,455.61,beauty,2,9.36,cod,7,5.0,mobile,afternoon,0,1
ORD100742,0,0,0.0,591.58,fashion,3,13.76,card,2,5.0,mobile,afternoon,1,0
ORD100743,19,1,0.3122,596.07,home,2,8.5,card,2,4.0,mobile,evening,0,1
ORD100744,149,1,0.1715,424.15,footwear,4,19.0,upi,7,8.0,mobile,afternoon,0,0
ORD100745,1064,12,0.2339,749.36,footwear,3,49.51,wallet,5,5.0,desktop,afternoon,0,0
ORD100746,159,2,0.3186,1107.32,home,1,20.1,card,5,5.0,desktop,evening,0,0
ORD100747,367,6,0.4682,1000.6,sports,3,1.82,upi,3,3.0,mobile,afternoon,0,0
ORD100748,0,0,0.0,208.77,footwear,2,43.07,upi,5,7.0,tablet,morning,1,1
ORD100749,0,0,0.0,1690.44,home,2,46.06,card,1,1.0,mobile,morning,1,0
ORD100750,78,2,0.253,646.21,electronics,5,12.33,card,2,1.0,mobile,morning,0,0
ORD100751,90,2,0.1144,116.66,grocery,6,19.07,netbanking,6,5.0,tablet,morning,0,0
ORD100752,181,4,0.1578,459.26,sports,4,6.53,upi,3,3.0,mobile,late_night,0,0
ORD100753,90,1,0.1673,1252.28,electronics,5,27.77,card,6,5.0,mobile,evening,0,0
ORD100754,98,4,0.2301,475.53,toys,5,38.09,card,1,1.0,mobile,morning,0,0
ORD100755,535,3,0.1498,1894.19,sports,3,37.14,cod,3,,mobile,late_night,0,1
ORD100756,560,9,0.0951,1030.85,toys,7,26.22,upi,1,1.0,mobile,morning,0,0
ORD100757,0,0,0.0,217.79,footwear,3,17.57,upi,3,3.0,desktop,morning,1,0
ORD100758,73,1,0.3672,83.71,grocery,6,21.01,card,6,6.0,tablet,evening,0,0
ORD100759,108,0,0.0,3580.22,electronics,3,18.84,card,3,2.0,mobile,late_night,0,0
ORD100760,350,2,0.7033,649.39,footwear,2,30.97,cod,1,1.0,mobile,evening,0,1
ORD100761,637,5,0.2303,429.39,home,4,9.02,upi,7,7.0,mobile,late_night,0,0
ORD100762,3000,18,0.1502,1326.36,home,6,26.66,netbanking,4,3.0,mobile,evening,0,0
ORD100763,108,1,0.2097,969.52,beauty,3,13.87,card,7,8.0,mobile,late_night,0,0
ORD100764,0,0,0.0,2262.57,electronics,2,33.29,upi,6,6.0,mobile,morning,1,1
ORD100765,346,1,0.2831,385.01,fashion,4,7.79,card,6,5.0,mobile,evening,0,0
ORD100766,85,3,0.3742,373.65,electronics,4,15.91,card,5,8.0,mobile,morning,0,0
ORD100767,155,1,0.3214,422.93,grocery,4,11.38,card,4,3.0,tablet,late_night,0,0
ORD100768,114,0,0.0,471.35,toys,2,10.42,wallet,7,9.0,desktop,evening,0,0
ORD100769,10,1,0.4946,367.62,fashion,3,14.2,upi,3,,mobile,morning,0,0
ORD100770,207,0,0.0,245.48,footwear,4,16.65,netbanking,6,6.0,desktop,evening,0,0
ORD100771,148,0,0.0,773.31,fashion,4,21.49,card,7,7.0,mobile,late_night,0,0
ORD100772,733,4,0.5956,599.69,home,1,9.84,card,2,2.0,mobile,morning,0,0
ORD100773,0,0,0.0,825.15,footwear,3,48.79,card,2,1.0,tablet,morning,1,1
ORD100774,45,0,0.0,556.22,grocery,3,14.08,card,7,8.0,mobile,evening,0,0
ORD100775,0,0,0.0,319.48,toys,2,22.24,upi,5,4.0,desktop,evening,1,0
ORD100776,18,0,0.0,3886.95,home,2,11.24,card,6,,desktop,evening,0,0
ORD100777,47,0,0.0,815.99,home,1,7.02,cod,7,8.0,desktop,evening,0,0
ORD100778,364,6,0.2506,1494.8,home,1,9.11,upi,4,9.0,mobile,afternoon,0,0
ORD100779,0,0,0.0,507.74,footwear,1,8.4,card,7,4.0,desktop,morning,1,0
ORD100780,500,1,0.1283,442.38,grocery,7,28.33,upi,5,4.0,mobile,late_night,0,0
ORD100781,0,0,0.0,234.52,beauty,4,10.95,wallet,1,2.0,mobile,morning,1,0
ORD100782,138,0,0.0,1046.83,fashion,2,22.91,card,5,5.0,mobile,evening,0,0
ORD100783,107,2,0.214,9662.33,electronics,2,27.88,card,1,1.0,mobile,morning,0,0
ORD100784,0,0,0.0,411.96,home,5,45.56,upi,2,5.0,mobile,morning,1,0
ORD100785,379,4,0.2567,187.47,sports,4,22.73,netbanking,2,1.0,mobile,afternoon,0,0
ORD100786,0,0,0.0,479.48,footwear,2,12.45,wallet,6,6.0,mobile,afternoon,1,1
ORD100787,987,7,0.1687,814.47,fashion,1,20.78,upi,4,7.0,desktop,evening,0,0
ORD100788,0,0,0.0,704.54,fashion,3,5.37,card,7,9.0,tablet,afternoon,1,0
ORD100789,787,8,0.2995,547.08,footwear,1,8.92,netbanking,5,4.0,tablet,evening,0,0
ORD100790,57,0,0.0,935.63,beauty,2,19.12,netbanking,3,3.0,mobile,afternoon,0,0
ORD100791,55,2,0.0367,481.84,fashion,2,34.15,card,2,3.0,mobile,afternoon,0,0
ORD100792,414,2,0.335,1225.29,fashion,2,16.23,upi,3,4.0,desktop,evening,0,0
ORD100793,34,0,0.0,395.02,toys,4,70.15,card,3,3.0,mobile,evening,0,0
ORD100794,340,2,0.2861,353.11,fashion,4,41.32,card,2,2.0,desktop,afternoon,0,0
ORD100795,202,1,0.0349,1836.77,electronics,4,17.05,wallet,2,2.0,desktop,morning,0,0
ORD100796,589,9,0.4889,1904.52,electronics,1,17.84,netbanking,7,6.0,mobile,morning,0,0
ORD100797,169,2,0.2203,1084.86,grocery,6,8.02,card,7,6.0,mobile,late_night,0,0
ORD100798,192,0,0.0,1289.79,sports,1,14.04,card,4,4.0,mobile,morning,0,0
ORD100799,317,0,0.0,357.31,grocery,1,0.76,netbanking,6,5.0,mobile,evening,0,0
ORD100800,87,0,0.0,956.4,home,2,16.48,upi,2,2.0,desktop,late_night,0,0
ORD100801,83,0,0.0,594.9,home,3,24.43,card,2,3.0,desktop,morning,0,0
ORD100802,0,0,0.0,743.6,home,4,12.27,netbanking,6,,desktop,evening,1,0
ORD100803,175,1,0.4285,661.99,sports,5,31.32,card,1,1.0,desktop,morning,0,0
ORD100804,115,0,0.0,1048.66,sports,6,44.83,card,6,8.0,mobile,afternoon,0,0
ORD100805,165,1,0.1843,100.33,grocery,2,2.48,card,6,7.0,desktop,evening,0,0
ORD100806,1047,7,0.2159,153.06,toys,2,53.36,upi,7,9.0,mobile,afternoon,0,0
ORD100807,111,0,0.0,520.14,home,2,58.55,upi,4,3.0,mobile,late_night,0,1
ORD100808,107,1,0.122,480.68,home,3,23.57,netbanking,2,2.0,mobile,evening,0,0
ORD100809,0,0,0.0,360.26,grocery,4,14.87,cod,1,1.0,desktop,morning,1,1
ORD100810,173,3,0.4183,1130.58,electronics,2,16.26,cod,2,5.0,desktop,afternoon,0,0
ORD100811,373,4,0.1632,636.82,beauty,2,9.08,wallet,4,3.0,desktop,late_night,0,0
ORD100812,0,0,0.0,1075.2,electronics,2,7.89,card,2,2.0,desktop,afternoon,1,0
ORD100813,204,2,0.0879,4428.21,sports,2,32.06,card,1,1.0,desktop,afternoon,0,0
ORD100814,518,5,0.1532,1395.44,electronics,1,2.76,card,1,1.0,desktop,late_night,0,0
ORD100815,0,0,0.0,577.83,beauty,1,3.78,upi,1,1.0,desktop,evening,1,1
ORD100816,0,0,0.0,419.02,fashion,4,2.94,card,1,2.0,mobile,late_night,1,0
ORD100817,535,2,0.1566,325.02,beauty,2,36.86,upi,5,9.0,mobile,morning,0,0
ORD100818,1019,7,0.4121,392.89,grocery,1,14.25,card,5,9.0,desktop,evening,0,0
ORD100819,150,0,0.0,512.96,toys,2,35.72,netbanking,4,5.0,desktop,morning,0,0
ORD100820,42,0,0.0,854.63,toys,3,21.37,upi,6,7.0,desktop,afternoon,0,0
ORD100821,376,5,0.2844,1793.64,home,2,28.14,card,3,3.0,tablet,morning,0,0
ORD100822,427,6,0.2797,1861.97,beauty,1,12.36,card,6,4.0,mobile,late_night,0,0
ORD100823,1019,12,0.3864,2791.95,electronics,1,21.68,upi,5,5.0,mobile,evening,0,0
ORD100824,0,0,0.0,979.84,sports,2,5.06,card,1,1.0,tablet,evening,1,1
ORD100825,1540,12,0.2122,330.69,beauty,2,12.75,upi,2,2.0,desktop,evening,0,0
ORD100826,358,2,0.2019,449.38,footwear,4,7.54,upi,6,6.0,desktop,late_night,0,0
ORD100827,233,2,0.39,385.33,toys,3,20.72,card,6,6.0,mobile,afternoon,0,0
ORD100828,0,0,0.0,512.67,beauty,1,53.93,card,5,4.0,desktop,morning,1,1
ORD100829,254,0,0.0,997.38,beauty,4,49.1,cod,2,2.0,mobile,evening,0,1
ORD100830,98,0,0.0,855.21,fashion,2,3.43,card,1,1.0,mobile,evening,0,0
ORD100831,228,1,0.0979,541.42,fashion,4,3.74,wallet,5,5.0,mobile,late_night,0,0
ORD100832,192,6,0.1295,190.36,beauty,2,7.46,upi,4,4.0,desktop,late_night,0,0
ORD100833,304,1,0.3088,423.82,footwear,3,4.1,upi,3,3.0,desktop,late_night,0,0
ORD100834,162,2,0.1646,512.62,beauty,2,16.64,upi,6,5.0,mobile,morning,0,1
ORD100835,507,4,0.105,651.54,beauty,3,57.86,card,3,3.0,desktop,afternoon,0,0
ORD100836,9,2,0.1424,3274.31,electronics,4,38.64,upi,4,3.0,desktop,afternoon,0,0
ORD100837,0,0,0.0,1707.09,home,1,25.14,wallet,3,4.0,desktop,afternoon,1,0
ORD100838,680,5,0.2755,253.55,toys,2,9.55,upi,6,6.0,desktop,evening,0,0
ORD100839,1418,23,0.2552,270.94,beauty,3,1.09,upi,2,3.0,desktop,evening,0,0
ORD100840,405,3,0.3645,3069.96,electronics,2,7.99,card,6,6.0,mobile,afternoon,0,0
ORD100841,0,0,0.0,1826.88,home,2,2.69,netbanking,3,2.0,mobile,evening,1,0
ORD100842,218,4,0.1675,875.82,home,4,25.32,card,3,4.0,mobile,morning,0,0
ORD100843,181,0,0.0,2027.46,fashion,4,49.01,netbanking,2,3.0,mobile,late_night,0,0
ORD100844,324,2,0.1908,3770.22,electronics,4,0.59,card,7,8.0,desktop,evening,0,1
ORD100845,0,0,0.0,1060.95,fashion,1,4.1,upi,5,5.0,mobile,morning,1,1
ORD100846,76,3,0.207,936.71,footwear,1,53.32,card,6,6.0,mobile,late_night,0,0
ORD100847,102,1,0.1291,512.13,electronics,2,7.29,wallet,6,6.0,mobile,late_night,0,1
ORD100848,53,0,0.0,497.24,sports,5,9.77,card,2,2.0,tablet,late_night,0,0
ORD100849,0,0,0.0,412.94,beauty,2,14.24,wallet,3,4.0,mobile,afternoon,1,0
ORD100850,183,0,0.0,5238.32,electronics,3,7.38,card,1,4.0,mobile,morning,0,0
ORD100851,121,1,0.3614,1859.24,footwear,2,37.72,card,3,3.0,mobile,afternoon,0,1
ORD100852,0,0,0.0,1033.24,electronics,2,10.59,card,1,1.0,desktop,morning,1,0
ORD100853,0,0,0.0,3339.09,electronics,3,5.49,wallet,7,7.0,desktop,afternoon,1,0
ORD100854,427,6,0.3234,275.42,toys,3,56.98,card,3,2.0,mobile,morning,0,0
ORD100855,52,0,0.0,141.04,home,3,23.4,card,1,3.0,mobile,evening,0,0
ORD100856,43,1,0.4437,3687.41,sports,1,14.68,card,3,5.0,desktop,morning,0,0
ORD100857,0,0,0.0,355.31,electronics,3,11.09,card,2,,mobile,late_night,1,0
ORD100858,39,0,0.0,90.21,fashion,2,18.38,netbanking,5,5.0,mobile,late_night,0,0
ORD100859,331,4,0.3316,611.21,toys,4,20.96,card,4,3.0,desktop,morning,0,0
ORD100860,1073,6,0.0686,353.06,beauty,2,34.23,wallet,6,5.0,desktop,evening,0,0
ORD100861,1076,11,0.1087,375.37,grocery,4,13.48,card,1,1.0,tablet,afternoon,0,0
ORD100862,0,0,0.0,2424.29,fashion,2,27.09,card,4,5.0,mobile,evening,1,1
ORD100863,395,2,0.4095,3332.11,electronics,1,5.42,netbanking,2,6.0,tablet,evening,0,0
ORD100864,2158,21,0.1011,973.42,fashion,2,21.81,netbanking,2,,mobile,morning,0,0
ORD100865,0,0,0.0,916.97,electronics,5,29.03,wallet,4,4.0,mobile,afternoon,1,0
ORD100866,0,0,0.0,310.54,beauty,1,48.04,card,4,3.0,tablet,morning,1,0
ORD100867,0,0,0.0,440.92,grocery,5,13.75,cod,2,1.0,desktop,afternoon,1,0
ORD100868,125,1,0.3013,705.78,sports,3,48.21,upi,5,6.0,desktop,afternoon,0,0
ORD100869,708,7,0.1077,2960.37,electronics,5,1.07,card,7,12.0,mobile,afternoon,0,0
ORD100870,173,1,0.2976,859.41,footwear,5,37.71,card,6,9.0,mobile,evening,0,1
ORD100871,209,0,0.0,448.36,toys,4,45.19,card,3,4.0,desktop,morning,0,0
ORD100872,0,0,0.0,3708.93,electronics,1,15.34,upi,1,3.0,desktop,afternoon,1,0
ORD100873,102,0,0.0,1425.35,electronics,2,33.47,upi,1,1.0,mobile,evening,0,0
ORD100874,99,1,0.7242,282.28,footwear,1,42.33,upi,4,3.0,tablet,evening,0,1
ORD100875,0,0,0.0,1577.34,fashion,3,14.5,card,2,3.0,mobile,late_night,1,0
ORD100876,77,1,0.3107,738.61,footwear,2,7.3,card,4,3.0,mobile,evening,0,0
ORD100877,517,2,0.0968,628.07,footwear,3,16.9,card,5,6.0,mobile,morning,0,0
ORD100878,371,0,0.0,269.49,grocery,1,33.55,upi,2,2.0,mobile,morning,0,0
ORD100879,607,9,0.4741,295.81,beauty,4,15.76,upi,5,5.0,mobile,afternoon,0,0
ORD100880,52,0,0.0,4130.47,fashion,2,22.67,card,1,1.0,desktop,afternoon,0,0
ORD100881,27,1,0.1129,266.85,fashion,5,29.79,netbanking,2,2.0,mobile,morning,0,0
ORD100882,0,0,0.0,1135.1,home,4,28.98,card,1,3.0,mobile,late_night,1,1
ORD100883,3000,27,0.3282,1019.26,home,2,14.76,card,2,2.0,mobile,afternoon,0,0
ORD100884,729,6,0.0766,774.23,beauty,1,27.28,upi,7,8.0,desktop,late_night,0,0
ORD100885,98,0,0.0,1318.18,electronics,1,40.71,card,7,6.0,desktop,evening,0,0
ORD100886,289,4,0.4272,2100.62,home,3,9.35,card,6,7.0,mobile,morning,0,0
ORD100887,403,5,0.2039,349.3,beauty,4,10.08,upi,6,6.0,mobile,afternoon,0,0
ORD100888,40,0,0.0,468.52,fashion,6,9.31,wallet,7,11.0,desktop,morning,0,0
ORD100889,817,10,0.51,1014.39,sports,1,12.11,card,1,1.0,desktop,evening,0,0
ORD100890,150,0,0.0,1219.46,sports,1,27.95,card,5,4.0,mobile,afternoon,0,0
ORD100891,0,0,0.0,3637.45,electronics,7,17.54,wallet,5,6.0,mobile,evening,1,1
ORD100892,186,5,0.0345,178.28,beauty,3,32.12,card,5,6.0,mobile,afternoon,0,0
ORD100893,638,4,0.1679,3221.25,electronics,3,18.11,card,2,1.0,mobile,afternoon,0,1
ORD100894,78,0,0.0,1026.93,toys,5,25.35,netbanking,4,3.0,desktop,afternoon,0,0
ORD100895,0,0,0.0,1106.83,fashion,2,19.93,card,3,3.0,desktop,late_night,1,0
ORD100896,258,3,0.3265,703.28,footwear,1,53.69,upi,5,5.0,mobile,evening,0,1
ORD100897,19,0,0.0,209.45,grocery,3,55.72,card,5,5.0,tablet,late_night,0,0
ORD100898,130,1,0.0862,1043.2,footwear,2,29.46,card,6,5.0,mobile,afternoon,0,0
ORD100899,668,8,0.254,1126.16,sports,2,6.78,upi,3,4.0,mobile,evening,0,0
ORD100900,342,1,0.2207,182.59,toys,4,13.47,card,1,1.0,desktop,afternoon,0,0
ORD100901,570,2,0.186,975.0,toys,8,10.95,card,4,9.0,desktop,morning,0,0
ORD100902,358,5,0.4375,458.34,footwear,4,14.76,card,4,,mobile,afternoon,0,0
ORD100903,2569,25,0.142,469.69,footwear,6,4.15,cod,4,4.0,tablet,afternoon,0,0
ORD100904,0,0,0.0,623.77,grocery,2,3.05,upi,5,9.0,tablet,evening,1,0
ORD100905,280,3,0.2522,1909.63,electronics,1,41.25,card,7,9.0,mobile,afternoon,0,1
ORD100906,111,2,0.3016,263.32,grocery,2,19.37,netbanking,1,1.0,mobile,afternoon,0,0
ORD100907,519,7,0.5429,341.79,beauty,4,24.16,netbanking,1,1.0,mobile,evening,0,0
ORD100908,169,4,0.32,436.57,toys,1,49.99,upi,2,2.0,mobile,evening,0,1
ORD100909,1200,9,0.1836,289.11,grocery,2,28.88,card,7,8.0,desktop,morning,0,0
ORD100910,101,2,0.2065,1403.09,beauty,2,53.5,netbanking,3,6.0,mobile,afternoon,0,0
ORD100911,0,0,0.0,114.72,beauty,1,2.74,upi,5,8.0,mobile,late_night,1,0
ORD100912,0,0,0.0,1713.82,grocery,4,36.1,card,1,1.0,mobile,evening,1,0
ORD100913,0,0,0.0,4555.82,home,2,29.45,wallet,6,5.0,mobile,evening,1,1
ORD100914,0,0,0.0,685.94,home,1,42.67,upi,2,3.0,mobile,morning,1,0
ORD100915,0,0,0.0,1091.54,sports,2,9.03,card,7,7.0,mobile,evening,1,1
ORD100916,268,0,0.0,335.28,grocery,3,46.63,upi,5,6.0,desktop,evening,0,0
ORD100917,144,2,0.2451,1089.41,toys,5,63.6,card,5,9.0,desktop,evening,0,1
ORD100918,83,0,0.0,486.85,beauty,2,14.54,netbanking,5,5.0,desktop,late_night,0,1
ORD100919,125,3,0.309,2215.77,electronics,7,16.57,netbanking,5,3.0,desktop,morning,0,0
ORD100920,28,1,0.1037,2192.84,sports,4,30.59,upi,4,4.0,desktop,morning,0,1
ORD100921,0,0,0.0,189.94,footwear,6,5.59,card,1,,desktop,late_night,1,0
ORD100922,46,0,0.0,1518.28,electronics,3,44.78,wallet,4,4.0,desktop,morning,0,0
ORD100923,142,1,0.4525,866.13,footwear,1,24.1,card,1,2.0,desktop,evening,0,0
ORD100924,369,4,0.1717,234.99,grocery,1,5.26,card,4,3.0,mobile,evening,0,0
ORD100925,456,1,0.2478,134.51,beauty,1,16.86,wallet,6,,mobile,morning,0,1
ORD100926,25,1,0.0865,455.87,beauty,2,15.99,upi,7,11.0,desktop,evening,0,0
ORD100927,0,0,0.0,201.28,grocery,4,28.82,upi,4,5.0,desktop,late_night,1,0
ORD100928,300,4,0.2406,382.42,toys,1,32.75,upi,3,3.0,mobile,afternoon,0,0
ORD100929,191,2,0.2938,732.28,footwear,2,18.98,wallet,5,4.0,mobile,afternoon,0,0
ORD100930,795,4,0.475,90.32,grocery,1,32.82,card,4,4.0,desktop,afternoon,0,0
ORD100931,73,1,0.0632,722.16,home,2,6.83,wallet,2,1.0,desktop,evening,0,0
ORD100932,19,1,0.4296,320.51,toys,5,21.12,cod,7,7.0,mobile,late_night,0,0
ORD100933,442,3,0.2672,270.03,fashion,3,1.35,card,6,5.0,mobile,evening,0,0
ORD100934,100,1,0.0685,1047.49,footwear,3,20.61,wallet,5,4.0,mobile,afternoon,0,0
ORD100935,26,0,0.0,300.07,footwear,7,12.31,card,1,2.0,mobile,evening,0,1
ORD100936,0,0,0.0,974.39,fashion,3,24.7,upi,7,8.0,tablet,late_night,1,0
ORD100937,701,12,0.1986,818.13,beauty,5,9.57,wallet,6,7.0,mobile,afternoon,0,0
ORD100938,0,0,0.0,272.49,grocery,2,16.04,netbanking,6,6.0,desktop,afternoon,1,0
ORD100939,2367,22,0.0385,1903.7,home,4,60.31,netbanking,6,10.0,mobile,late_night,0,0
ORD100940,72,2,0.378,2612.01,toys,5,23.02,card,7,7.0,desktop,morning,0,0
ORD100941,0,0,0.0,659.73,beauty,5,7.17,upi,2,9.0,desktop,afternoon,1,1
ORD100942,47,1,0.2321,356.47,beauty,3,13.49,card,6,12.0,desktop,late_night,0,1
ORD100943,189,1,0.2643,1683.99,footwear,2,23.71,cod,3,2.0,mobile,morning,0,0
ORD100944,156,0,0.0,246.45,sports,2,13.89,card,3,3.0,tablet,afternoon,0,1
ORD100945,35,2,0.091,4551.26,home,4,51.42,netbanking,4,4.0,desktop,evening,0,0
ORD100946,3000,13,0.1541,1026.14,sports,2,51.52,card,2,2.0,desktop,evening,0,0
ORD100947,0,0,0.0,2064.99,electronics,4,36.25,upi,6,6.0,mobile,late_night,1,1
ORD100948,0,0,0.0,296.08,home,2,13.19,netbanking,1,1.0,mobile,evening,1,0
ORD100949,526,8,0.0988,558.37,grocery,7,18.02,card,2,2.0,desktop,evening,0,0
ORD100950,1333,13,0.1,320.71,grocery,1,47.6,upi,1,1.0,mobile,afternoon,0,0
ORD100951,625,7,0.2263,669.82,footwear,2,23.83,wallet,2,2.0,desktop,evening,0,0
ORD100952,48,0,0.0,618.38,sports,2,18.13,card,5,7.0,mobile,evening,0,0
ORD100953,229,1,0.1053,356.11,fashion,4,17.57,card,1,1.0,mobile,morning,0,1
ORD100954,0,0,0.0,395.06,fashion,5,36.56,upi,1,1.0,desktop,morning,1,0
ORD100955,0,0,0.0,212.44,fashion,2,22.88,cod,7,5.0,mobile,evening,1,1
ORD100956,30,2,0.4542,1016.69,home,4,9.67,card,1,1.0,desktop,morning,0,0
ORD100957,74,0,0.0,1339.3,beauty,6,14.93,upi,3,4.0,mobile,afternoon,0,0
ORD100958,180,1,0.3926,678.72,toys,3,1.18,card,5,6.0,desktop,afternoon,0,1
ORD100959,295,4,0.1397,496.83,home,2,21.2,card,4,3.0,desktop,late_night,0,1
ORD100960,136,0,0.0,369.83,grocery,8,7.72,wallet,4,4.0,mobile,afternoon,0,0
ORD100961,963,8,0.2564,68.88,beauty,2,39.99,card,6,8.0,desktop,afternoon,0,1
ORD100962,401,1,0.1811,5576.78,electronics,2,8.34,wallet,4,6.0,desktop,morning,0,0
ORD100963,368,2,0.1093,298.13,beauty,2,17.73,card,1,1.0,tablet,afternoon,0,0
ORD100964,0,0,0.0,1052.97,footwear,2,22.0,card,7,6.0,mobile,evening,1,1
ORD100965,1175,6,0.0807,282.71,grocery,2,13.7,card,2,6.0,desktop,evening,0,0
ORD100966,0,0,0.0,1325.08,home,2,15.11,wallet,6,5.0,mobile,evening,1,1
ORD100967,1225,7,0.1915,2630.46,toys,3,14.21,netbanking,3,3.0,desktop,late_night,0,0
ORD100968,1676,13,0.3128,378.19,electronics,2,27.23,upi,3,2.0,desktop,evening,0,0
ORD100969,318,3,0.2591,880.84,footwear,1,59.23,card,2,1.0,mobile,evening,0,0
ORD100970,564,2,0.1822,1077.17,home,3,13.84,card,3,4.0,mobile,morning,0,0
ORD100971,6,0,0.0,676.94,home,5,10.34,card,7,7.0,desktop,morning,0,0
ORD100972,146,1,0.4401,1006.28,electronics,5,16.22,card,6,8.0,desktop,evening,0,0
ORD100973,0,0,0.0,860.9,beauty,1,8.65,card,7,6.0,mobile,morning,1,1
ORD100974,501,4,0.1704,1649.67,electronics,3,13.36,upi,2,1.0,tablet,afternoon,0,0
ORD100975,47,1,0.3006,440.91,beauty,5,1.06,cod,7,7.0,desktop,evening,0,0
ORD100976,131,1,0.1127,714.41,home,1,14.94,card,6,8.0,mobile,evening,0,0
ORD100977,11,0,0.0,591.93,fashion,6,11.38,card,6,6.0,mobile,evening,0,1
ORD100978,285,1,0.0975,676.26,beauty,3,5.4,netbanking,4,3.0,mobile,afternoon,0,0
ORD100979,22,0,0.0,2516.83,electronics,4,4.06,upi,5,6.0,mobile,late_night,0,0
ORD100980,0,0,0.0,170.69,grocery,2,22.58,card,3,4.0,mobile,morning,1,0
ORD100981,0,0,0.0,237.83,grocery,5,11.73,wallet,7,7.0,desktop,afternoon,1,0
ORD100982,107,1,0.2154,599.81,grocery,2,11.56,card,6,6.0,desktop,morning,0,0
ORD100983,321,0,0.0,2386.42,footwear,5,6.76,card,7,7.0,tablet,late_night,0,0
ORD100984,142,2,0.3012,955.29,grocery,4,33.77,upi,5,2.0,mobile,evening,0,0
ORD100985,0,0,0.0,1357.16,beauty,2,12.39,card,3,5.0,mobile,late_night,1,1
ORD100986,51,0,0.0,1098.32,sports,4,20.33,upi,6,4.0,mobile,evening,0,0
ORD100987,359,4,0.1181,910.35,beauty,3,8.88,card,7,6.0,mobile,afternoon,0,0
ORD100988,29,1,0.1184,855.28,fashion,3,11.53,upi,7,7.0,mobile,morning,0,0
ORD100989,0,0,0.0,526.04,home,4,7.89,upi,4,4.0,desktop,afternoon,1,0
ORD100990,158,1,0.4256,404.85,beauty,2,18.96,cod,5,10.0,mobile,afternoon,0,1
ORD100991,143,0,0.0,827.6,sports,5,13.61,wallet,4,6.0,tablet,afternoon,0,0
ORD100992,0,0,0.0,3231.5,electronics,2,10.85,cod,7,6.0,desktop,evening,1,1
ORD100993,88,0,0.0,2951.72,electronics,4,49.58,wallet,5,5.0,mobile,afternoon,0,0
ORD100994,0,0,0.0,478.78,toys,4,1.98,netbanking,1,1.0,mobile,evening,1,0
ORD100995,216,3,0.1096,376.33,beauty,2,10.65,upi,3,4.0,mobile,afternoon,0,0
ORD100996,234,0,0.0,547.58,home,4,1.41,upi,6,6.0,mobile,afternoon,0,0
ORD100997,225,6,0.1717,233.74,grocery,2,45.64,upi,7,8.0,mobile,late_night,0,0
ORD100998,0,0,0.0,614.4,fashion,2,28.69,card,3,6.0,desktop,afternoon,1,0
ORD100999,341,6,0.3402,2128.29,electronics,4,13.09,cod,7,8.0,mobile,afternoon,0,0
ORD101000,294,2,0.2087,1830.35,electronics,6,50.38,card,6,8.0,desktop,late_night,0,1
ORD101001,407,4,0.2059,376.9,fashion,2,15.41,upi,1,1.0,desktop,afternoon,0,0
ORD101002,24,0,0.0,679.85,sports,3,10.58,card,6,5.0,mobile,evening,0,1
ORD101003,25,1,0.2406,885.4,sports,5,50.77,card,3,2.0,desktop,evening,0,0
ORD101004,166,1,0.3746,628.86,beauty,1,10.38,upi,1,3.0,mobile,afternoon,0,0
ORD101005,145,2,0.2681,1193.61,electronics,5,45.46,card,1,1.0,desktop,afternoon,0,0
ORD101006,0,0,0.0,158.2,beauty,2,27.54,wallet,5,6.0,mobile,evening,1,1
ORD101007,185,0,0.0,438.24,sports,2,12.74,upi,4,4.0,desktop,afternoon,0,0
ORD101008,343,4,0.1001,643.49,toys,3,1.17,netbanking,4,5.0,desktop,late_night,0,0
ORD101009,46,0,0.0,2340.43,electronics,2,13.63,netbanking,1,3.0,mobile,afternoon,0,0
ORD101010,179,2,0.3999,194.98,grocery,2,37.94,upi,6,9.0,mobile,evening,0,0
ORD101011,41,0,0.0,330.83,fashion,5,3.27,card,2,1.0,mobile,afternoon,0,1
ORD101012,277,2,0.043,165.04,beauty,2,45.26,wallet,5,5.0,desktop,afternoon,0,0
ORD101013,0,0,0.0,284.52,footwear,5,42.92,cod,1,3.0,mobile,afternoon,1,1
ORD101014,265,6,0.1567,224.37,grocery,4,41.18,card,4,4.0,mobile,evening,0,0
ORD101015,36,0,0.0,97.79,grocery,2,3.51,card,4,6.0,mobile,morning,0,0
ORD101016,118,1,0.1484,740.78,fashion,1,30.09,card,6,7.0,mobile,afternoon,0,0
ORD101017,0,0,0.0,1262.18,home,4,15.2,card,1,2.0,desktop,afternoon,1,0
ORD101018,232,0,0.0,339.42,home,3,23.07,card,3,4.0,tablet,evening,0,0
ORD101019,29,0,0.0,463.19,sports,2,18.99,card,3,3.0,desktop,evening,0,0
ORD101020,0,0,0.0,826.56,home,2,67.64,card,3,2.0,desktop,afternoon,1,0
ORD101021,34,1,0.2168,375.05,fashion,4,29.13,card,5,5.0,mobile,evening,0,0
ORD101022,0,0,0.0,336.14,grocery,3,21.14,upi,6,6.0,mobile,evening,1,0
ORD101023,206,3,0.1747,1024.52,toys,3,23.84,upi,5,7.0,mobile,evening,0,1
ORD101024,335,5,0.1952,763.99,home,6,17.93,upi,5,7.0,mobile,evening,0,1
ORD101025,294,4,0.0633,156.2,toys,4,36.27,cod,1,1.0,tablet,evening,0,1
ORD101026,0,0,0.0,1900.81,electronics,1,2.69,upi,3,2.0,desktop,afternoon,1,0
ORD101027,178,2,0.1257,1333.06,electronics,1,4.18,card,5,5.0,mobile,evening,0,1
ORD101028,134,1,0.2959,746.59,toys,1,15.4,card,7,6.0,desktop,afternoon,0,0
ORD101029,55,0,0.0,8606.77,electronics,2,18.09,card,3,3.0,mobile,evening,0,0
ORD101030,111,2,0.0607,488.28,sports,3,5.83,card,1,2.0,desktop,evening,0,0
ORD101031,42,0,0.0,572.16,sports,1,4.22,upi,2,1.0,mobile,afternoon,0,1
ORD101032,71,0,0.0,1078.36,home,5,23.84,card,3,4.0,mobile,evening,0,0
ORD101033,0,0,0.0,538.6,grocery,2,38.64,wallet,2,1.0,mobile,morning,1,0
ORD101034,159,3,0.1093,1226.17,grocery,4,7.39,upi,4,3.0,desktop,evening,0,0
ORD101035,3000,27,0.076,1258.55,electronics,5,80.11,netbanking,6,7.0,mobile,morning,0,0
ORD101036,41,0,0.0,479.46,home,4,32.77,netbanking,3,2.0,mobile,morning,0,0
ORD101037,157,1,0.4585,295.38,toys,5,62.51,upi,6,6.0,desktop,evening,0,1
ORD101038,37,0,0.0,648.98,home,2,42.92,card,5,4.0,desktop,evening,0,0
ORD101039,118,1,0.0846,1421.91,electronics,3,32.93,card,4,6.0,mobile,evening,0,0
ORD101040,123,1,0.0854,745.0,fashion,2,43.67,netbanking,7,7.0,desktop,afternoon,0,1
ORD101041,459,5,0.5034,1728.15,electronics,3,43.93,card,6,6.0,mobile,evening,0,0
ORD101042,110,1,0.4949,360.36,home,4,30.19,upi,6,5.0,mobile,evening,0,0
ORD101043,146,2,0.3288,301.88,home,1,10.89,upi,4,4.0,mobile,afternoon,0,0
ORD101044,112,0,0.0,272.55,grocery,2,44.29,card,2,2.0,mobile,evening,0,0
ORD101045,38,1,0.3862,560.31,sports,3,4.81,card,3,5.0,mobile,late_night,0,0
ORD101046,88,1,0.335,1114.13,electronics,3,0.88,card,3,4.0,tablet,late_night,0,0
ORD101047,119,2,0.0932,544.71,grocery,2,18.5,wallet,7,7.0,tablet,afternoon,0,0
ORD101048,0,0,0.0,698.16,beauty,3,24.38,card,3,4.0,mobile,evening,1,1
ORD101049,335,2,0.3144,398.43,toys,3,55.32,card,5,3.0,tablet,evening,0,0
ORD101050,140,0,0.0,3444.66,electronics,1,31.79,upi,5,5.0,desktop,afternoon,0,0
ORD101051,137,0,0.0,1883.57,home,4,63.08,upi,2,2.0,desktop,evening,0,0
ORD101052,27,0,0.0,4401.81,electronics,3,11.01,card,3,3.0,tablet,afternoon,0,0
ORD101053,328,1,0.0289,874.78,grocery,2,5.75,upi,7,7.0,desktop,late_night,0,0
ORD101054,84,2,0.4999,1464.47,electronics,2,8.79,card,7,6.0,mobile,afternoon,0,1
ORD101055,412,2,0.2737,3674.83,electronics,3,16.48,upi,2,,desktop,morning,0,0
ORD101056,0,0,0.0,712.23,home,3,4.78,netbanking,5,3.0,desktop,evening,1,1
ORD101057,147,2,0.2704,1203.47,toys,3,14.99,upi,3,4.0,mobile,afternoon,0,1
ORD101058,58,1,0.4148,373.63,beauty,2,7.37,wallet,4,5.0,mobile,morning,0,1
ORD101059,177,1,0.2029,893.85,home,2,36.09,upi,6,7.0,tablet,late_night,0,0
ORD101060,0,0,0.0,327.76,fashion,5,30.47,upi,7,9.0,mobile,afternoon,1,1
ORD101061,128,4,0.0855,325.47,fashion,5,36.8,wallet,1,1.0,desktop,evening,0,0
ORD101062,97,1,0.4188,2248.59,electronics,5,45.03,card,3,3.0,mobile,afternoon,0,0
ORD101063,336,2,0.3732,1304.16,fashion,4,17.11,upi,2,1.0,mobile,late_night,0,0
ORD101064,313,2,0.4515,356.31,footwear,2,10.07,netbanking,3,8.0,desktop,evening,0,1
ORD101065,0,0,0.0,2417.21,sports,3,17.01,card,4,5.0,tablet,evening,1,1
ORD101066,29,0,0.0,1718.92,footwear,2,8.59,card,5,4.0,desktop,afternoon,0,1
ORD101067,299,2,0.451,388.42,grocery,4,17.85,wallet,5,5.0,desktop,afternoon,0,0
ORD101068,77,1,0.3237,857.53,beauty,5,31.69,netbanking,6,7.0,mobile,morning,0,0
ORD101069,229,1,0.5591,457.95,fashion,1,28.81,upi,4,4.0,mobile,morning,0,0
ORD101070,0,0,0.0,272.16,footwear,3,35.45,card,7,5.0,mobile,evening,1,0
ORD101071,22,0,0.0,458.79,fashion,1,8.21,upi,1,1.0,mobile,morning,0,0
ORD101072,198,2,0.4409,1520.9,fashion,1,7.68,card,1,1.0,mobile,late_night,0,0
ORD101073,0,0,0.0,1245.91,toys,4,36.83,upi,7,7.0,mobile,morning,1,0
ORD101074,0,0,0.0,417.46,sports,2,4.0,card,1,2.0,mobile,late_night,1,0
ORD101075,206,1,0.3274,413.11,sports,1,30.83,card,6,5.0,tablet,morning,0,0
ORD101076,20,1,0.2135,906.14,electronics,4,30.51,card,1,3.0,mobile,morning,0,0
ORD101077,738,8,0.3264,170.35,fashion,5,18.83,card,4,4.0,mobile,afternoon,0,1
ORD101078,284,3,0.3572,191.77,grocery,3,4.73,upi,7,7.0,mobile,evening,0,0
ORD101079,48,1,0.0925,2368.69,electronics,3,14.35,card,7,9.0,desktop,evening,0,0
ORD101080,76,0,0.0,89.67,footwear,1,3.86,upi,5,5.0,mobile,evening,0,0
ORD101081,0,0,0.0,836.54,home,3,0.83,upi,2,1.0,mobile,afternoon,1,1
ORD101082,0,0,0.0,1783.58,fashion,5,18.53,netbanking,5,4.0,mobile,late_night,1,1
ORD101083,0,0,0.0,1251.98,fashion,1,4.63,card,1,2.0,mobile,morning,1,0
ORD101084,0,0,0.0,1165.33,home,8,25.1,wallet,3,3.0,mobile,morning,1,0
ORD101085,25,0,0.0,475.71,beauty,3,28.33,upi,5,3.0,mobile,afternoon,0,1
ORD101086,57,0,0.0,975.16,beauty,2,24.28,card,5,4.0,mobile,afternoon,0,0
ORD101087,18,0,0.0,941.69,fashion,2,10.98,card,1,2.0,mobile,morning,0,0
ORD101088,67,0,0.0,546.11,fashion,1,16.81,upi,7,6.0,desktop,afternoon,0,0
ORD101089,952,10,0.0753,1415.15,footwear,2,5.96,upi,3,3.0,mobile,afternoon,0,1
ORD101090,1743,13,0.2953,650.56,electronics,5,23.86,card,4,7.0,mobile,morning,0,0
ORD101091,234,0,0.0,512.36,grocery,4,9.45,card,4,4.0,desktop,evening,0,0
ORD101092,89,0,0.0,970.88,fashion,4,8.17,upi,7,6.0,desktop,evening,0,0
ORD101093,142,1,0.0494,845.79,footwear,2,40.77,card,1,1.0,desktop,afternoon,0,1
ORD101094,305,5,0.0789,314.01,grocery,4,12.94,card,1,6.0,mobile,morning,0,1
ORD101095,32,1,0.2528,5489.2,electronics,1,7.28,cod,3,4.0,mobile,morning,0,0
ORD101096,96,1,0.1976,1882.68,home,2,32.95,card,4,6.0,desktop,late_night,0,0
ORD101097,0,0,0.0,1729.37,fashion,2,4.4,upi,3,4.0,mobile,late_night,1,0
ORD101098,0,0,0.0,2378.84,electronics,2,32.39,upi,1,2.0,mobile,morning,1,0
ORD101099,79,0,0.0,3777.95,electronics,3,0.12,upi,1,2.0,mobile,evening,0,0
ORD101100,183,1,0.0475,1309.2,sports,6,27.72,cod,1,3.0,mobile,afternoon,0,0
ORD101101,247,3,0.1521,798.31,home,2,29.7,upi,4,3.0,mobile,late_night,0,0
ORD101102,0,0,0.0,1149.86,fashion,1,8.08,card,4,1.0,desktop,evening,1,0
ORD101103,0,0,0.0,244.33,grocery,4,9.39,card,5,3.0,mobile,morning,1,0
ORD101104,353,3,0.0525,2182.98,sports,3,32.13,netbanking,6,5.0,tablet,afternoon,0,0
ORD101105,1568,13,0.1998,283.86,fashion,1,31.56,card,1,1.0,mobile,afternoon,0,0
ORD101106,157,3,0.1398,742.8,home,2,17.22,wallet,5,6.0,mobile,late_night,0,1
ORD101107,173,0,0.0,1053.14,electronics,3,36.29,card,4,3.0,desktop,evening,0,0
ORD101108,0,0,0.0,2269.51,beauty,2,16.77,card,3,4.0,mobile,afternoon,1,0
ORD101109,99,2,0.3068,420.4,fashion,4,20.85,netbanking,2,1.0,desktop,late_night,0,0
ORD101110,42,0,0.0,638.57,fashion,2,4.98,card,7,7.0,mobile,morning,0,1
ORD101111,238,1,0.2185,208.92,home,3,42.78,netbanking,3,4.0,desktop,evening,0,0
ORD101112,592,3,0.2925,2937.58,home,3,17.33,netbanking,5,6.0,desktop,afternoon,0,0
ORD101113,0,0,0.0,167.33,grocery,2,29.09,netbanking,6,6.0,mobile,evening,1,0
ORD101114,0,0,0.0,844.97,grocery,5,47.78,card,6,11.0,mobile,afternoon,1,0
ORD101115,36,0,0.0,248.84,toys,3,17.02,upi,4,3.0,mobile,morning,0,0
ORD101116,169,3,0.2848,149.31,grocery,2,19.46,upi,1,1.0,mobile,afternoon,0,0
ORD101117,0,0,0.0,1716.41,sports,5,5.07,card,2,3.0,mobile,evening,1,0
ORD101118,46,0,0.0,149.97,beauty,1,44.38,netbanking,3,2.0,desktop,morning,0,0
ORD101119,0,0,0.0,398.78,grocery,4,14.52,upi,1,5.0,mobile,evening,1,0
ORD101120,118,1,0.2304,562.78,sports,1,18.44,card,4,4.0,mobile,evening,0,0
ORD101121,84,0,0.0,4011.61,home,5,19.77,card,7,7.0,mobile,morning,0,0
ORD101122,0,0,0.0,2350.01,fashion,2,13.09,card,4,6.0,desktop,late_night,1,0
ORD101123,295,1,0.1024,1255.21,toys,4,1.91,card,2,1.0,tablet,afternoon,0,0
ORD101124,291,2,0.2957,3398.29,fashion,2,58.06,cod,4,5.0,mobile,afternoon,0,1
ORD101125,61,0,0.0,1100.88,electronics,4,9.13,upi,1,2.0,desktop,late_night,0,0
ORD101126,29,0,0.0,510.59,grocery,3,15.1,upi,7,10.0,desktop,late_night,0,1
ORD101127,241,3,0.2814,381.49,footwear,2,13.05,upi,3,4.0,mobile,afternoon,0,1
ORD101128,103,1,0.2638,1363.82,footwear,2,17.45,upi,7,9.0,desktop,afternoon,0,0
ORD101129,0,0,0.0,657.09,toys,2,31.88,upi,7,7.0,mobile,morning,1,0
ORD101130,0,0,0.0,716.99,electronics,5,56.55,netbanking,6,6.0,desktop,afternoon,1,0
ORD101131,1619,13,0.1034,851.8,home,2,67.12,netbanking,4,6.0,mobile,morning,0,0
ORD101132,64,1,0.0686,790.93,footwear,3,20.56,upi,6,7.0,desktop,evening,0,1
ORD101133,339,4,0.2323,1779.65,electronics,3,9.65,card,1,1.0,desktop,evening,0,0
ORD101134,0,0,0.0,1036.16,grocery,2,15.81,netbanking,6,6.0,mobile,morning,1,0
ORD101135,417,3,0.3169,244.79,toys,3,25.9,upi,5,5.0,mobile,late_night,0,0
ORD101136,122,1,0.3001,551.06,home,4,13.21,card,7,9.0,mobile,morning,0,0
ORD101137,740,7,0.5128,110.73,home,3,14.62,upi,5,4.0,mobile,evening,0,1
ORD101138,181,3,0.2499,708.12,beauty,4,23.54,card,5,8.0,mobile,afternoon,0,0
ORD101139,208,1,0.1728,3002.82,electronics,3,64.09,upi,1,1.0,desktop,afternoon,0,0
ORD101140,33,0,0.0,545.39,grocery,3,13.84,upi,7,7.0,desktop,evening,0,0
ORD101141,0,0,0.0,931.23,sports,5,3.84,upi,1,2.0,desktop,evening,1,0
ORD101142,0,0,0.0,438.69,footwear,4,42.6,netbanking,2,5.0,mobile,afternoon,1,1
ORD101143,0,0,0.0,733.02,electronics,5,5.38,card,2,1.0,mobile,afternoon,1,0
ORD101144,234,1,0.1231,982.28,fashion,3,9.28,upi,3,6.0,mobile,afternoon,0,0
ORD101145,221,1,0.355,371.56,fashion,3,10.4,upi,4,3.0,desktop,evening,0,0
ORD101146,172,2,0.0589,136.7,beauty,1,28.15,upi,3,3.0,mobile,morning,0,0
ORD101147,0,0,0.0,3496.29,electronics,4,16.78,cod,7,8.0,desktop,afternoon,1,1
ORD101148,145,2,0.3489,569.22,footwear,3,36.15,wallet,6,6.0,desktop,late_night,0,0
ORD101149,0,0,0.0,1904.04,electronics,3,7.14,wallet,5,4.0,desktop,evening,1,0
ORD101150,338,3,0.4021,27.4,grocery,3,35.56,card,4,3.0,mobile,late_night,0,0
ORD101151,0,0,0.0,1641.3,electronics,2,40.28,card,6,6.0,desktop,morning,1,0
ORD101152,42,0,0.0,747.97,home,2,15.66,netbanking,2,4.0,desktop,late_night,0,0
ORD101153,58,0,0.0,1080.72,grocery,2,39.84,netbanking,5,7.0,desktop,evening,0,0
ORD101154,247,3,0.1972,556.38,fashion,2,35.29,upi,2,2.0,mobile,late_night,0,0
ORD101155,163,0,0.0,88.13,footwear,3,21.84,upi,7,6.0,mobile,afternoon,0,1
ORD101156,17,1,0.281,745.59,home,4,15.61,wallet,4,8.0,desktop,morning,0,0
ORD101157,118,1,0.5135,1699.35,electronics,2,8.51,wallet,7,7.0,mobile,evening,0,1
ORD101158,655,7,0.2846,2399.75,sports,5,17.93,upi,3,4.0,mobile,afternoon,0,0
ORD101159,110,3,0.177,639.4,fashion,5,51.18,upi,1,1.0,tablet,afternoon,0,1
ORD101160,151,1,0.1018,1239.33,electronics,4,24.29,upi,3,3.0,desktop,morning,0,1
ORD101161,570,7,0.0812,595.12,fashion,2,4.55,card,3,3.0,mobile,morning,0,0
ORD101162,0,0,0.0,5204.8,fashion,4,4.3,card,7,6.0,desktop,late_night,1,1
ORD101163,557,6,0.3267,954.89,fashion,4,25.29,card,2,3.0,mobile,late_night,0,0
ORD101164,8,0,0.0,1368.21,electronics,3,46.99,netbanking,6,6.0,desktop,late_night,0,0
ORD101165,0,0,0.0,3534.23,electronics,5,21.09,card,1,1.0,mobile,morning,1,0
ORD101166,0,0,0.0,732.95,electronics,4,54.81,wallet,2,2.0,mobile,evening,1,0
ORD101167,2717,31,0.288,972.47,electronics,4,31.51,upi,2,1.0,mobile,morning,0,0
ORD101168,0,0,0.0,441.97,fashion,1,18.51,upi,1,1.0,mobile,afternoon,1,1
ORD101169,26,0,0.0,119.58,beauty,4,13.02,card,2,6.0,desktop,evening,0,0
ORD101170,182,3,0.0997,3495.11,electronics,2,28.7,card,3,4.0,desktop,afternoon,0,0
ORD101171,133,0,0.0,491.32,home,2,48.6,wallet,7,7.0,mobile,late_night,0,1
ORD101172,372,3,0.4165,322.27,grocery,1,12.16,cod,3,4.0,mobile,morning,0,0
ORD101173,591,7,0.4189,625.64,sports,1,24.28,card,6,6.0,desktop,afternoon,0,0
ORD101174,164,2,0.3201,654.92,toys,4,30.93,wallet,6,6.0,mobile,afternoon,0,1
ORD101175,139,2,0.1714,6959.33,electronics,1,23.86,cod,2,3.0,desktop,afternoon,0,0
ORD101176,322,3,0.3977,563.27,footwear,3,13.0,card,5,11.0,mobile,morning,0,0
ORD101177,136,2,0.1125,615.65,home,1,21.91,upi,2,1.0,mobile,evening,0,0
ORD101178,124,1,0.1648,200.73,toys,2,34.9,card,7,,desktop,morning,0,0
ORD101179,567,5,0.3788,236.59,grocery,2,9.29,card,3,5.0,desktop,morning,0,0
ORD101180,724,4,0.4007,212.87,home,1,11.08,upi,5,4.0,mobile,evening,0,0
ORD101181,597,2,0.1632,868.39,grocery,3,11.0,netbanking,5,5.0,mobile,late_night,0,0
ORD101182,150,1,0.0788,449.66,footwear,4,42.01,upi,7,8.0,mobile,late_night,0,0
ORD101183,17,0,0.0,324.7,fashion,3,16.0,upi,5,10.0,desktop,afternoon,0,0
ORD101184,154,2,0.2215,829.22,sports,2,31.56,cod,1,1.0,mobile,evening,0,0
ORD101185,0,0,0.0,1543.1,sports,2,14.77,card,1,4.0,desktop,afternoon,1,1
ORD101186,157,0,0.0,242.51,grocery,5,16.72,cod,7,9.0,desktop,morning,0,0
ORD101187,0,0,0.0,3878.48,electronics,3,42.99,upi,4,4.0,mobile,afternoon,1,0
ORD101188,177,2,0.1857,468.92,fashion,2,16.54,cod,1,3.0,mobile,late_night,0,1
ORD101189,57,0,0.0,364.9,fashion,1,19.83,wallet,2,1.0,desktop,afternoon,0,0
ORD101190,44,2,0.4469,629.69,fashion,3,34.08,card,5,4.0,mobile,afternoon,0,1
ORD101191,695,11,0.2919,1491.51,electronics,3,43.59,upi,3,4.0,desktop,afternoon,0,0
ORD101192,0,0,0.0,1462.37,footwear,1,64.73,upi,4,3.0,desktop,evening,1,1
ORD101193,0,0,0.0,1349.26,footwear,7,13.95,card,5,10.0,mobile,late_night,1,1
ORD101194,0,0,0.0,359.47,toys,5,5.19,card,7,,tablet,afternoon,1,0
ORD101195,495,4,0.0575,225.21,footwear,3,23.11,upi,6,,tablet,afternoon,0,0
ORD101196,434,3,0.2481,1026.61,fashion,2,11.45,upi,5,6.0,mobile,evening,0,0
ORD101197,252,1,0.1081,671.18,electronics,3,32.92,card,1,1.0,mobile,afternoon,0,0
ORD101198,401,1,0.2828,270.79,grocery,5,22.14,wallet,7,7.0,mobile,evening,0,0
ORD101199,820,8,0.3525,1280.15,home,5,14.88,upi,6,7.0,mobile,evening,0,0
ORD101200,289,7,0.093,1732.66,beauty,4,18.74,card,2,1.0,mobile,evening,0,0
ORD101201,24,0,0.0,2281.47,beauty,3,7.34,wallet,4,4.0,mobile,morning,0,1
ORD101202,0,0,0.0,901.36,fashion,4,40.4,wallet,3,2.0,mobile,evening,1,1
ORD101203,389,2,0.2063,65.99,grocery,4,7.29,card,4,5.0,mobile,afternoon,0,0
ORD101204,90,3,0.0895,284.2,fashion,3,18.96,upi,6,6.0,tablet,late_night,0,0
ORD101205,1077,9,0.1482,259.74,grocery,5,5.74,upi,5,3.0,mobile,late_night,0,0
ORD101206,169,2,0.1465,730.09,sports,4,13.18,card,7,,desktop,morning,0,0
ORD101207,199,1,0.0051,719.46,fashion,4,12.34,upi,5,6.0,mobile,afternoon,0,0
ORD101208,624,6,0.3139,728.64,fashion,2,3.42,card,4,7.0,tablet,evening,0,0
ORD101209,148,2,0.0628,389.85,sports,4,51.82,card,1,1.0,desktop,morning,0,1
ORD101210,220,1,0.1157,1497.91,sports,2,19.43,upi,7,7.0,mobile,morning,0,0
ORD101211,0,0,0.0,442.79,home,3,31.63,card,2,2.0,mobile,evening,1,0
ORD101212,35,0,0.0,745.08,fashion,3,40.62,upi,3,2.0,desktop,afternoon,0,1
ORD101213,132,1,0.0228,1717.85,beauty,2,9.61,card,4,5.0,mobile,afternoon,0,0
ORD101214,451,4,0.3505,418.36,home,1,59.54,card,7,9.0,desktop,afternoon,0,0
ORD101215,194,2,0.0792,1889.06,electronics,1,9.83,card,7,7.0,desktop,morning,0,0
ORD101216,910,17,0.308,217.89,grocery,3,22.96,cod,3,3.0,desktop,afternoon,0,1
ORD101217,32,1,0.1289,345.67,footwear,3,33.01,wallet,3,3.0,tablet,morning,0,0
ORD101218,28,0,0.0,321.68,grocery,2,34.27,netbanking,2,6.0,desktop,late_night,0,0
ORD101219,422,4,0.1509,247.93,beauty,2,21.87,upi,4,4.0,mobile,afternoon,0,0
ORD101220,469,3,0.2308,1190.98,fashion,4,30.76,upi,4,8.0,tablet,afternoon,0,1
ORD101221,146,0,0.0,2722.31,electronics,4,22.23,upi,6,8.0,mobile,morning,0,0
ORD101222,0,0,0.0,3090.76,home,2,8.94,cod,6,6.0,desktop,late_night,1,0
ORD101223,411,1,0.1883,1570.84,home,4,16.0,card,6,,mobile,evening,0,0
ORD101224,74,0,0.0,1436.28,home,4,49.36,upi,3,3.0,desktop,morning,0,0
ORD101225,0,0,0.0,67.8,grocery,4,55.27,upi,2,1.0,desktop,late_night,1,0
ORD101226,223,0,0.0,1726.62,home,1,31.13,netbanking,4,3.0,mobile,evening,0,0
ORD101227,490,4,0.3698,1300.33,footwear,3,2.92,card,4,,mobile,afternoon,0,0
ORD101228,0,0,0.0,256.63,beauty,6,28.37,wallet,5,5.0,mobile,morning,1,1
ORD101229,145,1,0.2909,6287.16,electronics,6,46.45,card,5,5.0,mobile,evening,0,1
ORD101230,138,0,0.0,1456.0,footwear,5,54.45,netbanking,2,4.0,desktop,evening,0,0
ORD101231,287,2,0.8549,1122.52,sports,1,33.34,upi,6,8.0,mobile,morning,0,0
ORD101232,179,2,0.1683,765.73,beauty,7,41.14,upi,7,7.0,mobile,evening,0,0
ORD101233,99,1,0.1538,2390.87,electronics,1,23.49,netbanking,5,4.0,tablet,late_night,0,0
ORD101234,715,10,0.4699,1951.13,electronics,3,6.69,cod,4,4.0,desktop,evening,0,0
ORD101235,100,1,0.0469,1472.78,electronics,2,60.59,upi,5,5.0,desktop,late_night,0,0
ORD101236,131,2,0.2307,724.5,grocery,4,4.84,card,1,1.0,desktop,afternoon,0,0
ORD101237,31,0,0.0,104.65,grocery,2,3.39,card,3,2.0,mobile,evening,0,0
ORD101238,82,0,0.0,1023.48,home,2,16.58,card,4,2.0,desktop,afternoon,0,0
ORD101239,319,3,0.3214,1505.98,toys,4,3.49,card,4,4.0,mobile,evening,0,0
ORD101240,0,0,0.0,964.44,home,3,25.55,wallet,6,5.0,mobile,evening,1,1
ORD101241,350,1,0.2543,521.75,grocery,2,13.4,card,7,7.0,mobile,afternoon,0,0
ORD101242,332,4,0.2368,295.14,grocery,1,47.43,netbanking,3,2.0,mobile,evening,0,0
ORD101243,1801,15,0.298,428.51,home,2,15.25,upi,6,6.0,mobile,evening,0,1
ORD101244,79,0,0.0,1421.38,footwear,3,17.3,netbanking,6,6.0,desktop,afternoon,0,0
ORD101245,30,0,0.0,849.5,grocery,2,8.76,card,4,5.0,desktop,evening,0,0
ORD101246,57,0,0.0,345.19,toys,2,11.12,wallet,2,1.0,mobile,morning,0,0
ORD101247,83,2,0.347,1314.6,home,1,29.95,card,7,8.0,mobile,evening,0,0
ORD101248,0,0,0.0,362.77,grocery,4,1.87,card,7,11.0,mobile,evening,1,0
ORD101249,0,0,0.0,676.19,home,4,46.32,netbanking,7,6.0,mobile,evening,1,1
ORD101250,719,6,0.278,1519.07,fashion,2,47.04,card,7,7.0,desktop,late_night,0,0
ORD101251,985,5,0.2016,247.4,grocery,2,7.7,netbanking,3,4.0,mobile,morning,0,0
ORD101252,315,4,0.1399,420.63,home,4,1.84,upi,3,4.0,mobile,late_night,0,0
ORD101253,1911,23,0.1425,734.39,sports,4,2.41,netbanking,4,4.0,mobile,afternoon,0,0
ORD101254,122,1,0.504,588.91,fashion,2,30.24,upi,6,5.0,desktop,evening,0,0
ORD101255,0,0,0.0,317.72,toys,2,1.73,upi,4,2.0,desktop,afternoon,1,1
ORD101256,577,2,0.5197,445.84,fashion,1,21.83,upi,2,2.0,mobile,afternoon,0,1
ORD101257,0,0,0.0,288.66,fashion,1,66.97,upi,5,10.0,desktop,evening,1,1
ORD101258,79,0,0.0,1350.58,electronics,3,29.89,card,5,4.0,mobile,evening,0,1
ORD101259,0,0,0.0,829.21,footwear,5,12.29,card,3,1.0,mobile,morning,1,0
ORD101260,161,0,0.0,229.74,beauty,1,40.53,card,2,4.0,mobile,afternoon,0,1
ORD101261,146,3,0.2176,202.23,beauty,4,51.49,card,6,7.0,mobile,evening,0,0
ORD101262,49,0,0.0,247.87,toys,2,40.95,cod,7,9.0,mobile,afternoon,0,0
ORD101263,0,0,0.0,459.73,toys,1,52.28,netbanking,6,6.0,mobile,afternoon,1,0
ORD101264,546,4,0.1979,1159.29,electronics,6,57.15,card,5,6.0,mobile,evening,0,0
ORD101265,0,0,0.0,90.47,grocery,3,16.32,card,3,3.0,mobile,evening,1,0
ORD101266,72,2,0.2902,384.0,sports,3,6.8,upi,5,9.0,mobile,evening,0,0
ORD101267,0,0,0.0,1554.43,electronics,4,1.77,card,3,3.0,mobile,late_night,1,1
ORD101268,74,1,0.3388,1265.45,electronics,1,31.24,upi,5,5.0,mobile,afternoon,0,0
ORD101269,279,1,0.1449,607.52,fashion,2,7.69,card,4,4.0,mobile,evening,0,0
ORD101270,0,0,0.0,2817.18,sports,5,27.46,netbanking,4,5.0,desktop,morning,1,1
ORD101271,75,1,0.1448,1122.11,sports,3,34.86,netbanking,5,7.0,desktop,afternoon,0,0
ORD101272,15,0,0.0,77.88,grocery,5,12.61,cod,4,4.0,mobile,evening,0,0
ORD101273,287,3,0.2429,414.29,fashion,2,33.6,upi,4,5.0,mobile,evening,0,1
ORD101274,67,0,0.0,1100.36,home,1,12.59,card,1,1.0,mobile,afternoon,0,0
ORD101275,386,4,0.1606,313.08,toys,3,7.63,upi,3,7.0,mobile,evening,0,0
ORD101276,78,0,0.0,322.38,fashion,2,25.89,netbanking,3,4.0,desktop,morning,0,1
ORD101277,61,0,0.0,3116.72,electronics,1,76.96,upi,6,8.0,mobile,evening,0,0
ORD101278,0,0,0.0,481.88,fashion,3,42.49,netbanking,4,5.0,mobile,late_night,1,1
ORD101279,2424,18,0.2017,273.01,toys,2,68.62,cod,4,2.0,mobile,evening,0,1
ORD101280,413,2,0.3797,235.95,beauty,4,11.5,card,6,7.0,mobile,afternoon,0,0
ORD101281,210,1,0.4345,1398.78,beauty,3,43.79,card,5,5.0,mobile,evening,0,0
ORD101282,269,3,0.2112,742.01,electronics,1,33.08,upi,1,4.0,desktop,evening,0,0
ORD101283,26,2,0.2544,1431.78,electronics,2,21.26,card,4,2.0,mobile,afternoon,0,1
ORD101284,0,0,0.0,259.61,grocery,2,31.58,card,5,4.0,mobile,afternoon,1,0
ORD101285,0,0,0.0,1045.4,fashion,3,70.3,card,2,3.0,desktop,afternoon,1,1
ORD101286,1215,10,0.1632,162.63,grocery,4,54.64,upi,4,3.0,mobile,morning,0,0
ORD101287,972,9,0.2932,477.63,home,2,22.82,card,6,6.0,mobile,evening,0,0
ORD101288,279,2,0.1332,2905.75,electronics,3,42.82,netbanking,2,4.0,mobile,afternoon,0,0
ORD101289,210,2,0.2754,2444.01,beauty,6,4.59,cod,5,6.0,tablet,late_night,0,0
ORD101290,32,1,0.2298,434.42,fashion,2,18.75,card,5,9.0,mobile,afternoon,0,0
ORD101291,142,2,0.2858,552.65,home,8,43.4,upi,7,6.0,desktop,late_night,0,1
ORD101292,1301,14,0.3715,4907.69,home,2,16.48,wallet,7,7.0,mobile,evening,0,0
ORD101293,209,1,0.2117,502.46,fashion,1,16.0,card,1,2.0,mobile,morning,0,0
ORD101294,97,1,0.2832,516.49,fashion,1,33.78,upi,4,2.0,mobile,late_night,0,0
ORD101295,26,1,0.1036,1917.9,electronics,3,20.8,card,5,4.0,mobile,late_night,0,0
ORD101296,827,3,0.09,1270.47,sports,5,33.4,card,2,4.0,mobile,afternoon,0,0
ORD101297,167,3,0.178,524.22,beauty,5,6.82,cod,1,2.0,mobile,evening,0,0
ORD101298,26,0,0.0,1729.63,home,2,9.19,netbanking,1,3.0,mobile,late_night,0,0
ORD101299,65,2,0.2385,359.61,sports,4,19.64,netbanking,5,6.0,mobile,morning,0,0
ORD101300,44,1,0.1559,751.89,home,2,14.13,card,6,7.0,mobile,evening,0,1
ORD101301,156,0,0.0,1415.95,fashion,4,43.55,card,7,7.0,desktop,evening,0,0
ORD101302,227,0,0.0,103.04,toys,1,26.9,netbanking,5,5.0,desktop,late_night,0,0
ORD101303,104,0,0.0,380.23,sports,2,30.56,card,5,6.0,mobile,evening,0,0
ORD101304,0,0,0.0,1567.93,sports,2,37.04,card,2,3.0,tablet,evening,1,0
ORD101305,0,0,0.0,778.94,footwear,1,21.76,card,3,3.0,desktop,afternoon,1,0
ORD101306,583,0,0.0,560.86,home,4,10.69,card,7,7.0,mobile,evening,0,0
ORD101307,122,2,0.0964,2106.78,electronics,3,8.3,card,6,7.0,desktop,morning,0,0
ORD101308,3000,25,0.1802,1199.6,home,4,16.52,upi,6,5.0,tablet,afternoon,0,0
ORD101309,0,0,0.0,907.42,electronics,1,49.07,netbanking,6,5.0,desktop,evening,1,0
ORD101310,67,0,0.0,627.03,fashion,1,14.51,wallet,3,2.0,mobile,morning,0,0
ORD101311,0,0,0.0,322.75,footwear,4,30.13,card,1,1.0,mobile,late_night,1,1
ORD101312,143,1,0.4737,1483.1,fashion,2,2.51,upi,6,7.0,mobile,morning,0,0
ORD101313,27,0,0.0,295.88,home,1,6.15,upi,3,,desktop,morning,0,0
ORD101314,250,5,0.532,671.52,footwear,2,10.6,upi,6,6.0,mobile,evening,0,0
ORD101315,22,1,0.3359,1536.74,home,4,8.08,upi,2,3.0,mobile,evening,0,0
ORD101316,216,0,0.0,2983.72,footwear,3,53.2,card,4,6.0,desktop,evening,0,0
ORD101317,41,1,0.3269,385.47,beauty,2,35.69,card,2,3.0,mobile,afternoon,0,0
ORD101318,119,0,0.0,6552.79,sports,4,40.73,card,3,3.0,mobile,afternoon,0,0
ORD101319,0,0,0.0,199.08,beauty,1,8.61,card,3,5.0,mobile,afternoon,1,0
ORD101320,2285,18,0.0879,998.54,fashion,4,32.34,card,6,6.0,tablet,morning,0,0
ORD101321,55,0,0.0,405.67,fashion,3,15.24,cod,5,5.0,tablet,evening,0,0
ORD101322,153,0,0.0,926.4,grocery,4,6.09,card,4,5.0,mobile,morning,0,0
ORD101323,0,0,0.0,1589.0,electronics,1,17.52,card,3,2.0,desktop,afternoon,1,1
ORD101324,69,0,0.0,214.29,beauty,3,16.34,upi,7,5.0,desktop,morning,0,0
ORD101325,0,0,0.0,1050.53,beauty,3,20.56,cod,3,3.0,tablet,morning,1,0
ORD101326,448,6,0.0799,540.83,footwear,3,36.18,card,6,6.0,mobile,afternoon,0,0
ORD101327,105,1,0.1001,680.94,electronics,3,14.01,upi,7,6.0,mobile,evening,0,0
ORD101328,2152,27,0.0405,234.82,grocery,1,4.35,netbanking,5,6.0,tablet,afternoon,0,0
ORD101329,286,4,0.0449,1340.78,fashion,4,28.45,upi,1,5.0,mobile,afternoon,0,0
ORD101330,59,1,0.1596,794.65,home,2,15.16,upi,7,11.0,mobile,afternoon,0,0
ORD101331,121,0,0.0,502.57,fashion,7,15.91,wallet,1,6.0,desktop,evening,0,0
ORD101332,75,0,0.0,880.16,home,1,40.91,cod,5,6.0,mobile,late_night,0,0
ORD101333,0,0,0.0,163.76,home,1,28.42,wallet,7,7.0,desktop,evening,1,0
ORD101334,0,0,0.0,6530.29,home,4,49.35,cod,5,4.0,mobile,morning,1,0
ORD101335,0,0,0.0,1625.53,electronics,1,34.76,card,5,1.0,mobile,evening,1,0
ORD101336,94,0,0.0,1442.98,footwear,1,10.48,upi,4,9.0,desktop,morning,0,0
ORD101337,384,3,0.1041,2511.28,home,2,56.0,upi,2,2.0,desktop,late_night,0,0
ORD101338,0,0,0.0,414.9,home,2,13.15,card,6,6.0,desktop,afternoon,1,0
ORD101339,827,8,0.5129,359.37,home,2,23.05,card,1,1.0,mobile,late_night,0,0
ORD101340,324,1,0.3576,2686.35,home,3,27.19,card,2,1.0,mobile,late_night,0,0
ORD101341,0,0,0.0,496.14,home,2,11.62,card,6,,desktop,afternoon,1,0
ORD101342,434,2,0.6199,1282.15,electronics,2,2.25,upi,1,1.0,desktop,morning,0,0
ORD101343,51,0,0.0,989.59,electronics,6,3.01,upi,4,3.0,mobile,evening,0,0
ORD101344,0,0,0.0,35.9,grocery,2,53.22,cod,4,3.0,desktop,afternoon,1,0
ORD101345,293,0,0.0,749.75,home,5,4.74,upi,1,1.0,desktop,evening,0,0
ORD101346,59,1,0.337,625.58,fashion,2,20.02,card,3,2.0,desktop,afternoon,0,0
ORD101347,168,0,0.0,1548.55,footwear,1,22.84,wallet,7,7.0,tablet,afternoon,0,1
ORD101348,206,2,0.1786,639.35,home,3,13.91,netbanking,1,6.0,tablet,evening,0,0
ORD101349,238,2,0.0218,428.33,fashion,1,40.31,card,3,2.0,desktop,evening,0,0
ORD101350,0,0,0.0,959.16,fashion,2,27.3,card,6,7.0,desktop,afternoon,1,0
ORD101351,0,0,0.0,1231.75,fashion,1,6.87,netbanking,3,4.0,mobile,afternoon,1,0
ORD101352,224,5,0.1327,225.74,toys,3,31.7,cod,7,6.0,desktop,late_night,0,0
ORD101353,111,0,0.0,418.28,electronics,6,36.57,card,6,6.0,desktop,late_night,0,0
ORD101354,0,0,0.0,2436.43,toys,5,18.38,cod,5,4.0,desktop,afternoon,1,1
ORD101355,94,0,0.0,5012.19,electronics,1,38.09,card,1,3.0,desktop,afternoon,0,0
ORD101356,146,2,0.4469,182.2,grocery,3,23.23,upi,2,3.0,desktop,late_night,0,1
ORD101357,3000,24,0.4544,693.06,home,3,18.6,card,3,,mobile,evening,0,0
ORD101358,221,2,0.1247,706.24,footwear,2,27.6,upi,7,6.0,desktop,morning,0,0
ORD101359,297,4,0.3458,278.16,toys,2,8.74,upi,3,4.0,mobile,morning,0,0
ORD101360,83,0,0.0,336.06,toys,2,0.96,card,4,4.0,mobile,evening,0,0
ORD101361,556,5,0.1465,266.17,grocery,5,57.56,card,2,1.0,mobile,morning,0,0
ORD101362,418,6,0.2763,160.6,beauty,3,1.5,card,3,2.0,mobile,morning,0,0
ORD101363,421,4,0.4246,4474.31,home,4,5.1,cod,5,5.0,mobile,morning,0,0
ORD101364,229,3,0.1846,199.75,fashion,2,25.5,card,2,2.0,tablet,evening,0,0
ORD101365,565,7,0.4111,381.96,electronics,6,18.38,wallet,2,6.0,mobile,morning,0,0
ORD101366,734,8,0.4759,545.7,grocery,3,33.59,card,3,4.0,desktop,afternoon,0,0
ORD101367,247,2,0.5441,657.7,home,2,32.09,netbanking,1,1.0,mobile,morning,0,0
ORD101368,159,0,0.0,1267.48,sports,1,17.69,card,2,1.0,mobile,evening,0,0
ORD101369,484,2,0.0624,434.42,beauty,3,41.65,card,6,7.0,tablet,evening,0,1
ORD101370,67,1,0.109,554.42,footwear,2,41.85,upi,2,3.0,tablet,late_night,0,0
ORD101371,0,0,0.0,608.76,fashion,4,48.86,upi,5,6.0,mobile,afternoon,1,1
ORD101372,170,1,0.2347,961.31,footwear,1,16.16,upi,4,5.0,mobile,evening,0,1
ORD101373,0,0,0.0,1928.35,home,2,14.42,upi,4,6.0,desktop,morning,1,1
ORD101374,0,0,0.0,554.79,sports,1,26.81,upi,1,1.0,mobile,afternoon,1,0
ORD101375,62,0,0.0,1309.65,sports,4,9.83,upi,6,5.0,desktop,evening,0,0
ORD101376,107,0,0.0,209.36,grocery,4,36.32,card,2,2.0,mobile,evening,0,0
ORD101377,0,0,0.0,560.83,footwear,3,31.45,upi,7,6.0,mobile,afternoon,1,1
ORD101378,189,2,0.1011,509.26,sports,1,40.12,netbanking,3,3.0,mobile,morning,0,0
ORD101379,124,1,0.0851,767.68,sports,2,49.7,card,1,1.0,desktop,evening,0,1
ORD101380,168,1,0.371,184.08,beauty,1,55.66,wallet,2,2.0,desktop,morning,0,0
ORD101381,169,2,0.435,293.99,fashion,4,45.24,card,5,6.0,desktop,evening,0,1
ORD101382,110,2,0.4958,382.75,footwear,4,24.48,upi,2,1.0,mobile,morning,0,1
ORD101383,0,0,0.0,178.59,home,2,68.26,upi,7,6.0,mobile,morning,1,1
ORD101384,0,0,0.0,857.29,electronics,2,35.43,card,3,4.0,mobile,afternoon,1,0
ORD101385,17,0,0.0,305.62,beauty,3,16.35,card,1,1.0,mobile,afternoon,0,0
ORD101386,144,0,0.0,557.95,beauty,3,10.62,card,3,4.0,desktop,evening,0,0
ORD101387,108,1,0.2639,354.19,sports,4,13.06,upi,4,3.0,mobile,late_night,0,1
ORD101388,0,0,0.0,842.88,home,2,44.52,cod,3,3.0,mobile,afternoon,1,1
ORD101389,36,0,0.0,843.21,fashion,4,8.16,upi,6,6.0,desktop,afternoon,0,0
ORD101390,0,0,0.0,536.02,fashion,2,21.36,wallet,5,4.0,desktop,evening,1,1
ORD101391,0,0,0.0,737.35,fashion,3,6.91,wallet,2,1.0,mobile,afternoon,1,0
ORD101392,588,8,0.0708,833.3,footwear,5,13.16,netbanking,2,2.0,desktop,afternoon,0,0
ORD101393,261,0,0.0,333.14,beauty,2,18.41,upi,2,3.0,mobile,late_night,0,0
ORD101394,0,0,0.0,269.09,beauty,3,13.28,card,7,7.0,mobile,evening,1,1
ORD101395,106,1,0.4466,563.06,toys,1,12.6,netbanking,2,4.0,desktop,afternoon,0,0
ORD101396,480,4,0.0957,300.51,fashion,2,15.14,wallet,1,1.0,mobile,evening,0,0
ORD101397,0,0,0.0,88.65,beauty,5,38.55,card,4,4.0,mobile,afternoon,1,0
ORD101398,166,1,0.3945,513.49,home,1,17.08,netbanking,5,4.0,mobile,afternoon,0,0
ORD101399,179,1,0.2796,477.97,footwear,4,26.79,card,5,5.0,mobile,late_night,0,1
ORD101400,118,1,0.326,473.2,beauty,2,34.88,card,4,4.0,desktop,late_night,0,0
ORD101401,3000,24,0.2578,687.8,fashion,2,10.06,card,3,3.0,desktop,afternoon,0,0
ORD101402,0,0,0.0,406.82,fashion,4,19.11,card,1,4.0,desktop,morning,1,1
ORD101403,297,3,0.269,903.37,home,1,3.86,upi,6,6.0,mobile,evening,0,0
ORD101404,78,0,0.0,800.53,beauty,1,5.31,wallet,4,3.0,mobile,afternoon,0,0
ORD101405,323,0,0.0,748.54,home,2,7.74,card,1,1.0,mobile,morning,0,0
ORD101406,0,0,0.0,147.99,grocery,1,29.72,upi,5,5.0,mobile,afternoon,1,0
ORD101407,94,1,0.2189,533.73,footwear,3,3.33,upi,7,7.0,mobile,evening,0,1
ORD101408,0,0,0.0,2685.66,electronics,1,34.19,card,7,7.0,mobile,late_night,1,1
ORD101409,67,0,0.0,155.01,beauty,3,5.45,upi,2,1.0,mobile,afternoon,0,1
ORD101410,0,0,0.0,2584.53,electronics,1,76.25,cod,5,6.0,desktop,afternoon,1,1
ORD101411,0,0,0.0,192.01,grocery,3,18.37,upi,4,4.0,desktop,evening,1,0
ORD101412,0,0,0.0,1361.37,fashion,4,22.19,upi,4,4.0,desktop,afternoon,1,1
ORD101413,0,0,0.0,341.43,grocery,2,11.41,card,4,4.0,desktop,afternoon,1,0
ORD101414,1263,4,0.4965,428.46,grocery,1,36.3,upi,7,6.0,mobile,afternoon,0,0
ORD101415,0,0,0.0,532.35,grocery,2,30.21,upi,5,4.0,mobile,evening,1,1
ORD101416,138,0,0.0,1806.92,home,2,17.58,card,4,6.0,desktop,afternoon,0,0
ORD101417,1102,9,0.1992,1267.44,footwear,4,21.16,cod,1,3.0,desktop,morning,0,1
ORD101418,0,0,0.0,327.33,fashion,2,5.15,card,4,4.0,mobile,morning,1,0
ORD101419,0,0,0.0,828.31,toys,2,40.33,upi,3,3.0,tablet,afternoon,1,0
ORD101420,46,0,0.0,355.56,sports,2,11.94,card,1,1.0,desktop,evening,0,1
ORD101421,30,1,0.1784,306.03,footwear,2,11.01,wallet,4,6.0,mobile,late_night,0,0
ORD101422,150,2,0.2277,1519.73,electronics,5,24.7,upi,7,4.0,desktop,morning,0,1
ORD101423,270,2,0.1039,1679.42,footwear,2,43.63,card,6,5.0,mobile,evening,0,1
ORD101424,253,1,0.2391,650.38,footwear,4,28.61,upi,4,3.0,mobile,afternoon,0,0
ORD101425,106,0,0.0,160.86,grocery,3,29.7,card,4,2.0,mobile,late_night,0,0
ORD101426,185,2,0.4732,1409.71,sports,6,27.38,card,2,2.0,desktop,morning,0,0
ORD101427,24,0,0.0,1167.91,electronics,3,45.43,upi,6,7.0,mobile,afternoon,0,0
ORD101428,300,4,0.2922,678.09,toys,1,7.89,card,5,5.0,mobile,late_night,0,0
ORD101429,216,2,0.492,540.23,toys,2,24.91,upi,3,2.0,mobile,evening,0,0
ORD101430,0,0,0.0,216.03,beauty,4,5.0,upi,1,2.0,tablet,morning,1,0
ORD101431,182,2,0.3517,624.77,grocery,3,57.9,card,2,1.0,mobile,evening,0,1
ORD101432,64,0,0.0,200.44,fashion,2,42.5,upi,6,6.0,mobile,evening,0,0
ORD101433,171,3,0.0475,150.74,grocery,2,27.01,upi,6,5.0,mobile,morning,0,0
ORD101434,126,1,0.1193,995.91,fashion,3,32.62,upi,1,2.0,mobile,morning,0,0
ORD101435,0,0,0.0,2106.67,grocery,3,9.91,cod,3,5.0,mobile,late_night,1,0
ORD101436,186,0,0.0,266.66,sports,2,52.56,cod,4,4.0,tablet,evening,0,1
ORD101437,45,1,0.114,1489.2,electronics,1,40.72,card,1,1.0,mobile,evening,0,0
ORD101438,0,0,0.0,163.09,home,2,10.97,card,5,7.0,desktop,evening,1,0
ORD101439,0,0,0.0,766.14,home,2,12.3,upi,2,3.0,mobile,late_night,1,0
ORD101440,830,11,0.1856,447.96,footwear,1,7.31,netbanking,7,7.0,mobile,evening,0,0
ORD101441,197,1,0.3003,654.05,fashion,2,9.27,card,3,2.0,mobile,morning,0,0
ORD101442,443,3,0.1937,761.27,grocery,3,35.04,upi,1,1.0,mobile,late_night,0,0
ORD101443,552,5,0.208,907.92,toys,2,13.64,cod,6,7.0,mobile,evening,0,0
ORD101444,243,5,0.3294,553.66,footwear,3,20.27,wallet,5,7.0,mobile,evening,0,0
ORD101445,73,3,0.0766,698.12,beauty,3,35.15,card,1,2.0,mobile,evening,0,0
ORD101446,0,0,0.0,449.92,beauty,1,16.21,card,4,5.0,desktop,late_night,1,1
ORD101447,683,4,0.099,791.95,electronics,4,30.27,upi,5,,desktop,evening,0,0
ORD101448,324,7,0.3234,1577.75,electronics,1,16.02,upi,2,1.0,mobile,afternoon,0,0
ORD101449,412,4,0.152,695.76,toys,3,5.57,card,5,5.0,desktop,morning,0,0
ORD101450,0,0,0.0,22131.37,electronics,3,54.93,upi,2,2.0,mobile,morning,1,1
ORD101451,145,0,0.0,2342.95,sports,1,41.83,card,2,3.0,desktop,evening,0,0
ORD101452,0,0,0.0,831.34,toys,2,17.45,upi,5,6.0,mobile,evening,1,0
ORD101453,0,0,0.0,144.11,toys,2,28.56,upi,7,6.0,mobile,afternoon,1,0
ORD101454,655,5,0.2433,824.01,footwear,2,14.39,card,1,3.0,desktop,evening,0,0
ORD101455,13,0,0.0,4525.61,electronics,6,14.51,upi,1,2.0,desktop,evening,0,0
ORD101456,187,1,0.2733,957.37,fashion,1,6.48,card,3,3.0,mobile,evening,0,1
ORD101457,166,3,0.1819,3737.69,electronics,3,29.19,card,2,1.0,mobile,morning,0,0
ORD101458,0,0,0.0,1352.2,sports,2,26.89,upi,2,,tablet,afternoon,1,1
ORD101459,379,2,0.0961,897.53,beauty,4,11.71,netbanking,2,2.0,mobile,evening,0,0
ORD101460,81,0,0.0,504.22,electronics,2,33.74,card,6,6.0,mobile,late_night,0,0
ORD101461,122,3,0.1285,5320.51,electronics,2,30.97,card,7,5.0,mobile,late_night,0,0
ORD101462,1385,11,0.1511,1290.13,footwear,3,28.26,card,6,6.0,mobile,evening,0,0
ORD101463,550,3,0.2829,1504.58,fashion,3,20.69,upi,5,5.0,tablet,afternoon,0,0
ORD101464,341,5,0.3549,805.01,footwear,1,24.28,card,3,4.0,tablet,afternoon,0,0
ORD101465,275,3,0.296,2455.16,electronics,2,9.24,netbanking,1,1.0,desktop,late_night,0,0
ORD101466,151,3,0.1173,2819.12,electronics,5,23.67,upi,7,6.0,mobile,afternoon,0,0
ORD101467,1634,11,0.3563,1494.1,electronics,4,11.37,cod,5,7.0,mobile,afternoon,0,0
ORD101468,438,2,0.2407,378.67,fashion,4,21.52,wallet,4,2.0,desktop,afternoon,0,0
ORD101469,79,0,0.0,775.05,electronics,2,6.26,card,4,,mobile,late_night,0,0
ORD101470,0,0,0.0,804.98,home,4,10.24,upi,2,6.0,tablet,afternoon,1,1
ORD101471,338,2,0.1233,360.1,fashion,2,15.8,netbanking,6,5.0,mobile,afternoon,0,0
ORD101472,170,0,0.0,397.98,fashion,5,6.17,upi,1,1.0,mobile,evening,0,0
ORD101473,37,0,0.0,822.46,grocery,1,44.57,upi,2,2.0,mobile,evening,0,0
ORD101474,290,1,0.2643,2287.45,footwear,1,15.2,upi,7,11.0,mobile,evening,0,1
ORD101475,134,3,0.1762,1319.49,electronics,7,18.55,card,6,10.0,tablet,evening,0,1
ORD101476,324,3,0.2813,1644.51,fashion,6,28.92,upi,7,8.0,desktop,evening,0,0
ORD101477,0,0,0.0,644.02,footwear,2,51.52,upi,2,6.0,mobile,evening,1,1
ORD101478,92,0,0.0,395.12,toys,2,6.44,card,1,1.0,desktop,late_night,0,0
ORD101479,363,2,0.408,1236.93,sports,1,0.87,card,4,9.0,desktop,afternoon,0,0
ORD101480,104,2,0.4009,1002.43,electronics,1,8.51,card,7,7.0,tablet,morning,0,0
ORD101481,112,1,0.1614,580.62,footwear,2,24.49,netbanking,1,1.0,tablet,late_night,0,0
ORD101482,100,1,0.1908,751.82,grocery,4,67.37,cod,7,7.0,desktop,evening,0,0
ORD101483,628,5,0.1864,927.0,footwear,2,13.76,wallet,7,9.0,mobile,morning,0,1
ORD101484,133,0,0.0,575.31,beauty,1,9.11,card,6,6.0,tablet,afternoon,0,0
ORD101485,820,1,0.5752,376.0,beauty,3,12.88,card,3,1.0,mobile,evening,0,0
ORD101486,0,0,0.0,235.27,grocery,3,24.41,upi,3,8.0,desktop,afternoon,1,0
ORD101487,80,0,0.0,796.14,footwear,6,9.4,cod,2,2.0,desktop,afternoon,0,1
ORD101488,0,0,0.0,2909.87,electronics,3,1.36,upi,1,4.0,mobile,evening,1,0
ORD101489,571,5,0.106,934.15,footwear,3,31.19,card,5,3.0,mobile,evening,0,0
ORD101490,124,1,0.0692,674.87,beauty,4,7.54,card,1,1.0,mobile,evening,0,0
ORD101491,0,0,0.0,270.52,sports,1,8.2,card,7,7.0,desktop,afternoon,1,0
ORD101492,94,0,0.0,836.81,electronics,3,17.95,upi,7,6.0,mobile,late_night,0,0
ORD101493,0,0,0.0,1100.12,electronics,4,49.68,wallet,4,3.0,mobile,morning,1,1
ORD101494,755,7,0.1591,597.84,beauty,2,17.9,card,6,5.0,mobile,late_night,0,0
ORD101495,216,1,0.1914,2181.78,electronics,6,33.75,upi,6,6.0,tablet,late_night,0,0
ORD101496,0,0,0.0,1042.12,fashion,3,11.58,wallet,4,4.0,mobile,afternoon,1,0
ORD101497,312,0,0.0,692.69,home,3,8.08,card,1,1.0,tablet,morning,0,1
ORD101498,129,0,0.0,475.37,beauty,4,43.57,card,7,8.0,mobile,afternoon,0,0
ORD101499,117,0,0.0,3048.36,home,4,19.28,cod,1,1.0,mobile,morning,0,0
ORD101500,336,1,0.1061,300.91,grocery,2,13.14,upi,1,1.0,mobile,morning,0,0
ORD101501,0,0,0.0,119.99,beauty,4,42.1,wallet,4,8.0,mobile,afternoon,1,1
ORD101502,542,3,0.5522,1238.44,home,2,13.86,upi,4,5.0,desktop,morning,0,0
ORD101503,135,2,0.1431,2187.72,sports,3,36.36,card,7,7.0,desktop,evening,0,0
ORD101504,0,0,0.0,980.75,beauty,3,18.71,cod,6,8.0,mobile,late_night,1,1
ORD101505,344,2,0.1331,1344.22,electronics,1,43.91,upi,6,5.0,mobile,afternoon,0,0
ORD101506,118,0,0.0,1409.49,electronics,2,38.99,upi,6,4.0,desktop,evening,0,0
ORD101507,52,0,0.0,1123.49,fashion,2,36.09,cod,5,4.0,mobile,afternoon,0,0
ORD101508,74,1,0.2222,487.06,beauty,6,8.87,upi,7,12.0,desktop,late_night,0,0
ORD101509,139,0,0.0,431.31,grocery,2,9.13,card,4,5.0,mobile,afternoon,0,0
ORD101510,375,2,0.0468,491.93,footwear,2,13.29,card,1,1.0,mobile,morning,0,1
ORD101511,724,11,0.3264,379.57,grocery,1,68.91,card,4,4.0,mobile,afternoon,0,0
ORD101512,40,0,0.0,302.63,beauty,2,10.79,upi,1,1.0,mobile,evening,0,1
ORD101513,93,2,0.4515,569.58,fashion,4,50.62,upi,3,1.0,mobile,afternoon,0,0
ORD101514,0,0,0.0,344.61,footwear,5,12.73,upi,6,5.0,mobile,afternoon,1,0
ORD101515,434,5,0.5059,540.97,sports,3,30.59,card,4,3.0,desktop,evening,0,0
ORD101516,101,0,0.0,242.37,fashion,1,17.03,card,6,5.0,tablet,afternoon,0,0
ORD101517,0,0,0.0,318.43,sports,3,18.14,card,4,3.0,desktop,evening,1,0
ORD101518,38,0,0.0,152.23,grocery,1,8.32,upi,3,2.0,mobile,late_night,0,0
ORD101519,308,2,0.2721,395.25,grocery,1,31.15,card,5,5.0,mobile,afternoon,0,0
ORD101520,151,1,0.22,1040.9,home,1,2.52,cod,3,5.0,desktop,morning,0,0
ORD101521,88,3,0.3282,1317.37,footwear,3,24.96,card,7,6.0,mobile,evening,0,0
ORD101522,0,0,0.0,532.75,footwear,4,35.56,upi,5,4.0,mobile,afternoon,1,1
ORD101523,626,4,0.4137,229.41,fashion,1,11.06,upi,5,6.0,mobile,morning,0,0
ORD101524,60,1,0.4481,1127.32,home,4,17.31,netbanking,2,2.0,mobile,afternoon,0,0
ORD101525,71,1,0.2167,507.0,toys,4,32.34,upi,6,6.0,mobile,morning,0,0
ORD101526,718,7,0.3407,600.02,fashion,2,9.94,upi,4,9.0,mobile,afternoon,0,0
ORD101527,197,0,0.0,342.45,footwear,5,13.97,upi,1,2.0,mobile,evening,0,0
ORD101528,378,3,0.1382,510.37,fashion,4,19.03,card,5,8.0,mobile,evening,0,1
ORD101529,282,0,0.0,706.69,beauty,2,19.66,card,5,3.0,mobile,afternoon,0,1
ORD101530,174,6,0.4354,126.32,grocery,3,39.78,wallet,4,,mobile,evening,0,0
ORD101531,123,1,0.1563,142.09,toys,4,51.8,card,4,4.0,mobile,morning,0,0
ORD101532,452,5,0.5668,812.07,footwear,2,4.43,upi,1,2.0,mobile,afternoon,0,1
ORD101533,651,9,0.3061,166.56,grocery,2,14.03,upi,4,5.0,mobile,evening,0,0
ORD101534,597,6,0.2074,1478.82,home,3,29.39,card,2,3.0,desktop,evening,0,0
ORD101535,49,0,0.0,753.87,sports,2,9.78,wallet,7,8.0,mobile,evening,0,0
ORD101536,0,0,0.0,141.02,grocery,3,43.77,upi,2,1.0,mobile,evening,1,0
ORD101537,122,1,0.2208,729.85,fashion,3,27.98,card,1,2.0,mobile,evening,0,1
ORD101538,0,0,0.0,1644.15,electronics,2,3.67,card,5,5.0,desktop,evening,1,0
ORD101539,150,5,0.4563,429.34,beauty,2,57.17,netbanking,1,2.0,mobile,morning,0,0
ORD101540,0,0,0.0,137.62,grocery,5,11.5,card,4,5.0,mobile,evening,1,1
ORD101541,328,4,0.4842,3925.08,electronics,7,18.66,wallet,6,6.0,mobile,late_night,0,0
ORD101542,136,1,0.7594,1110.81,electronics,3,18.7,upi,5,6.0,mobile,late_night,0,0
ORD101543,455,6,0.1509,2003.34,footwear,1,0.97,card,7,5.0,mobile,afternoon,0,0
ORD101544,211,1,0.2002,507.13,electronics,4,41.75,card,5,5.0,mobile,evening,0,1
ORD101545,96,2,0.1197,1209.57,fashion,3,39.28,card,2,3.0,mobile,afternoon,0,0
ORD101546,83,0,0.0,2394.76,electronics,1,37.53,upi,3,4.0,mobile,morning,0,0
ORD101547,284,2,0.1512,594.6,footwear,2,1.31,cod,3,3.0,mobile,late_night,0,1
ORD101548,165,2,0.1317,228.87,footwear,1,12.7,card,5,3.0,tablet,morning,0,0
ORD101549,39,0,0.0,762.82,footwear,3,53.41,card,3,3.0,tablet,afternoon,0,0
ORD101550,460,4,0.2705,200.49,footwear,1,17.14,card,6,7.0,tablet,late_night,0,1
ORD101551,106,1,0.0833,638.14,home,1,6.43,card,7,11.0,mobile,late_night,0,0
ORD101552,1044,9,0.0911,762.06,beauty,6,16.43,card,3,3.0,mobile,afternoon,0,0
ORD101553,38,0,0.0,445.83,toys,4,30.74,wallet,2,2.0,tablet,evening,0,0
ORD101554,148,2,0.1096,763.19,home,3,37.98,card,1,1.0,desktop,evening,0,1
ORD101555,83,0,0.0,1727.66,fashion,3,0.22,card,5,5.0,desktop,afternoon,0,0
ORD101556,0,0,0.0,1845.19,electronics,5,32.95,upi,2,3.0,tablet,evening,1,0
ORD101557,106,2,0.5531,2913.05,home,3,4.17,card,1,1.0,desktop,late_night,0,0
ORD101558,1271,13,0.1851,232.05,grocery,2,6.28,wallet,4,5.0,mobile,evening,0,0
ORD101559,0,0,0.0,1491.28,footwear,5,34.15,card,7,6.0,tablet,evening,1,1
ORD101560,0,0,0.0,263.09,grocery,1,10.55,upi,3,4.0,desktop,late_night,1,0
ORD101561,24,0,0.0,372.38,grocery,3,62.51,card,4,4.0,mobile,late_night,0,0
ORD101562,0,0,0.0,164.02,grocery,3,12.52,wallet,3,3.0,mobile,evening,1,0
ORD101563,0,0,0.0,522.42,beauty,3,9.47,netbanking,7,9.0,mobile,evening,1,0
ORD101564,0,0,0.0,911.59,footwear,3,7.29,upi,7,7.0,mobile,afternoon,1,0
ORD101565,141,2,0.2058,478.73,beauty,3,16.26,upi,6,5.0,mobile,evening,0,0
ORD101566,14,0,0.0,499.34,electronics,4,71.6,card,7,7.0,mobile,evening,0,1
ORD101567,163,0,0.0,1951.11,sports,3,21.97,upi,2,2.0,mobile,evening,0,0
ORD101568,561,8,0.1181,816.56,fashion,2,32.92,card,1,1.0,mobile,afternoon,0,0
ORD101569,1080,9,0.3478,597.47,beauty,3,43.85,card,4,4.0,desktop,late_night,0,1
ORD101570,22,0,0.0,1475.86,toys,3,14.71,card,2,2.0,desktop,afternoon,0,0
ORD101571,75,0,0.0,1596.77,electronics,3,29.68,upi,1,1.0,mobile,morning,0,0
ORD101572,70,2,0.2358,1177.37,footwear,4,7.31,card,6,7.0,mobile,evening,0,0
ORD101573,0,0,0.0,1129.76,fashion,3,32.87,wallet,3,5.0,mobile,late_night,1,0
ORD101574,47,0,0.0,724.12,home,1,8.41,upi,2,,mobile,afternoon,0,0
ORD101575,1153,6,0.0521,735.32,footwear,5,38.49,netbanking,6,7.0,mobile,morning,0,0
ORD101576,0,0,0.0,252.79,beauty,3,56.07,netbanking,3,3.0,desktop,morning,1,1
ORD101577,0,0,0.0,79.12,beauty,2,39.85,card,3,3.0,mobile,morning,1,1
ORD101578,0,0,0.0,389.81,fashion,2,18.09,upi,2,7.0,mobile,evening,1,1
ORD101579,0,0,0.0,111.56,grocery,1,28.94,wallet,3,5.0,desktop,evening,1,0
ORD101580,0,0,0.0,333.04,sports,2,22.03,card,2,1.0,desktop,afternoon,1,0
ORD101581,79,2,0.0727,580.82,sports,1,22.98,card,5,5.0,mobile,afternoon,0,0
ORD101582,40,0,0.0,3451.94,fashion,4,17.82,card,2,2.0,desktop,afternoon,0,1
ORD101583,92,1,0.2151,226.95,toys,2,53.68,card,2,3.0,mobile,evening,0,0
ORD101584,2009,6,0.3219,419.18,grocery,4,5.32,card,7,6.0,mobile,evening,0,0
ORD101585,0,0,0.0,255.49,sports,4,23.04,cod,4,9.0,mobile,afternoon,1,1
ORD101586,245,0,0.0,900.92,footwear,2,7.75,upi,1,1.0,mobile,evening,0,0
ORD101587,61,0,0.0,705.22,beauty,4,32.69,wallet,1,1.0,desktop,morning,0,0
ORD101588,493,4,0.362,402.79,home,4,0.83,upi,5,5.0,desktop,evening,0,0
ORD101589,40,0,0.0,325.16,toys,4,21.79,card,7,12.0,mobile,evening,0,0
ORD101590,32,0,0.0,342.84,fashion,2,25.13,cod,5,6.0,tablet,afternoon,0,1
ORD101591,98,2,0.2998,1244.99,home,3,14.74,netbanking,7,6.0,mobile,evening,0,0
ORD101592,0,0,0.0,1074.28,home,1,3.75,upi,3,2.0,mobile,evening,1,0
ORD101593,1462,16,0.1591,1663.48,sports,3,8.94,card,1,1.0,tablet,evening,0,0
ORD101594,0,0,0.0,458.8,toys,1,13.92,card,6,5.0,mobile,afternoon,1,0
ORD101595,86,0,0.0,325.16,sports,3,63.46,upi,4,6.0,mobile,afternoon,0,0
ORD101596,29,0,0.0,134.38,grocery,5,11.61,cod,1,,mobile,evening,0,0
ORD101597,197,3,0.1334,282.26,footwear,2,29.58,card,6,5.0,desktop,afternoon,0,0
ORD101598,0,0,0.0,240.01,beauty,3,29.23,upi,2,1.0,mobile,afternoon,1,1
ORD101599,432,6,0.3346,339.39,toys,3,32.21,netbanking,7,6.0,mobile,morning,0,0
ORD101600,0,0,0.0,1209.72,electronics,5,39.87,upi,1,1.0,mobile,evening,1,0
ORD101601,145,0,0.0,394.44,beauty,2,26.77,card,1,1.0,mobile,morning,0,0
ORD101602,334,6,0.4836,177.24,fashion,4,6.09,card,4,4.0,mobile,morning,0,1
ORD101603,0,0,0.0,1160.73,fashion,4,44.63,upi,4,3.0,mobile,morning,1,0
ORD101604,327,4,0.2677,2042.3,electronics,2,20.25,card,2,1.0,desktop,morning,0,0
ORD101605,103,1,0.3879,670.75,home,2,41.56,netbanking,1,2.0,desktop,evening,0,1
ORD101606,0,0,0.0,1140.59,electronics,3,45.43,wallet,6,,mobile,morning,1,0
ORD101607,274,1,0.1956,455.22,fashion,5,17.47,cod,7,7.0,mobile,late_night,0,0
ORD101608,195,2,0.2095,225.39,grocery,3,7.57,upi,4,6.0,mobile,morning,0,0
ORD101609,434,4,0.0943,2288.88,electronics,2,2.13,upi,5,5.0,desktop,afternoon,0,0
ORD101610,32,0,0.0,848.3,sports,2,20.85,wallet,3,3.0,tablet,evening,0,0
ORD101611,56,1,0.0387,887.74,footwear,2,46.16,cod,6,6.0,mobile,afternoon,0,0
ORD101612,134,1,0.2805,462.84,beauty,2,10.14,upi,5,6.0,mobile,afternoon,0,0
ORD101613,37,1,0.0448,574.74,home,2,42.96,upi,6,8.0,tablet,evening,0,0
ORD101614,0,0,0.0,212.62,fashion,5,33.63,card,7,9.0,desktop,evening,1,1
ORD101615,120,0,0.0,1145.29,beauty,2,3.33,netbanking,7,8.0,mobile,afternoon,0,0
ORD101616,765,8,0.4793,1011.44,fashion,6,8.91,cod,4,10.0,mobile,evening,0,0
ORD101617,212,0,0.0,1615.3,fashion,4,15.19,card,7,8.0,mobile,evening,0,1
ORD101618,0,0,0.0,308.91,beauty,7,13.31,upi,5,5.0,desktop,evening,1,1
ORD101619,252,4,0.1744,1110.72,home,3,1.5,card,3,5.0,desktop,afternoon,0,0
ORD101620,100,0,0.0,333.65,toys,2,25.41,cod,2,2.0,mobile,evening,0,0
ORD101621,209,4,0.3688,1392.56,home,3,16.08,card,7,7.0,mobile,afternoon,0,0
ORD101622,0,0,0.0,2859.83,sports,3,9.48,card,5,6.0,mobile,evening,1,1
ORD101623,673,3,0.3481,1909.5,fashion,1,22.54,cod,1,1.0,desktop,late_night,0,0
ORD101624,156,1,0.2255,978.51,sports,6,10.09,card,4,3.0,mobile,evening,0,0
ORD101625,29,1,0.4565,1229.28,footwear,2,47.19,card,5,5.0,mobile,morning,0,0
ORD101626,27,0,0.0,1054.39,footwear,2,54.09,upi,6,6.0,mobile,evening,0,1
ORD101627,126,1,0.1756,970.96,home,1,17.83,upi,7,8.0,desktop,late_night,0,1
ORD101628,13,0,0.0,595.37,beauty,3,10.5,card,6,8.0,desktop,afternoon,0,0
ORD101629,1305,14,0.4666,256.73,beauty,7,21.47,card,6,5.0,desktop,morning,0,0
ORD101630,349,2,0.5051,576.0,electronics,3,15.02,cod,4,6.0,mobile,morning,0,1
ORD101631,0,0,0.0,596.44,beauty,3,2.11,card,3,2.0,mobile,afternoon,1,1
ORD101632,53,3,0.0615,409.27,home,8,30.1,card,7,8.0,desktop,evening,0,0
ORD101633,561,5,0.1849,405.96,footwear,2,25.13,card,4,5.0,mobile,afternoon,0,1
ORD101634,0,0,0.0,485.71,fashion,2,13.1,upi,5,5.0,desktop,afternoon,1,1
ORD101635,59,0,0.0,1263.51,beauty,4,36.84,upi,7,7.0,desktop,morning,0,0
ORD101636,78,1,0.074,420.55,beauty,2,19.43,netbanking,2,1.0,desktop,late_night,0,1
ORD101637,0,0,0.0,475.57,home,3,48.33,card,5,3.0,mobile,afternoon,1,1
ORD101638,358,0,0.0,371.97,home,4,11.56,card,5,4.0,desktop,late_night,0,0
ORD101639,673,9,0.2369,778.71,home,3,29.62,upi,3,3.0,mobile,evening,0,0
ORD101640,572,4,0.5,568.69,fashion,2,17.37,upi,1,1.0,desktop,late_night,0,1
ORD101641,181,3,0.1346,194.64,beauty,2,1.03,card,3,,desktop,morning,0,0
ORD101642,557,2,0.2148,564.86,toys,1,39.84,card,6,5.0,desktop,evening,0,1
ORD101643,86,1,0.1516,209.27,fashion,4,36.66,card,1,1.0,tablet,afternoon,0,1
ORD101644,24,0,0.0,138.26,grocery,2,3.95,upi,3,3.0,mobile,afternoon,0,0
ORD101645,86,0,0.0,4386.34,electronics,2,32.27,card,4,6.0,mobile,evening,0,0
ORD101646,74,0,0.0,129.61,grocery,3,35.26,upi,1,2.0,desktop,evening,0,0
ORD101647,0,0,0.0,801.93,home,4,13.3,cod,5,6.0,mobile,evening,1,1
ORD101648,0,0,0.0,960.66,footwear,2,12.1,upi,1,2.0,desktop,afternoon,1,1
ORD101649,0,0,0.0,6032.59,electronics,3,18.82,upi,2,3.0,mobile,evening,1,0
ORD101650,358,2,0.0466,1917.68,fashion,3,29.29,upi,2,6.0,desktop,afternoon,0,1
ORD101651,1196,12,0.0768,1041.38,fashion,2,36.32,cod,7,6.0,mobile,late_night,0,0
ORD101652,27,1,0.1124,310.77,fashion,4,33.86,card,4,6.0,desktop,evening,0,0
ORD101653,43,2,0.1834,487.97,sports,2,27.1,upi,1,1.0,mobile,evening,0,0
ORD101654,0,0,0.0,682.26,sports,3,15.25,card,7,6.0,mobile,afternoon,1,1
ORD101655,420,3,0.4086,3633.8,fashion,2,2.75,card,3,4.0,mobile,late_night,0,0
ORD101656,144,3,0.2355,1038.34,footwear,2,17.68,wallet,4,8.0,mobile,evening,0,1
ORD101657,0,0,0.0,846.1,home,2,25.58,card,2,2.0,mobile,evening,1,0
ORD101658,398,6,0.6069,501.7,beauty,3,18.53,netbanking,3,2.0,mobile,afternoon,0,0
ORD101659,519,6,0.3718,1902.66,footwear,2,5.2,card,5,6.0,desktop,morning,0,0
ORD101660,177,0,0.0,478.72,footwear,3,5.19,cod,5,7.0,mobile,afternoon,0,0
ORD101661,73,1,0.4331,926.08,home,4,42.62,card,4,3.0,desktop,morning,0,0
ORD101662,0,0,0.0,561.85,fashion,5,9.0,netbanking,1,,desktop,afternoon,1,0
ORD101663,140,1,0.0588,529.63,home,5,3.99,upi,4,7.0,desktop,late_night,0,0
ORD101664,0,0,0.0,430.39,toys,2,5.0,netbanking,5,10.0,mobile,afternoon,1,0
ORD101665,0,0,0.0,1217.08,sports,3,15.41,card,4,3.0,desktop,evening,1,0
ORD101666,0,0,0.0,1078.76,home,2,9.01,wallet,4,,desktop,morning,1,0
ORD101667,238,2,0.152,4474.91,electronics,5,28.82,card,6,8.0,tablet,evening,0,0
ORD101668,566,8,0.1586,189.24,grocery,2,36.31,netbanking,5,6.0,mobile,afternoon,0,0
ORD101669,0,0,0.0,604.2,toys,3,27.12,upi,7,8.0,desktop,late_night,1,0
ORD101670,300,3,0.0107,380.79,home,4,36.73,card,2,2.0,desktop,afternoon,0,0
ORD101671,103,0,0.0,486.09,toys,2,35.06,wallet,5,6.0,tablet,afternoon,0,0
ORD101672,569,7,0.074,573.18,electronics,2,15.03,upi,4,5.0,mobile,late_night,0,0
ORD101673,302,1,0.1829,1224.97,home,1,58.18,card,1,1.0,mobile,afternoon,0,0
ORD101674,0,0,0.0,1563.73,beauty,3,14.45,card,7,6.0,desktop,late_night,1,1
ORD101675,0,0,0.0,1808.93,home,1,7.04,card,4,4.0,tablet,morning,1,0
ORD101676,390,2,0.1287,557.27,footwear,2,14.87,card,6,5.0,mobile,morning,0,0
ORD101677,249,3,0.5754,1013.63,toys,3,19.82,wallet,1,5.0,desktop,late_night,0,1
ORD101678,0,0,0.0,336.54,sports,4,22.62,cod,3,1.0,mobile,evening,1,1
ORD101679,136,1,0.1573,1193.8,home,4,2.73,upi,3,3.0,desktop,afternoon,0,0
ORD101680,250,1,0.2058,1734.71,grocery,4,13.27,card,1,2.0,mobile,morning,0,0
ORD101681,0,0,0.0,988.43,footwear,4,31.52,netbanking,6,5.0,mobile,afternoon,1,0
ORD101682,645,6,0.3548,242.84,grocery,4,4.58,upi,5,7.0,desktop,late_night,0,0
ORD101683,254,2,0.1654,1330.98,electronics,4,42.78,card,6,6.0,mobile,evening,0,0
ORD101684,108,2,0.109,887.05,footwear,5,45.7,upi,2,2.0,desktop,afternoon,0,1
ORD101685,126,0,0.0,848.71,home,5,15.93,card,2,5.0,mobile,afternoon,0,1
ORD101686,42,0,0.0,469.88,fashion,1,37.42,card,7,7.0,mobile,afternoon,0,0
ORD101687,1127,14,0.1022,1504.56,electronics,2,14.59,card,4,3.0,desktop,afternoon,0,0
ORD101688,99,0,0.0,226.92,footwear,2,30.31,card,4,5.0,mobile,afternoon,0,1
ORD101689,525,8,0.4324,1459.99,home,5,5.52,upi,2,4.0,mobile,evening,0,0
ORD101690,0,0,0.0,1852.86,home,3,13.24,card,4,5.0,mobile,late_night,1,1
ORD101691,0,0,0.0,709.11,beauty,4,9.54,upi,7,8.0,desktop,afternoon,1,1
ORD101692,159,3,0.1803,511.63,fashion,2,21.6,card,6,6.0,desktop,evening,0,0
ORD101693,76,0,0.0,1122.18,home,6,40.41,netbanking,5,6.0,desktop,morning,0,0
ORD101694,62,0,0.0,871.12,fashion,2,2.1,card,3,4.0,mobile,late_night,0,0
ORD101695,1213,8,0.4028,235.61,grocery,3,34.19,cod,6,6.0,mobile,morning,0,0
ORD101696,205,2,0.2522,1138.35,toys,1,31.49,upi,6,,desktop,late_night,0,0
ORD101697,0,0,0.0,1698.95,sports,1,12.49,upi,5,7.0,mobile,late_night,1,0
ORD101698,0,0,0.0,1759.09,home,5,41.81,upi,3,2.0,mobile,morning,1,0
ORD101699,115,1,0.3353,640.2,toys,4,31.01,wallet,1,1.0,desktop,afternoon,0,0
ORD101700,0,0,0.0,304.35,home,6,42.7,wallet,4,5.0,mobile,afternoon,1,0
ORD101701,0,0,0.0,153.18,footwear,2,8.62,card,2,3.0,mobile,afternoon,1,0
ORD101702,50,0,0.0,360.86,toys,5,2.54,upi,2,3.0,desktop,evening,0,1
ORD101703,147,1,0.1554,361.98,fashion,4,40.36,card,7,7.0,desktop,evening,0,1
ORD101704,345,5,0.6875,416.37,beauty,2,16.82,netbanking,6,7.0,mobile,evening,0,0
ORD101705,0,0,0.0,420.72,sports,2,14.39,card,1,1.0,tablet,evening,1,0
ORD101706,126,0,0.0,748.15,electronics,4,12.33,cod,2,2.0,mobile,afternoon,0,0
ORD101707,149,0,0.0,174.14,footwear,2,24.46,card,5,5.0,mobile,evening,0,1
ORD101708,0,0,0.0,247.92,fashion,1,6.22,upi,2,2.0,mobile,morning,1,0
ORD101709,24,0,0.0,636.44,home,2,10.02,cod,2,3.0,mobile,late_night,0,0
ORD101710,0,0,0.0,287.33,beauty,2,14.63,card,5,4.0,desktop,afternoon,1,0
ORD101711,137,0,0.0,1800.94,home,4,26.36,card,2,3.0,desktop,evening,0,0
ORD101712,0,0,0.0,1328.81,electronics,1,29.51,card,1,1.0,mobile,morning,1,1
ORD101713,0,0,0.0,542.43,electronics,2,45.34,card,1,3.0,mobile,evening,1,0
ORD101714,377,5,0.2549,415.55,toys,3,4.95,wallet,5,2.0,desktop,evening,0,0
ORD101715,402,7,0.3856,1313.96,sports,3,42.62,upi,4,3.0,mobile,evening,0,0
ORD101716,222,3,0.064,318.34,electronics,2,2.49,upi,3,1.0,desktop,late_night,0,1
ORD101717,603,6,0.4542,1019.0,beauty,3,11.84,card,1,3.0,desktop,evening,0,0
ORD101718,731,4,0.1537,682.7,toys,2,10.74,cod,7,7.0,desktop,morning,0,0
ORD101719,0,0,0.0,1159.26,beauty,2,18.51,card,5,9.0,mobile,evening,1,0
ORD101720,99,1,0.2325,708.63,toys,1,7.82,card,5,6.0,mobile,evening,0,0
ORD101721,312,2,0.3068,322.46,beauty,4,12.88,upi,7,8.0,desktop,evening,0,0
ORD101722,313,4,0.0883,694.87,footwear,2,6.08,card,6,6.0,desktop,evening,0,1
ORD101723,73,1,0.6138,310.46,beauty,3,14.47,card,7,8.0,mobile,evening,0,1
ORD101724,32,1,0.1088,1556.14,home,1,10.74,upi,7,8.0,desktop,evening,0,0
ORD101725,19,1,0.3561,967.05,electronics,1,14.76,card,7,8.0,mobile,late_night,0,0
ORD101726,195,1,0.2254,828.23,fashion,3,12.82,upi,7,6.0,mobile,evening,0,0
ORD101727,0,0,0.0,1135.18,toys,1,33.73,netbanking,5,4.0,desktop,afternoon,1,0
ORD101728,49,0,0.0,340.97,grocery,3,26.25,upi,2,6.0,desktop,morning,0,0
ORD101729,572,5,0.2323,691.17,fashion,1,2.07,cod,7,6.0,desktop,afternoon,0,0
ORD101730,0,0,0.0,390.39,grocery,5,45.18,card,6,6.0,tablet,evening,1,0
ORD101731,799,12,0.1088,270.41,beauty,3,15.12,cod,4,2.0,desktop,afternoon,0,1
ORD101732,272,2,0.0914,366.37,electronics,4,20.91,card,5,11.0,mobile,evening,0,1
ORD101733,56,0,0.0,145.73,grocery,4,15.71,card,2,3.0,desktop,afternoon,0,0
ORD101734,0,0,0.0,295.25,toys,3,17.87,upi,1,1.0,mobile,evening,1,0
ORD101735,378,1,0.2944,646.85,toys,4,2.47,card,4,7.0,mobile,evening,0,0
ORD101736,0,0,0.0,349.21,fashion,5,1.92,wallet,7,8.0,mobile,evening,1,1
ORD101737,37,0,0.0,977.31,electronics,5,35.76,upi,4,5.0,desktop,late_night,0,1
ORD101738,202,0,0.0,1115.02,fashion,2,19.62,upi,2,3.0,mobile,morning,0,0
ORD101739,60,1,0.2438,384.79,grocery,5,31.86,upi,5,5.0,desktop,late_night,0,0
ORD101740,622,5,0.1375,3905.79,electronics,5,11.58,card,6,5.0,desktop,evening,0,1
ORD101741,115,0,0.0,272.09,grocery,3,52.81,card,4,4.0,desktop,afternoon,0,0
ORD101742,1208,5,0.1203,100.32,grocery,4,10.33,card,1,2.0,mobile,late_night,0,0
ORD101743,0,0,0.0,2935.58,fashion,1,26.07,netbanking,5,5.0,mobile,morning,1,1
ORD101744,210,0,0.0,1457.99,sports,2,5.6,upi,7,5.0,mobile,evening,0,0
ORD101745,873,7,0.3742,582.1,home,1,38.02,upi,6,7.0,mobile,afternoon,0,0
ORD101746,68,0,0.0,1745.42,sports,1,13.99,netbanking,5,4.0,tablet,afternoon,0,0
ORD101747,152,1,0.192,757.1,fashion,4,22.85,upi,6,5.0,mobile,evening,0,1
ORD101748,116,0,0.0,3962.26,electronics,2,14.87,netbanking,3,3.0,mobile,afternoon,0,0
ORD101749,85,2,0.2713,1035.59,home,3,26.05,card,6,8.0,tablet,evening,0,1
ORD101750,237,2,0.157,710.5,sports,5,21.01,upi,6,9.0,mobile,evening,0,1
ORD101751,43,0,0.0,800.64,fashion,1,16.77,card,4,3.0,mobile,evening,0,0
ORD101752,0,0,0.0,1736.93,home,2,20.83,wallet,1,2.0,desktop,late_night,1,0
ORD101753,0,0,0.0,379.64,fashion,3,24.67,card,1,2.0,desktop,morning,1,0
ORD101754,143,1,0.1095,761.68,footwear,3,5.63,card,5,4.0,mobile,afternoon,0,0
ORD101755,60,0,0.0,189.6,beauty,1,15.62,cod,4,7.0,mobile,afternoon,0,0
ORD101756,562,3,0.3405,2366.08,electronics,5,19.23,card,1,1.0,mobile,late_night,0,0
ORD101757,0,0,0.0,1752.71,electronics,4,55.91,upi,6,8.0,desktop,morning,1,1
ORD101758,0,0,0.0,686.3,beauty,1,14.44,netbanking,1,1.0,mobile,evening,1,0
ORD101759,0,0,0.0,594.15,grocery,2,48.24,wallet,6,6.0,desktop,evening,1,0
ORD101760,63,0,0.0,415.05,fashion,1,30.83,cod,3,4.0,mobile,late_night,0,1
ORD101761,330,1,0.0246,837.28,footwear,2,17.06,card,2,3.0,mobile,evening,0,0
ORD101762,245,1,0.1582,1034.81,home,1,1.1,upi,6,6.0,desktop,afternoon,0,1
ORD101763,432,0,0.0,327.14,toys,1,23.31,cod,7,8.0,mobile,evening,0,1
ORD101764,126,0,0.0,841.06,electronics,2,17.94,wallet,4,4.0,desktop,evening,0,0
ORD101765,65,0,0.0,4925.7,electronics,3,9.31,upi,6,12.0,mobile,evening,0,0
ORD101766,0,0,0.0,493.13,fashion,5,46.76,upi,6,6.0,mobile,late_night,1,1
ORD101767,98,1,0.1693,546.24,footwear,2,5.4,netbanking,6,6.0,mobile,morning,0,0
ORD101768,222,2,0.2185,738.11,home,2,27.73,upi,5,6.0,mobile,evening,0,0
ORD101769,0,0,0.0,2408.55,electronics,3,18.71,card,1,1.0,mobile,evening,1,1
ORD101770,96,3,0.1965,316.04,beauty,5,6.69,card,1,2.0,mobile,afternoon,0,0
ORD101771,550,6,0.3635,977.57,electronics,1,10.69,card,2,2.0,mobile,afternoon,0,0
ORD101772,82,0,0.0,817.99,footwear,8,55.39,card,1,1.0,tablet,afternoon,0,1
ORD101773,0,0,0.0,722.53,beauty,4,32.32,upi,3,6.0,mobile,evening,1,0
ORD101774,13,0,0.0,404.84,grocery,5,20.42,netbanking,3,3.0,mobile,late_night,0,0
ORD101775,97,1,0.2066,617.83,sports,2,18.07,card,3,3.0,desktop,afternoon,0,0
ORD101776,150,1,0.461,410.66,home,2,27.12,wallet,6,9.0,desktop,afternoon,0,0
ORD101777,1232,10,0.2015,485.51,sports,5,31.48,upi,5,6.0,mobile,afternoon,0,1
ORD101778,50,0,0.0,925.69,footwear,3,19.91,card,3,2.0,tablet,evening,0,1
ORD101779,379,4,0.1583,1277.73,home,3,9.09,card,6,6.0,mobile,afternoon,0,0
ORD101780,579,2,0.3238,628.59,home,9,42.42,card,7,6.0,desktop,morning,0,1
ORD101781,0,0,0.0,200.55,grocery,3,43.15,upi,7,9.0,mobile,late_night,1,0
ORD101782,120,4,0.0492,315.59,footwear,1,5.78,netbanking,4,4.0,desktop,afternoon,0,0
ORD101783,211,1,0.2478,630.53,fashion,3,13.69,upi,5,5.0,mobile,morning,0,0
ORD101784,35,0,0.0,1425.24,home,2,0.85,upi,1,1.0,desktop,evening,0,1
ORD101785,0,0,0.0,274.77,beauty,2,16.22,upi,3,,mobile,late_night,1,0
ORD101786,737,2,0.2726,612.37,grocery,1,11.6,card,6,9.0,mobile,late_night,0,0
ORD101787,322,2,0.0897,211.56,beauty,3,22.18,upi,2,4.0,desktop,morning,0,0
ORD101788,0,0,0.0,252.99,beauty,2,7.48,upi,5,6.0,desktop,evening,1,0
ORD101789,205,2,0.3878,592.49,fashion,2,6.31,upi,2,2.0,mobile,afternoon,0,0
ORD101790,343,1,0.0897,327.71,grocery,2,18.16,netbanking,5,4.0,tablet,morning,0,0
ORD101791,423,3,0.6038,740.55,home,6,10.4,upi,1,3.0,desktop,afternoon,0,0
ORD101792,98,2,0.2754,795.35,fashion,2,8.52,cod,6,,desktop,afternoon,0,0
ORD101793,980,5,0.391,859.26,footwear,1,55.16,card,1,3.0,mobile,afternoon,0,1
ORD101794,0,0,0.0,1685.79,footwear,1,25.08,netbanking,2,2.0,mobile,afternoon,1,1
ORD101795,381,5,0.3743,695.12,fashion,4,20.98,upi,2,2.0,desktop,afternoon,0,0
ORD101796,71,0,0.0,524.07,fashion,2,20.22,upi,6,7.0,mobile,evening,0,1
ORD101797,59,0,0.0,681.11,toys,4,10.45,wallet,1,3.0,mobile,afternoon,0,0
ORD101798,126,0,0.0,253.85,home,4,2.55,netbanking,1,1.0,mobile,evening,0,0
ORD101799,193,2,0.4723,645.31,electronics,2,30.55,card,4,5.0,mobile,late_night,0,1
ORD101800,25,2,0.1108,550.8,grocery,3,10.58,upi,5,5.0,desktop,late_night,0,0
ORD101801,312,2,0.1319,1158.42,electronics,2,26.05,upi,7,11.0,mobile,evening,0,0
ORD101802,747,5,0.4192,965.73,electronics,4,27.5,upi,6,,desktop,afternoon,0,1
ORD101803,341,4,0.4561,998.33,footwear,2,40.17,upi,4,4.0,mobile,evening,0,0
ORD101804,86,0,0.0,603.63,fashion,3,21.79,upi,3,2.0,mobile,afternoon,0,0
ORD101805,75,1,0.1068,1431.57,footwear,2,31.42,cod,6,9.0,tablet,afternoon,0,1
ORD101806,252,4,0.2791,219.43,grocery,5,1.06,cod,7,7.0,mobile,afternoon,0,1
ORD101807,153,1,0.0733,2146.01,home,4,17.71,card,7,10.0,desktop,late_night,0,0
ORD101808,295,1,0.411,345.02,beauty,4,40.99,upi,6,8.0,desktop,evening,0,1
ORD101809,351,5,0.0484,3235.64,electronics,6,55.18,upi,2,2.0,mobile,evening,0,0
ORD101810,602,3,0.4239,936.87,home,2,40.58,upi,3,3.0,desktop,evening,0,1
ORD101811,52,0,0.0,248.59,beauty,2,8.81,cod,3,8.0,mobile,evening,0,1
ORD101812,231,3,0.2015,1605.03,electronics,3,13.93,card,4,8.0,mobile,afternoon,0,0
ORD101813,121,0,0.0,1822.94,electronics,1,24.93,card,6,9.0,desktop,afternoon,0,0
ORD101814,0,0,0.0,686.9,footwear,5,16.87,netbanking,1,,mobile,evening,1,1
ORD101815,469,3,0.0883,424.95,footwear,3,12.33,wallet,3,1.0,mobile,morning,0,0
ORD101816,528,1,0.3425,1202.3,beauty,2,27.8,card,5,5.0,desktop,evening,0,0
ORD101817,844,7,0.1749,784.46,fashion,2,27.34,card,4,4.0,mobile,morning,0,0
ORD101818,289,1,0.2428,141.5,fashion,2,9.73,card,5,5.0,desktop,afternoon,0,0
ORD101819,160,2,0.1023,508.79,beauty,5,2.11,card,1,2.0,mobile,evening,0,0
ORD101820,0,0,0.0,419.3,grocery,3,40.46,card,5,6.0,desktop,evening,1,0
ORD101821,26,0,0.0,180.93,footwear,2,10.36,card,5,5.0,mobile,afternoon,0,1
ORD101822,791,6,0.2403,402.03,fashion,1,19.38,upi,2,2.0,mobile,evening,0,0
ORD101823,127,0,0.0,842.51,beauty,2,47.3,card,2,2.0,mobile,morning,0,0
ORD101824,316,1,0.1387,740.29,fashion,6,31.28,card,7,9.0,desktop,afternoon,0,1
ORD101825,382,3,0.2478,1893.98,electronics,4,39.47,wallet,5,5.0,mobile,evening,0,0
ORD101826,46,0,0.0,381.18,home,2,27.25,card,5,4.0,mobile,afternoon,0,1
ORD101827,65,2,0.2464,161.59,grocery,3,12.94,upi,2,2.0,tablet,afternoon,0,0
ORD101828,0,0,0.0,113.57,grocery,3,37.16,upi,7,8.0,desktop,morning,1,0
ORD101829,249,2,0.1278,450.9,electronics,2,13.94,upi,3,8.0,mobile,evening,0,0
ORD101830,95,0,0.0,85.83,toys,5,25.63,card,3,3.0,mobile,evening,0,0
ORD101831,0,0,0.0,7267.87,electronics,4,15.62,upi,7,7.0,desktop,morning,1,1
ORD101832,598,4,0.0616,529.65,home,4,0.48,upi,3,4.0,mobile,afternoon,0,1
ORD101833,506,7,0.1215,2061.31,electronics,2,38.22,cod,5,4.0,tablet,afternoon,0,0
ORD101834,36,0,0.0,970.11,beauty,3,57.57,card,4,3.0,tablet,afternoon,0,0
ORD101835,1094,8,0.2748,1877.42,electronics,2,13.43,netbanking,7,9.0,mobile,afternoon,0,0
ORD101836,524,8,0.4072,893.02,sports,3,22.93,upi,1,4.0,mobile,afternoon,0,1
ORD101837,153,0,0.0,661.27,toys,2,7.57,netbanking,3,8.0,desktop,afternoon,0,0
ORD101838,48,0,0.0,7087.58,electronics,8,15.89,card,7,8.0,mobile,morning,0,0
ORD101839,577,3,0.1035,687.78,fashion,1,31.78,wallet,4,4.0,desktop,afternoon,0,0
ORD101840,306,3,0.6777,317.68,home,4,72.23,upi,2,3.0,mobile,late_night,0,1
ORD101841,36,0,0.0,340.54,footwear,2,16.68,card,1,1.0,desktop,afternoon,0,0
ORD101842,140,1,0.2037,870.07,electronics,2,21.23,upi,1,2.0,tablet,afternoon,0,0
ORD101843,0,0,0.0,766.28,home,3,17.69,card,6,5.0,mobile,morning,1,0
ORD101844,184,3,0.1317,126.21,grocery,1,2.52,upi,1,1.0,desktop,evening,0,1
ORD101845,80,1,0.0335,193.28,grocery,3,19.55,card,2,1.0,desktop,late_night,0,0
ORD101846,59,0,0.0,782.69,home,1,27.4,card,6,7.0,mobile,afternoon,0,0
ORD101847,1273,16,0.4083,584.06,grocery,2,5.7,netbanking,2,1.0,mobile,afternoon,0,0
ORD101848,460,5,0.4536,898.1,electronics,2,15.34,card,4,3.0,desktop,morning,0,0
ORD101849,852,8,0.1524,1327.05,home,5,26.62,upi,3,2.0,mobile,evening,0,0
ORD101850,238,0,0.0,778.48,fashion,1,8.63,upi,3,5.0,mobile,evening,0,1
ORD101851,0,0,0.0,1066.11,fashion,2,1.28,wallet,1,2.0,desktop,afternoon,1,0
ORD101852,71,0,0.0,137.47,footwear,3,12.18,netbanking,1,1.0,mobile,evening,0,0
ORD101853,216,2,0.3997,83.35,grocery,3,18.17,card,3,4.0,mobile,afternoon,0,0
ORD101854,0,0,0.0,325.26,sports,2,11.69,cod,1,1.0,desktop,evening,1,0
ORD101855,0,0,0.0,1126.09,beauty,2,82.16,netbanking,4,4.0,desktop,afternoon,1,0
ORD101856,257,4,0.3079,380.64,fashion,2,34.39,upi,7,7.0,mobile,late_night,0,0
ORD101857,91,2,0.4032,192.65,beauty,2,7.47,netbanking,7,8.0,desktop,morning,0,0
ORD101858,194,2,0.0718,1544.31,electronics,2,5.75,cod,7,6.0,mobile,afternoon,0,0
ORD101859,28,0,0.0,2163.46,toys,2,31.02,card,2,1.0,mobile,evening,0,1
ORD101860,14,1,0.1586,181.18,grocery,3,9.01,card,1,5.0,mobile,evening,0,0
ORD101861,0,0,0.0,1053.94,electronics,2,38.66,wallet,4,5.0,mobile,late_night,1,0
ORD101862,0,0,0.0,1713.4,home,5,11.47,card,4,3.0,mobile,late_night,1,0
ORD101863,135,1,0.3787,345.74,grocery,5,26.85,card,5,5.0,mobile,afternoon,0,0
ORD101864,452,2,0.0645,946.18,sports,5,46.21,card,2,1.0,desktop,late_night,0,0
ORD101865,0,0,0.0,1207.02,electronics,3,12.7,upi,5,8.0,desktop,evening,1,0
ORD101866,0,0,0.0,357.59,grocery,3,39.27,card,1,2.0,mobile,late_night,1,0
ORD101867,1511,19,0.176,66.25,beauty,5,59.61,card,1,2.0,mobile,evening,0,0
ORD101868,315,3,0.0454,881.6,footwear,4,41.93,upi,7,6.0,desktop,late_night,0,0
ORD101869,0,0,0.0,302.5,footwear,4,26.17,upi,7,7.0,desktop,evening,1,0
ORD101870,236,5,0.1227,2021.71,footwear,3,12.7,wallet,7,8.0,mobile,late_night,0,0
ORD101871,44,1,0.2748,1513.32,footwear,5,40.52,card,7,7.0,desktop,afternoon,0,1
ORD101872,0,0,0.0,2857.77,electronics,2,13.01,netbanking,6,6.0,mobile,late_night,1,0
ORD101873,0,0,0.0,2624.53,fashion,5,43.89,upi,2,1.0,tablet,afternoon,1,1
ORD101874,0,0,0.0,4676.62,footwear,3,7.43,wallet,3,,mobile,afternoon,1,1
ORD101875,0,0,0.0,1667.1,electronics,2,4.09,card,5,8.0,desktop,evening,1,0
ORD101876,76,1,0.1221,897.55,home,3,71.87,card,3,5.0,mobile,late_night,0,0
ORD101877,110,1,0.453,1444.99,home,4,40.24,cod,6,7.0,desktop,afternoon,0,1
ORD101878,1371,14,0.1255,2578.15,electronics,2,16.17,wallet,1,2.0,mobile,late_night,0,0
ORD101879,610,7,0.1853,123.39,fashion,1,50.65,upi,6,6.0,mobile,evening,0,0
ORD101880,85,0,0.0,717.08,home,1,15.44,card,1,1.0,desktop,morning,0,0
ORD101881,108,1,0.1744,269.73,toys,2,42.67,card,5,7.0,mobile,afternoon,0,1
ORD101882,44,0,0.0,579.2,beauty,1,4.26,cod,1,1.0,mobile,evening,0,0
ORD101883,393,1,0.183,1189.63,home,4,23.91,card,2,1.0,desktop,afternoon,0,0
ORD101884,137,3,0.0549,1681.09,electronics,4,37.52,upi,4,3.0,mobile,afternoon,0,0
ORD101885,20,0,0.0,531.56,home,4,48.12,card,4,6.0,mobile,evening,0,1
ORD101886,202,3,0.1701,296.49,beauty,3,31.0,card,6,7.0,mobile,morning,0,0
ORD101887,293,4,0.2097,6034.87,electronics,4,15.08,wallet,3,4.0,tablet,evening,0,0
ORD101888,0,0,0.0,173.49,sports,6,26.02,card,5,5.0,mobile,afternoon,1,0
ORD101889,167,0,0.0,5480.8,fashion,3,37.73,card,2,2.0,desktop,evening,0,0
ORD101890,120,0,0.0,6173.71,electronics,2,19.33,wallet,4,3.0,mobile,evening,0,0
ORD101891,1611,10,0.0309,840.43,sports,3,24.46,card,7,7.0,mobile,late_night,0,0
ORD101892,182,2,0.4053,456.22,grocery,4,41.62,cod,7,6.0,mobile,evening,0,0
ORD101893,400,1,0.4089,603.89,fashion,2,37.0,netbanking,3,5.0,desktop,afternoon,0,0
ORD101894,100,1,0.2719,1484.55,electronics,4,34.64,wallet,3,5.0,desktop,afternoon,0,0
ORD101895,387,5,0.3799,317.0,beauty,3,35.68,card,6,8.0,mobile,evening,0,0
ORD101896,36,0,0.0,545.11,home,4,23.47,card,1,1.0,desktop,morning,0,1
ORD101897,109,0,0.0,1552.12,sports,1,35.37,upi,6,7.0,mobile,morning,0,0
ORD101898,47,1,0.0677,158.41,grocery,4,17.64,card,2,4.0,mobile,afternoon,0,1
ORD101899,93,2,0.0651,455.09,beauty,3,22.32,upi,1,1.0,mobile,afternoon,0,0
ORD101900,717,6,0.2067,328.66,beauty,7,11.96,card,4,8.0,mobile,afternoon,0,0
ORD101901,92,1,0.1468,3716.61,sports,3,5.68,wallet,6,6.0,mobile,evening,0,0
ORD101902,0,0,0.0,1866.37,home,6,6.26,upi,6,8.0,mobile,evening,1,1
ORD101903,961,7,0.2252,389.75,fashion,1,12.81,card,7,5.0,desktop,morning,0,0
ORD101904,175,0,0.0,724.17,grocery,4,15.96,upi,5,6.0,mobile,evening,0,0
ORD101905,540,5,0.3185,1150.23,home,1,27.68,cod,4,6.0,mobile,late_night,0,1
ORD101906,325,2,0.1478,1111.3,toys,3,14.89,netbanking,4,6.0,desktop,late_night,0,0
ORD101907,206,3,0.1132,1700.37,home,3,14.01,netbanking,4,8.0,desktop,evening,0,0
ORD101908,0,0,0.0,266.28,footwear,4,3.63,upi,7,6.0,desktop,evening,1,1
ORD101909,0,0,0.0,651.73,beauty,5,27.17,wallet,7,6.0,desktop,afternoon,1,0
ORD101910,89,1,0.4583,909.08,sports,2,59.09,card,3,4.0,mobile,afternoon,0,0
ORD101911,63,1,0.2349,2558.71,fashion,4,25.24,card,2,,mobile,afternoon,0,0
ORD101912,0,0,0.0,380.32,footwear,1,9.65,card,5,3.0,desktop,evening,1,0
ORD101913,541,3,0.0425,1206.16,footwear,6,20.1,card,2,3.0,mobile,evening,0,1
ORD101914,627,5,0.4773,280.57,fashion,4,25.15,card,4,4.0,desktop,evening,0,1
ORD101915,100,0,0.0,4007.81,home,2,9.54,upi,7,8.0,mobile,evening,0,0
ORD101916,17,2,0.2803,985.29,fashion,1,6.56,netbanking,1,2.0,tablet,evening,0,1
ORD101917,86,3,0.1337,658.62,sports,2,15.03,netbanking,7,7.0,tablet,evening,0,0
ORD101918,331,1,0.0973,2012.96,footwear,2,13.8,upi,1,1.0,tablet,evening,0,1
ORD101919,0,0,0.0,2272.66,fashion,3,17.7,card,1,1.0,desktop,afternoon,1,1
ORD101920,221,2,0.1082,2240.49,electronics,2,17.11,card,6,7.0,mobile,late_night,0,0
ORD101921,101,1,0.1769,764.42,home,3,9.75,upi,5,6.0,mobile,morning,0,0
ORD101922,553,7,0.2799,226.61,toys,4,4.36,card,3,2.0,mobile,afternoon,0,0
ORD101923,264,1,0.0304,216.42,beauty,1,5.14,card,6,6.0,desktop,afternoon,0,0
ORD101924,345,4,0.2056,385.37,sports,3,7.9,wallet,2,2.0,desktop,evening,0,0
ORD101925,215,0,0.0,3724.23,electronics,4,21.3,upi,7,6.0,mobile,afternoon,0,0
ORD101926,322,1,0.2285,1508.79,fashion,3,5.71,upi,5,5.0,mobile,afternoon,0,0
ORD101927,300,2,0.0834,437.77,sports,3,35.09,cod,2,4.0,desktop,evening,0,0
ORD101928,65,1,0.5568,1033.91,beauty,5,34.13,netbanking,3,3.0,mobile,morning,0,0
ORD101929,273,3,0.0085,701.55,home,2,13.13,card,4,4.0,mobile,evening,0,0
ORD101930,432,5,0.3422,576.15,home,2,20.49,wallet,2,1.0,mobile,evening,0,0
ORD101931,645,7,0.2671,1005.16,footwear,5,35.91,upi,5,6.0,mobile,afternoon,0,0
ORD101932,286,2,0.202,1575.34,electronics,1,16.67,card,1,1.0,mobile,late_night,0,0
ORD101933,0,0,0.0,466.01,electronics,2,28.77,upi,7,8.0,desktop,late_night,1,0
ORD101934,74,0,0.0,1288.77,electronics,5,24.64,card,5,5.0,desktop,afternoon,0,1
ORD101935,112,1,0.3064,627.87,electronics,5,2.03,cod,5,6.0,mobile,afternoon,0,0
ORD101936,223,2,0.0424,253.82,home,3,4.72,card,7,,mobile,late_night,0,0
ORD101937,158,0,0.0,184.6,grocery,4,13.78,card,7,5.0,desktop,evening,0,0
ORD101938,52,0,0.0,877.46,sports,6,27.45,netbanking,4,4.0,mobile,evening,0,0
ORD101939,52,0,0.0,249.9,fashion,2,54.12,card,3,3.0,mobile,morning,0,1
ORD101940,18,1,0.1262,528.43,toys,1,8.93,upi,7,11.0,desktop,morning,0,0
ORD101941,5,1,0.27,1763.86,electronics,3,48.74,card,4,7.0,desktop,morning,0,1
ORD101942,156,1,0.2259,1419.97,home,3,4.36,card,4,4.0,desktop,afternoon,0,0
ORD101943,2326,12,0.046,566.64,fashion,3,35.66,upi,3,5.0,mobile,afternoon,0,0
ORD101944,0,0,0.0,1080.6,fashion,2,12.09,wallet,2,1.0,desktop,afternoon,1,0
ORD101945,0,0,0.0,510.5,grocery,1,9.63,card,4,4.0,desktop,evening,1,0
ORD101946,213,1,0.4393,292.53,home,3,26.69,card,4,3.0,mobile,afternoon,0,0
ORD101947,0,0,0.0,2483.94,footwear,2,13.68,wallet,2,3.0,desktop,evening,1,0
ORD101948,42,0,0.0,2244.19,sports,2,20.75,wallet,7,6.0,mobile,evening,0,0
ORD101949,0,0,0.0,413.66,toys,1,37.41,wallet,2,1.0,mobile,afternoon,1,1
ORD101950,0,0,0.0,848.83,electronics,4,21.93,card,7,7.0,mobile,evening,1,0
ORD101951,148,1,0.2509,1325.04,footwear,1,72.21,upi,6,7.0,desktop,morning,0,0
ORD101952,239,2,0.4102,1029.89,electronics,5,6.63,upi,1,2.0,desktop,afternoon,0,0
ORD101953,0,0,0.0,137.74,grocery,2,39.2,cod,3,2.0,tablet,afternoon,1,0
ORD101954,0,0,0.0,1312.84,electronics,3,15.67,netbanking,3,1.0,mobile,evening,1,1
ORD101955,0,0,0.0,2037.25,home,1,55.09,upi,1,1.0,tablet,afternoon,1,1
ORD101956,54,0,0.0,2657.99,sports,4,56.2,card,6,,desktop,morning,0,0
ORD101957,41,1,0.1161,3514.51,sports,1,53.93,upi,1,1.0,mobile,afternoon,0,0
ORD101958,0,0,0.0,739.69,home,2,6.29,upi,6,5.0,desktop,afternoon,1,0
ORD101959,370,5,0.5209,457.94,toys,1,13.6,wallet,6,10.0,mobile,afternoon,0,1
ORD101960,124,3,0.2425,1511.07,electronics,4,19.66,card,3,2.0,mobile,evening,0,0
ORD101961,23,0,0.0,560.88,home,4,6.86,card,5,5.0,mobile,morning,0,0
ORD101962,169,2,0.2613,456.99,footwear,4,46.24,card,4,5.0,mobile,evening,0,0
ORD101963,45,0,0.0,541.03,footwear,2,8.51,upi,1,1.0,desktop,afternoon,0,0
ORD101964,1125,8,0.1347,1092.77,grocery,2,12.39,card,6,6.0,mobile,afternoon,0,0
ORD101965,95,1,0.0202,161.06,grocery,1,5.16,netbanking,2,2.0,desktop,evening,0,0
ORD101966,383,4,0.3501,513.85,beauty,2,19.51,card,2,1.0,tablet,evening,0,0
ORD101967,0,0,0.0,672.78,beauty,1,26.07,netbanking,6,7.0,mobile,afternoon,1,0
ORD101968,63,1,0.4129,7449.77,electronics,3,16.39,card,6,7.0,mobile,morning,0,0
ORD101969,197,0,0.0,634.59,toys,4,8.4,cod,1,1.0,desktop,evening,0,0
ORD101970,333,2,0.1607,241.92,grocery,3,23.2,upi,5,10.0,mobile,afternoon,0,0
ORD101971,0,0,0.0,258.65,toys,2,18.83,wallet,3,2.0,mobile,evening,1,0
ORD101972,269,2,0.3062,157.28,grocery,2,11.8,wallet,4,4.0,mobile,evening,0,0
ORD101973,41,0,0.0,875.07,home,7,9.74,upi,4,4.0,desktop,morning,0,0
ORD101974,333,6,0.1894,355.64,beauty,3,4.22,upi,4,,tablet,morning,0,0
ORD101975,106,1,0.2999,634.92,fashion,2,26.44,cod,6,7.0,mobile,afternoon,0,0
ORD101976,266,0,0.0,2538.4,electronics,3,4.22,card,5,7.0,mobile,evening,0,0
ORD101977,0,0,0.0,279.07,beauty,2,7.53,upi,5,,desktop,morning,1,0
ORD101978,378,0,0.0,956.13,footwear,3,42.07,upi,1,1.0,mobile,afternoon,0,0
ORD101979,266,1,0.3921,1065.26,toys,2,6.69,netbanking,6,6.0,mobile,late_night,0,0
ORD101980,0,0,0.0,470.83,electronics,2,15.0,card,7,12.0,desktop,morning,1,0
ORD101981,386,4,0.3932,1081.17,sports,1,11.44,card,4,4.0,desktop,evening,0,0
ORD101982,0,0,0.0,1406.19,toys,2,10.68,cod,4,3.0,desktop,late_night,1,0
ORD101983,174,2,0.4663,2270.94,electronics,2,9.76,card,2,2.0,mobile,morning,0,0
ORD101984,217,3,0.4004,426.92,fashion,1,18.81,card,6,6.0,mobile,morning,0,0
ORD101985,0,0,0.0,1017.85,fashion,5,33.41,cod,6,6.0,desktop,evening,1,1
ORD101986,105,1,0.1507,458.54,fashion,3,3.98,card,6,13.0,desktop,evening,0,0
ORD101987,41,0,0.0,3139.83,electronics,1,48.25,upi,5,6.0,mobile,afternoon,0,0
ORD101988,0,0,0.0,920.16,fashion,3,15.39,card,6,8.0,desktop,morning,1,1
ORD101989,144,1,0.3274,3355.38,home,5,20.75,card,3,2.0,mobile,evening,0,0
ORD101990,48,1,0.339,410.35,beauty,4,20.35,card,3,3.0,desktop,late_night,0,1
ORD101991,314,3,0.2841,401.61,grocery,1,14.12,upi,4,2.0,mobile,afternoon,0,0
ORD101992,875,9,0.3187,405.86,toys,3,15.29,wallet,4,3.0,desktop,evening,0,0
ORD101993,30,0,0.0,713.73,fashion,4,26.51,card,4,5.0,mobile,morning,0,1
ORD101994,558,4,0.2186,526.76,sports,1,15.09,card,2,3.0,desktop,late_night,0,0
ORD101995,11,1,0.3564,1114.56,beauty,2,7.59,upi,6,,mobile,afternoon,0,1
ORD101996,116,0,0.0,520.99,beauty,3,32.85,cod,2,1.0,tablet,morning,0,0
ORD101997,1372,11,0.3299,752.84,footwear,2,47.91,card,5,5.0,mobile,evening,0,0
ORD101998,0,0,0.0,1668.93,home,6,35.74,card,4,4.0,mobile,evening,1,1
ORD101999,200,4,0.4345,4946.3,electronics,5,40.37,upi,2,1.0,mobile,morning,0,1
ORD102000,0,0,0.0,8302.47,electronics,4,43.06,card,1,1.0,desktop,late_night,1,0
ORD102001,27,0,0.0,936.72,electronics,1,29.08,netbanking,1,2.0,desktop,afternoon,0,1
ORD102002,0,0,0.0,1198.88,footwear,2,28.8,card,1,1.0,desktop,evening,1,1
ORD102003,194,1,0.2514,3305.35,electronics,3,5.22,netbanking,7,5.0,mobile,late_night,0,1
ORD102004,1406,9,0.3701,276.94,grocery,4,6.27,card,6,7.0,mobile,afternoon,0,0
ORD102005,0,0,0.0,1082.01,electronics,1,23.54,upi,6,6.0,desktop,evening,1,0
ORD102006,119,0,0.0,669.74,grocery,3,6.4,card,7,8.0,mobile,morning,0,0
ORD102007,65,0,0.0,466.44,home,3,11.75,upi,6,6.0,desktop,morning,0,0
ORD102008,58,0,0.0,1275.72,sports,1,7.86,card,4,5.0,mobile,afternoon,0,1
ORD102009,626,5,0.2182,1039.76,electronics,6,39.77,card,3,,tablet,evening,0,0
ORD102010,186,2,0.3082,989.51,sports,3,45.78,card,3,3.0,tablet,afternoon,0,1
ORD102011,98,1,0.2932,224.07,fashion,1,46.48,card,3,4.0,desktop,morning,0,0
ORD102012,102,1,0.2514,321.12,fashion,3,18.69,upi,6,6.0,desktop,morning,0,0
ORD102013,97,2,0.0233,207.27,footwear,2,35.27,upi,2,1.0,tablet,afternoon,0,0
ORD102014,107,0,0.0,3334.67,toys,5,8.36,wallet,3,3.0,desktop,morning,0,0
ORD102015,45,0,0.0,107.55,grocery,1,7.95,upi,4,3.0,mobile,afternoon,0,0
ORD102016,136,0,0.0,3138.43,electronics,2,31.46,wallet,4,5.0,mobile,late_night,0,1
ORD102017,122,1,0.2,389.57,fashion,3,2.78,upi,6,5.0,desktop,evening,0,0
ORD102018,78,1,0.138,97.4,toys,2,39.33,card,6,6.0,mobile,evening,0,0
ORD102019,214,3,0.3156,619.17,toys,2,34.37,card,7,,desktop,evening,0,1
ORD102020,236,4,0.248,4474.5,footwear,2,53.59,card,6,7.0,desktop,evening,0,0
ORD102021,98,1,0.4136,383.33,fashion,3,23.06,cod,3,5.0,tablet,evening,0,1
ORD102022,154,0,0.0,3474.94,sports,3,28.44,card,7,8.0,desktop,afternoon,0,0
ORD102023,1947,13,0.1978,6712.06,electronics,3,16.45,wallet,7,9.0,desktop,morning,0,0
ORD102024,1867,14,0.1516,346.46,footwear,3,34.27,upi,6,7.0,mobile,evening,0,0
ORD102025,56,0,0.0,285.24,sports,3,65.92,cod,5,3.0,desktop,morning,0,1
ORD102026,0,0,0.0,169.8,grocery,2,8.42,card,6,5.0,desktop,afternoon,1,0
ORD102027,56,0,0.0,1576.55,footwear,3,37.67,card,2,3.0,desktop,late_night,0,0
ORD102028,579,5,0.0401,214.97,home,2,6.33,card,4,4.0,desktop,evening,0,0
ORD102029,116,1,0.2127,2390.42,electronics,3,12.07,upi,7,7.0,desktop,afternoon,0,0
ORD102030,235,3,0.1127,1809.68,electronics,2,13.91,cod,1,,tablet,evening,0,1
ORD102031,1630,12,0.1125,278.28,beauty,2,16.75,card,2,2.0,desktop,late_night,0,0
ORD102032,179,1,0.5231,468.38,fashion,2,29.88,upi,2,4.0,mobile,morning,0,1
ORD102033,394,1,0.0782,776.7,home,2,20.92,netbanking,2,3.0,mobile,morning,0,0
ORD102034,321,4,0.1986,938.97,home,3,22.95,card,6,9.0,desktop,late_night,0,0
ORD102035,0,0,0.0,1391.58,beauty,2,56.88,card,7,8.0,mobile,late_night,1,1
ORD102036,0,0,0.0,494.66,fashion,3,37.46,upi,7,8.0,mobile,evening,1,0
ORD102037,71,0,0.0,481.04,toys,1,4.84,card,6,11.0,tablet,afternoon,0,1
ORD102038,791,8,0.207,1360.55,home,3,16.26,cod,6,7.0,mobile,morning,0,0
ORD102039,94,1,0.3787,477.83,sports,3,26.5,card,2,1.0,tablet,afternoon,0,0
ORD102040,107,0,0.0,5204.15,electronics,2,44.2,card,5,5.0,mobile,evening,0,0
ORD102041,0,0,0.0,533.24,sports,1,5.14,netbanking,7,6.0,mobile,afternoon,1,0
ORD102042,65,2,0.3636,920.02,fashion,6,31.39,card,7,8.0,desktop,evening,0,1
ORD102043,0,0,0.0,793.95,sports,2,37.9,upi,4,3.0,desktop,afternoon,1,0
ORD102044,0,0,0.0,294.99,grocery,2,5.34,card,2,2.0,mobile,evening,1,0
ORD102045,140,0,0.0,3576.08,home,4,13.0,card,7,6.0,mobile,morning,0,0
ORD102046,103,0,0.0,794.51,fashion,1,10.11,card,1,,mobile,afternoon,0,0
ORD102047,432,2,0.4602,180.1,grocery,1,20.55,card,6,7.0,desktop,late_night,0,0
ORD102048,288,3,0.3938,881.9,electronics,2,22.56,cod,7,5.0,desktop,evening,0,0
ORD102049,83,1,0.2311,1068.01,beauty,5,3.0,upi,7,7.0,desktop,evening,0,0
ORD102050,0,0,0.0,1206.22,home,1,7.64,card,4,3.0,mobile,morning,1,0
ORD102051,140,1,0.1205,515.28,footwear,4,37.42,upi,2,2.0,mobile,afternoon,0,1
ORD102052,929,9,0.1392,1430.17,fashion,3,8.64,card,6,6.0,mobile,late_night,0,0
ORD102053,0,0,0.0,537.17,sports,6,35.71,upi,1,2.0,mobile,afternoon,1,0
ORD102054,82,0,0.0,397.56,footwear,3,13.67,wallet,1,1.0,desktop,morning,0,0
ORD102055,52,0,0.0,796.24,home,2,18.87,card,7,7.0,desktop,evening,0,0
ORD102056,0,0,0.0,356.95,beauty,5,11.55,upi,1,1.0,mobile,afternoon,1,0
ORD102057,254,2,0.1804,85.78,grocery,4,14.51,netbanking,3,4.0,mobile,late_night,0,1
ORD102058,226,4,0.2116,1177.56,electronics,2,22.86,card,5,6.0,desktop,afternoon,0,0
ORD102059,743,4,0.1225,434.91,grocery,2,26.98,card,3,4.0,mobile,morning,0,0
ORD102060,0,0,0.0,504.99,fashion,2,15.63,upi,1,1.0,mobile,morning,1,0
ORD102061,2532,33,0.1541,286.06,grocery,3,10.08,card,1,1.0,mobile,afternoon,0,0
ORD102062,167,2,0.1424,251.0,toys,1,13.87,wallet,3,3.0,mobile,evening,0,0
ORD102063,136,1,0.2615,626.36,toys,4,11.33,upi,3,4.0,mobile,afternoon,0,0
ORD102064,43,0,0.0,931.72,fashion,3,22.02,cod,6,6.0,mobile,evening,0,1
ORD102065,0,0,0.0,2355.98,home,5,12.55,upi,5,4.0,tablet,morning,1,0
ORD102066,206,1,0.4764,410.19,toys,6,18.69,upi,1,2.0,mobile,late_night,0,0
ORD102067,0,0,0.0,244.95,grocery,2,13.81,netbanking,6,5.0,mobile,afternoon,1,0
ORD102068,51,0,0.0,801.56,toys,4,18.72,upi,4,7.0,desktop,afternoon,0,0
ORD102069,266,3,0.2417,263.89,grocery,5,22.95,cod,4,4.0,desktop,late_night,0,1
ORD102070,0,0,0.0,799.37,toys,2,57.66,upi,3,3.0,desktop,afternoon,1,1
ORD102071,211,3,0.0952,1102.92,fashion,1,26.59,card,1,6.0,mobile,morning,0,0
ORD102072,85,1,0.6112,347.58,footwear,1,24.16,card,4,5.0,desktop,morning,0,0
ORD102073,0,0,0.0,134.49,grocery,1,46.34,cod,5,6.0,mobile,evening,1,0
ORD102074,1729,8,0.3717,195.73,grocery,3,33.42,upi,4,4.0,mobile,afternoon,0,0
ORD102075,53,2,0.3143,220.04,footwear,2,7.8,card,3,2.0,desktop,afternoon,0,0
ORD102076,0,0,0.0,1078.06,grocery,6,11.45,card,4,4.0,tablet,morning,1,0
ORD102077,7,0,0.0,301.11,footwear,2,40.36,netbanking,2,6.0,mobile,evening,0,1
ORD102078,378,2,0.2147,989.27,beauty,3,26.34,card,4,3.0,mobile,afternoon,0,0
ORD102079,23,0,0.0,428.79,home,1,18.82,netbanking,2,3.0,desktop,afternoon,0,0
ORD102080,101,2,0.4386,625.16,grocery,2,30.24,upi,6,6.0,mobile,evening,0,0
ORD102081,42,0,0.0,2020.37,home,3,2.65,upi,2,4.0,tablet,evening,0,0
ORD102082,142,0,0.0,218.29,footwear,1,9.26,upi,4,5.0,mobile,evening,0,0
ORD102083,456,3,0.1587,475.97,toys,3,42.94,cod,5,7.0,mobile,evening,0,1
ORD102084,23,0,0.0,3161.99,sports,2,19.26,card,5,3.0,desktop,late_night,0,1
ORD102085,122,1,0.1267,473.71,beauty,3,9.24,upi,7,7.0,tablet,evening,0,0
ORD102086,103,0,0.0,968.27,toys,5,24.9,card,4,4.0,mobile,evening,0,0
ORD102087,1031,3,0.057,794.25,fashion,3,48.5,upi,5,7.0,desktop,evening,0,0
ORD102088,291,2,0.3957,1643.79,home,3,17.34,card,7,11.0,desktop,evening,0,0
ORD102089,49,0,0.0,4100.69,electronics,6,34.45,card,7,8.0,mobile,evening,0,0
ORD102090,107,1,0.2678,258.48,grocery,2,16.28,netbanking,2,4.0,mobile,afternoon,0,0
ORD102091,0,0,0.0,1696.24,electronics,1,43.31,upi,7,6.0,tablet,afternoon,1,0
ORD102092,397,5,0.1768,531.56,fashion,2,23.0,netbanking,6,,desktop,evening,0,0
ORD102093,66,0,0.0,370.85,home,3,7.52,card,1,1.0,tablet,morning,0,0
ORD102094,0,0,0.0,721.25,beauty,3,24.7,card,1,1.0,desktop,afternoon,1,0
ORD102095,139,1,0.2324,466.79,beauty,1,9.95,card,2,3.0,desktop,afternoon,0,0
ORD102096,100,0,0.0,1242.93,toys,2,10.44,wallet,4,5.0,desktop,evening,0,0
ORD102097,27,0,0.0,3731.77,sports,3,26.91,card,3,4.0,mobile,afternoon,0,1
ORD102098,86,1,0.2039,201.9,grocery,3,19.51,card,2,4.0,mobile,evening,0,0
ORD102099,835,3,0.0087,1267.14,electronics,3,1.59,card,4,5.0,desktop,late_night,0,0
ORD102100,119,1,0.2645,619.67,sports,5,23.03,netbanking,7,5.0,mobile,afternoon,0,0
ORD102101,161,1,0.4698,1217.35,beauty,2,24.0,wallet,6,5.0,mobile,evening,0,0
ORD102102,0,0,0.0,196.7,toys,4,6.57,card,5,6.0,mobile,evening,1,1
ORD102103,0,0,0.0,2150.62,electronics,2,7.65,card,2,3.0,mobile,morning,1,0
ORD102104,183,1,0.1141,233.96,fashion,2,12.84,upi,3,3.0,mobile,evening,0,0
ORD102105,603,2,0.3477,1236.5,beauty,4,9.71,cod,3,2.0,mobile,afternoon,0,1
ORD102106,93,1,0.0811,1102.03,fashion,2,8.91,card,2,,mobile,evening,0,1
ORD102107,0,0,0.0,330.76,toys,2,1.03,card,7,8.0,desktop,evening,1,0
ORD102108,183,1,0.4453,1556.14,beauty,1,4.09,upi,4,4.0,mobile,late_night,0,1
ORD102109,77,1,0.5542,504.55,home,2,32.09,upi,7,8.0,mobile,morning,0,0
ORD102110,144,1,0.2101,720.74,fashion,4,5.71,card,3,7.0,mobile,morning,0,0
ORD102111,481,3,0.4307,361.73,electronics,3,10.54,card,7,6.0,tablet,evening,0,1
ORD102112,75,0,0.0,2622.3,electronics,2,49.18,card,3,3.0,desktop,afternoon,0,0
ORD102113,181,1,0.4372,516.03,fashion,2,15.97,netbanking,6,4.0,desktop,afternoon,0,0
ORD102114,395,2,0.2957,565.67,fashion,3,29.41,cod,2,1.0,desktop,afternoon,0,0
ORD102115,0,0,0.0,224.58,beauty,2,32.55,wallet,7,7.0,mobile,evening,1,0
ORD102116,604,5,0.051,305.83,fashion,5,58.74,card,4,6.0,mobile,evening,0,0
ORD102117,196,2,0.1758,601.52,home,2,41.66,card,1,4.0,desktop,late_night,0,0
ORD102118,151,1,0.1292,1087.0,beauty,2,4.59,upi,3,5.0,desktop,afternoon,0,0
ORD102119,19,0,0.0,978.81,footwear,4,12.55,card,1,5.0,mobile,afternoon,0,0
ORD102120,120,0,0.0,520.23,sports,4,14.82,netbanking,6,8.0,desktop,evening,0,0
ORD102121,272,0,0.0,185.96,home,4,23.39,card,5,4.0,mobile,evening,0,0
ORD102122,1236,10,0.3341,1160.55,grocery,2,5.92,wallet,3,5.0,mobile,evening,0,0
ORD102123,338,0,0.0,130.15,footwear,1,22.69,card,1,2.0,mobile,afternoon,0,0
ORD102124,625,3,0.1019,1460.74,fashion,2,29.2,upi,3,5.0,desktop,evening,0,1
ORD102125,47,0,0.0,935.19,fashion,2,30.12,netbanking,1,1.0,tablet,morning,0,1
ORD102126,157,1,0.1672,1471.32,electronics,4,19.0,netbanking,1,1.0,mobile,evening,0,0
ORD102127,694,7,0.0612,1131.12,electronics,3,23.89,upi,4,2.0,mobile,evening,0,1
ORD102128,68,1,0.136,1256.38,footwear,4,12.89,card,7,6.0,desktop,afternoon,0,0
ORD102129,524,6,0.1694,3636.17,electronics,2,11.21,card,2,2.0,mobile,afternoon,0,0
ORD102130,406,6,0.1757,1431.81,fashion,3,29.25,wallet,4,4.0,mobile,afternoon,0,0
ORD102131,245,1,0.0068,1122.86,toys,5,15.91,netbanking,6,6.0,desktop,evening,0,0
ORD102132,0,0,0.0,587.43,electronics,3,21.53,upi,7,11.0,mobile,evening,1,0
ORD102133,0,0,0.0,182.57,grocery,7,10.16,cod,7,6.0,mobile,afternoon,1,0
ORD102134,1277,9,0.2611,613.59,sports,1,42.11,upi,6,5.0,mobile,afternoon,0,1
ORD102135,363,2,0.2688,995.41,sports,2,42.59,wallet,7,8.0,mobile,late_night,0,0
ORD102136,263,3,0.0178,1076.68,home,2,53.19,card,6,6.0,mobile,morning,0,0
ORD102137,115,2,0.3691,3579.63,electronics,5,22.6,card,7,7.0,mobile,morning,0,0
ORD102138,188,0,0.0,505.02,toys,4,39.33,upi,5,4.0,desktop,afternoon,0,0
ORD102139,0,0,0.0,1653.23,sports,6,41.14,cod,3,3.0,mobile,afternoon,1,0
ORD102140,0,0,0.0,229.71,grocery,5,13.29,card,5,6.0,desktop,morning,1,0
ORD102141,406,4,0.1979,1864.08,beauty,3,23.58,cod,1,1.0,mobile,morning,0,0
ORD102142,76,1,0.3028,471.34,footwear,2,30.2,netbanking,4,7.0,tablet,evening,0,0
ORD102143,0,0,0.0,279.45,beauty,2,20.25,card,3,2.0,desktop,afternoon,1,0
ORD102144,198,1,0.3214,887.17,footwear,4,1.64,upi,3,5.0,mobile,afternoon,0,0
ORD102145,0,0,0.0,1656.3,footwear,5,37.57,cod,3,3.0,desktop,afternoon,1,1
ORD102146,126,1,0.4209,985.52,electronics,3,64.78,card,6,7.0,tablet,evening,0,1
ORD102147,0,0,0.0,1378.8,electronics,3,24.91,wallet,3,6.0,mobile,morning,1,0
ORD102148,311,2,0.0667,686.15,home,3,25.04,upi,6,3.0,mobile,morning,0,0
ORD102149,1604,12,0.5794,824.42,electronics,5,4.18,wallet,7,6.0,mobile,evening,0,0
ORD102150,21,0,0.0,451.06,fashion,2,5.01,upi,7,6.0,mobile,evening,0,0
ORD102151,2211,23,0.1338,547.78,home,3,62.89,card,3,6.0,mobile,morning,0,0
ORD102152,140,2,0.6223,4301.83,electronics,1,54.27,cod,5,4.0,mobile,afternoon,0,1
ORD102153,0,0,0.0,496.36,beauty,3,59.0,cod,6,8.0,desktop,afternoon,1,1
ORD102154,38,0,0.0,1192.16,electronics,1,41.13,card,1,2.0,mobile,evening,0,0
ORD102155,0,0,0.0,6277.79,electronics,3,42.12,card,7,7.0,desktop,evening,1,0
ORD102156,189,2,0.4271,1838.91,toys,2,31.01,wallet,4,6.0,desktop,late_night,0,1
ORD102157,169,1,0.1926,985.16,grocery,4,49.73,card,7,7.0,desktop,late_night,0,0
ORD102158,21,1,0.4045,215.62,grocery,4,46.73,card,1,1.0,desktop,morning,0,0
ORD102159,196,1,0.364,912.16,beauty,1,29.53,card,2,3.0,mobile,morning,0,1
ORD102160,459,1,0.3007,2315.24,toys,5,4.09,upi,1,2.0,mobile,evening,0,0
ORD102161,139,1,0.6126,335.97,beauty,4,39.16,netbanking,6,9.0,desktop,evening,0,0
ORD102162,659,2,0.3102,570.51,fashion,3,39.71,card,5,6.0,desktop,late_night,0,0
ORD102163,630,7,0.252,651.88,home,4,18.82,upi,7,8.0,mobile,late_night,0,0
ORD102164,0,0,0.0,515.28,beauty,4,54.58,card,1,1.0,mobile,evening,1,0
ORD102165,1047,14,0.4796,1849.82,toys,7,8.11,card,1,1.0,mobile,morning,0,0
ORD102166,0,0,0.0,925.92,home,2,4.76,card,7,6.0,mobile,late_night,1,0
ORD102167,191,0,0.0,497.09,footwear,1,17.3,card,5,4.0,desktop,morning,0,0
ORD102168,202,2,0.2873,825.29,home,4,19.06,card,5,3.0,mobile,evening,0,0
ORD102169,195,3,0.1837,3876.51,electronics,7,31.17,card,5,6.0,mobile,evening,0,0
ORD102170,10,1,0.3259,121.84,home,2,19.79,card,1,1.0,tablet,evening,0,0
ORD102171,147,3,0.2422,965.05,footwear,2,24.77,card,7,6.0,mobile,evening,0,0
ORD102172,40,1,0.2456,1444.71,electronics,2,7.18,wallet,3,2.0,tablet,evening,0,0
ORD102173,1084,9,0.3092,606.87,sports,4,12.68,upi,2,4.0,desktop,evening,0,0
ORD102174,1037,9,0.6879,257.95,home,2,17.52,upi,2,2.0,mobile,afternoon,0,0
ORD102175,462,5,0.2465,792.88,toys,2,68.56,cod,5,5.0,mobile,late_night,0,0
ORD102176,139,1,0.1051,778.27,sports,3,12.45,upi,3,6.0,mobile,late_night,0,1
ORD102177,0,0,0.0,404.98,grocery,1,25.25,netbanking,1,6.0,mobile,morning,1,0
ORD102178,87,0,0.0,767.45,electronics,1,51.03,card,7,8.0,desktop,evening,0,0
ORD102179,0,0,0.0,194.38,footwear,5,60.89,cod,5,6.0,desktop,evening,1,0
ORD102180,0,0,0.0,124.97,grocery,2,31.04,upi,2,2.0,desktop,evening,1,0
ORD102181,0,0,0.0,377.0,beauty,3,15.08,card,3,3.0,mobile,morning,1,0
ORD102182,0,0,0.0,474.2,electronics,1,13.4,card,2,2.0,mobile,afternoon,1,0
ORD102183,944,8,0.1929,325.31,grocery,2,14.55,card,6,5.0,tablet,evening,0,0
ORD102184,1124,10,0.3396,1416.56,beauty,1,18.27,upi,2,2.0,mobile,evening,0,0
ORD102185,568,5,0.4131,51.34,grocery,1,19.52,wallet,6,7.0,mobile,evening,0,0
ORD102186,0,0,0.0,536.36,home,2,37.75,card,5,4.0,desktop,evening,1,0
ORD102187,192,0,0.0,390.52,beauty,2,33.68,wallet,6,6.0,mobile,afternoon,0,0
ORD102188,18,0,0.0,1476.11,electronics,2,7.06,netbanking,4,5.0,mobile,afternoon,0,1
ORD102189,0,0,0.0,4231.08,electronics,1,14.2,card,2,2.0,mobile,afternoon,1,1
ORD102190,359,1,0.4543,218.03,grocery,1,18.9,wallet,3,2.0,mobile,late_night,0,0
ORD102191,156,1,0.2,1376.79,electronics,3,10.07,card,4,3.0,desktop,afternoon,0,0
ORD102192,148,0,0.0,1307.53,electronics,3,27.27,upi,2,3.0,tablet,afternoon,0,0
ORD102193,62,1,0.2318,2367.68,electronics,5,28.33,wallet,2,3.0,desktop,afternoon,0,1
ORD102194,60,0,0.0,930.18,grocery,4,49.93,upi,6,7.0,mobile,evening,0,0
ORD102195,0,0,0.0,515.39,toys,6,11.16,card,1,2.0,mobile,evening,1,0
ORD102196,1424,13,0.2375,1932.79,fashion,2,15.66,cod,2,1.0,desktop,late_night,0,0
ORD102197,180,0,0.0,471.27,beauty,1,37.41,wallet,3,5.0,desktop,evening,0,0
ORD102198,247,1,0.2752,303.5,footwear,3,4.19,upi,7,7.0,mobile,afternoon,0,1
ORD102199,61,1,0.265,1602.65,footwear,2,24.39,upi,7,8.0,mobile,evening,0,1
ORD102200,367,3,0.2094,723.7,footwear,3,13.99,netbanking,5,6.0,mobile,afternoon,0,0
ORD102201,0,0,0.0,2000.53,footwear,2,18.03,card,6,7.0,mobile,evening,1,1
ORD102202,0,0,0.0,3011.59,electronics,1,11.86,card,5,7.0,desktop,afternoon,1,1
ORD102203,301,2,0.0409,3247.14,electronics,1,11.51,cod,4,5.0,tablet,morning,0,0
ORD102204,327,2,0.3906,431.0,footwear,3,19.55,upi,5,4.0,mobile,evening,0,0
ORD102205,323,4,0.0496,224.99,beauty,3,31.5,upi,7,,mobile,morning,0,0
ORD102206,1104,14,0.142,285.97,grocery,2,12.65,card,5,6.0,desktop,afternoon,0,0
ORD102207,1702,12,0.141,341.19,home,3,9.51,netbanking,7,9.0,desktop,evening,0,0
ORD102208,140,1,0.1646,310.33,fashion,4,3.25,upi,3,2.0,desktop,morning,0,1
ORD102209,380,2,0.1246,260.71,beauty,4,21.69,netbanking,1,1.0,desktop,afternoon,0,0
ORD102210,0,0,0.0,218.08,toys,3,6.13,card,5,6.0,mobile,evening,1,0
ORD102211,90,0,0.0,408.84,beauty,3,26.09,card,6,8.0,desktop,evening,0,0
ORD102212,0,0,0.0,522.35,toys,1,11.84,upi,4,3.0,mobile,morning,1,1
ORD102213,379,1,0.2105,457.58,fashion,3,31.08,card,4,3.0,mobile,morning,0,0
ORD102214,0,0,0.0,306.77,footwear,4,20.0,card,4,1.0,desktop,late_night,1,1
ORD102215,68,0,0.0,246.43,beauty,3,35.14,card,7,7.0,desktop,morning,0,0
ORD102216,108,0,0.0,1982.56,electronics,1,21.86,netbanking,5,4.0,tablet,afternoon,0,0
ORD102217,0,0,0.0,617.8,footwear,2,18.63,upi,5,6.0,desktop,afternoon,1,0
ORD102218,0,0,0.0,1025.2,sports,2,9.65,upi,1,1.0,desktop,evening,1,1
ORD102219,255,1,0.3784,903.15,electronics,2,9.49,upi,1,1.0,desktop,evening,0,1
ORD102220,287,1,0.1325,688.49,toys,2,18.99,card,1,1.0,mobile,afternoon,0,0
ORD102221,532,4,0.16,1648.49,sports,3,7.29,cod,4,4.0,desktop,afternoon,0,0
ORD102222,70,3,0.1561,264.6,fashion,4,26.49,card,6,6.0,mobile,morning,0,0
ORD102223,96,0,0.0,692.97,sports,3,25.27,upi,5,7.0,mobile,morning,0,0
ORD102224,0,0,0.0,92.1,grocery,2,30.81,wallet,6,5.0,desktop,evening,1,0
ORD102225,151,1,0.0994,522.24,grocery,1,9.82,upi,6,6.0,desktop,afternoon,0,0
ORD102226,187,1,0.0245,3484.47,footwear,3,15.61,upi,3,3.0,mobile,evening,0,0
ORD102227,149,1,0.0867,1381.99,footwear,2,16.47,card,6,5.0,mobile,late_night,0,0
ORD102228,630,4,0.1853,794.99,home,1,12.37,card,3,3.0,mobile,morning,0,0
ORD102229,657,6,0.2865,738.19,fashion,2,23.25,card,6,,desktop,evening,0,0
ORD102230,616,5,0.1665,438.06,grocery,2,35.86,card,1,,mobile,evening,0,0
ORD102231,186,1,0.2517,212.26,toys,4,6.89,upi,1,1.0,mobile,morning,0,0
ORD102232,69,0,0.0,991.91,sports,3,16.36,upi,7,8.0,tablet,morning,0,0
ORD102233,0,0,0.0,1660.82,electronics,1,13.72,card,6,4.0,tablet,afternoon,1,0
ORD102234,464,2,0.0314,752.85,home,4,1.22,card,1,6.0,desktop,afternoon,0,0
ORD102235,0,0,0.0,545.15,footwear,2,30.61,card,4,6.0,mobile,evening,1,1
ORD102236,868,8,0.1677,1795.98,electronics,3,55.23,card,2,7.0,mobile,afternoon,0,0
ORD102237,100,3,0.309,834.17,electronics,4,7.35,card,3,2.0,mobile,morning,0,0
ORD102238,855,8,0.3911,519.69,home,1,23.88,upi,4,6.0,mobile,late_night,0,0
ORD102239,921,5,0.2729,890.24,footwear,4,48.34,card,4,3.0,mobile,late_night,0,0
ORD102240,65,1,0.1991,640.46,fashion,3,22.77,card,6,7.0,desktop,evening,0,0
ORD102241,343,2,0.6687,741.41,footwear,1,22.16,card,3,2.0,mobile,late_night,0,0
ORD102242,428,4,0.3642,1302.33,fashion,3,30.54,cod,7,7.0,desktop,evening,0,1
ORD102243,3000,26,0.0852,614.35,fashion,6,13.34,upi,7,8.0,desktop,evening,0,1
ORD102244,80,1,0.0667,759.33,home,3,10.16,upi,5,4.0,desktop,morning,0,0
ORD102245,876,9,0.2267,695.11,beauty,1,36.97,cod,5,5.0,mobile,morning,0,1
ORD102246,184,1,0.3843,1769.62,toys,2,8.23,upi,6,6.0,mobile,morning,0,0
ORD102247,46,0,0.0,528.34,footwear,3,20.54,upi,3,3.0,mobile,late_night,0,0
ORD102248,158,1,0.2269,908.0,fashion,5,32.78,card,6,5.0,mobile,morning,0,0
ORD102249,181,3,0.4156,245.01,grocery,2,16.2,wallet,2,1.0,mobile,evening,0,1
ORD102250,56,1,0.4139,453.78,home,5,3.69,card,7,4.0,desktop,afternoon,0,0
ORD102251,255,1,0.2752,938.43,sports,1,27.63,card,5,5.0,mobile,late_night,0,0
ORD102252,519,6,0.2045,1349.3,home,4,10.97,upi,1,,mobile,morning,0,0
ORD102253,235,3,0.771,286.59,toys,5,43.55,wallet,3,2.0,mobile,afternoon,0,0
ORD102254,0,0,0.0,1444.51,fashion,3,24.37,wallet,6,6.0,mobile,morning,1,0
ORD102255,153,1,0.1113,725.77,sports,3,9.33,upi,2,4.0,mobile,late_night,0,0
ORD102256,0,0,0.0,1237.91,electronics,2,25.83,upi,1,1.0,mobile,morning,1,0
ORD102257,0,0,0.0,868.78,toys,3,12.28,card,2,3.0,desktop,evening,1,0
ORD102258,614,9,0.4823,797.88,fashion,1,27.48,upi,3,2.0,desktop,late_night,0,0
ORD102259,244,2,0.1873,439.88,footwear,3,5.73,netbanking,1,1.0,desktop,morning,0,0
ORD102260,38,0,0.0,176.5,beauty,4,0.68,card,5,4.0,mobile,afternoon,0,1
ORD102261,0,0,0.0,2195.0,fashion,2,54.75,upi,5,5.0,mobile,afternoon,1,1
ORD102262,217,4,0.1854,996.88,home,2,10.76,netbanking,2,1.0,mobile,morning,0,0
ORD102263,624,4,0.4433,6269.45,electronics,2,31.14,netbanking,1,4.0,desktop,evening,0,0
ORD102264,755,6,0.401,625.41,home,2,16.8,card,1,1.0,tablet,late_night,0,1
ORD102265,1276,8,0.1577,371.1,grocery,2,15.37,card,6,6.0,mobile,afternoon,0,0
ORD102266,209,3,0.0941,186.11,beauty,3,12.32,card,3,7.0,mobile,afternoon,0,0
ORD102267,419,3,0.208,145.32,grocery,6,32.18,card,1,1.0,mobile,evening,0,0
ORD102268,36,0,0.0,1250.14,electronics,2,41.1,netbanking,3,4.0,mobile,evening,0,0
ORD102269,0,0,0.0,942.53,grocery,1,7.73,card,6,6.0,mobile,afternoon,1,0
ORD102270,55,0,0.0,1037.83,home,5,15.19,cod,4,2.0,desktop,evening,0,0
ORD102271,169,1,0.2086,1888.84,home,4,16.49,upi,5,3.0,mobile,evening,0,0
ORD102272,3000,26,0.1108,1824.22,beauty,2,31.16,card,2,1.0,desktop,afternoon,0,1
ORD102273,0,0,0.0,1717.25,home,3,45.78,upi,5,7.0,mobile,morning,1,0
ORD102274,0,0,0.0,1665.95,home,2,25.97,upi,4,5.0,mobile,morning,1,1
ORD102275,283,3,0.3775,1855.41,electronics,1,56.66,wallet,2,2.0,mobile,afternoon,0,0
ORD102276,102,1,0.1166,1215.95,beauty,7,30.62,upi,7,7.0,mobile,morning,0,0
ORD102277,63,0,0.0,2182.22,electronics,2,23.5,card,1,1.0,tablet,morning,0,0
ORD102278,0,0,0.0,1468.18,fashion,4,6.12,wallet,2,3.0,mobile,evening,1,1
ORD102279,586,4,0.3007,528.37,fashion,4,5.25,upi,1,2.0,mobile,afternoon,0,0
ORD102280,265,3,0.247,837.03,toys,2,36.92,card,3,2.0,mobile,evening,0,0
ORD102281,117,2,0.4731,694.67,toys,4,16.3,netbanking,7,7.0,desktop,evening,0,0
ORD102282,128,2,0.449,763.21,sports,2,2.7,netbanking,5,3.0,mobile,morning,0,0
ORD102283,989,11,0.0311,329.5,home,2,6.09,card,7,6.0,desktop,morning,0,0
ORD102284,253,2,0.1169,2120.56,electronics,1,15.92,upi,4,2.0,tablet,afternoon,0,0
ORD102285,6,0,0.0,1313.3,sports,3,30.34,card,3,5.0,mobile,evening,0,0
ORD102286,0,0,0.0,219.12,beauty,3,28.06,netbanking,2,1.0,mobile,late_night,1,0
ORD102287,221,1,0.237,571.18,toys,2,17.46,upi,2,2.0,desktop,afternoon,0,0
ORD102288,264,3,0.1253,2084.17,electronics,2,7.81,wallet,5,9.0,mobile,afternoon,0,0
ORD102289,599,3,0.2334,640.38,grocery,2,6.93,card,3,1.0,desktop,morning,0,0
ORD102290,0,0,0.0,365.71,grocery,3,7.58,card,2,1.0,mobile,evening,1,0
ORD102291,412,1,0.1973,722.02,beauty,5,23.35,cod,7,7.0,mobile,afternoon,0,0
ORD102292,113,3,0.1852,663.97,footwear,3,17.88,card,2,3.0,mobile,afternoon,0,0
ORD102293,46,0,0.0,414.57,toys,5,21.09,card,6,4.0,mobile,morning,0,0
ORD102294,246,1,0.2339,802.77,home,3,28.3,netbanking,5,9.0,mobile,late_night,0,0
ORD102295,875,6,0.2288,214.71,grocery,3,21.99,card,6,8.0,mobile,afternoon,0,0
ORD102296,88,0,0.0,746.94,home,2,33.03,netbanking,4,4.0,mobile,evening,0,0
ORD102297,81,1,0.2751,952.28,fashion,3,29.03,upi,1,7.0,tablet,evening,0,1
ORD102298,694,4,0.1207,1292.64,home,3,21.74,upi,1,1.0,mobile,evening,0,0
ORD102299,109,0,0.0,2311.27,electronics,4,11.74,cod,4,4.0,mobile,evening,0,0
ORD102300,0,0,0.0,1188.27,sports,2,38.16,card,3,4.0,mobile,evening,1,0
ORD102301,120,0,0.0,1299.25,toys,4,33.36,netbanking,2,4.0,desktop,evening,0,1
ORD102302,168,0,0.0,4246.28,electronics,1,6.78,netbanking,1,2.0,desktop,late_night,0,0
ORD102303,32,1,0.1614,491.59,beauty,1,18.29,cod,7,6.0,desktop,evening,0,0
ORD102304,100,1,0.1349,2623.68,home,3,17.82,upi,3,5.0,mobile,afternoon,0,0
ORD102305,233,0,0.0,1193.84,beauty,1,37.96,upi,4,5.0,mobile,afternoon,0,1
ORD102306,231,3,0.5529,982.7,home,3,36.3,upi,1,1.0,desktop,evening,0,0
ORD102307,647,3,0.2684,1102.29,electronics,3,28.84,card,1,1.0,mobile,afternoon,0,0
ORD102308,1371,9,0.4014,228.95,grocery,4,26.14,upi,6,6.0,desktop,afternoon,0,0
ORD102309,0,0,0.0,1016.28,sports,2,12.5,upi,1,1.0,mobile,afternoon,1,0
ORD102310,0,0,0.0,532.8,fashion,2,19.69,cod,7,10.0,mobile,afternoon,1,1
ORD102311,153,2,0.067,333.71,fashion,3,44.69,card,4,4.0,mobile,evening,0,1
ORD102312,91,1,0.2696,428.2,home,2,19.74,card,3,4.0,mobile,late_night,0,0
ORD102313,184,2,0.2189,218.72,grocery,4,23.19,card,3,2.0,mobile,morning,0,0
ORD102314,345,5,0.1688,635.69,sports,2,9.14,cod,6,9.0,desktop,afternoon,0,0
ORD102315,447,5,0.1222,449.03,electronics,5,8.88,cod,5,7.0,mobile,morning,0,0
ORD102316,359,2,0.2734,1589.73,home,4,13.45,upi,3,5.0,desktop,afternoon,0,1
ORD102317,158,0,0.0,1063.89,toys,4,23.03,card,7,7.0,desktop,morning,0,0
ORD102318,430,4,0.2656,2564.31,electronics,4,34.74,card,6,6.0,mobile,evening,0,0
ORD102319,0,0,0.0,151.69,fashion,2,29.63,card,6,3.0,mobile,late_night,1,1
ORD102320,477,3,0.3316,450.4,toys,2,14.3,card,5,5.0,mobile,morning,0,1
ORD102321,174,6,0.3231,1009.92,footwear,4,29.28,cod,5,5.0,mobile,afternoon,0,0
ORD102322,72,0,0.0,2287.14,sports,2,4.09,card,4,5.0,tablet,afternoon,0,1
ORD102323,70,0,0.0,3366.67,footwear,3,37.75,upi,5,6.0,mobile,late_night,0,0
ORD102324,85,3,0.2769,444.81,beauty,3,14.43,card,2,1.0,desktop,afternoon,0,0
ORD102325,0,0,0.0,1065.96,sports,2,12.65,upi,5,6.0,mobile,late_night,1,0
ORD102326,321,1,0.4045,1034.5,footwear,2,3.4,card,1,1.0,mobile,morning,0,1
ORD102327,38,0,0.0,1121.86,electronics,5,35.54,card,1,1.0,mobile,evening,0,0
ORD102328,104,0,0.0,988.8,electronics,2,13.26,upi,2,2.0,mobile,late_night,0,0
ORD102329,236,0,0.0,1638.97,home,2,1.98,netbanking,1,2.0,mobile,late_night,0,1
ORD102330,67,0,0.0,2721.85,electronics,2,0.96,wallet,2,3.0,mobile,evening,0,1
ORD102331,292,0,0.0,766.41,home,1,28.02,wallet,5,5.0,mobile,morning,0,0
ORD102332,0,0,0.0,147.23,beauty,2,33.52,card,4,4.0,desktop,morning,1,0
ORD102333,81,1,0.332,378.64,electronics,3,7.56,cod,3,4.0,mobile,morning,0,0
ORD102334,192,3,0.3005,419.19,beauty,1,4.22,cod,7,5.0,desktop,evening,0,0
ORD102335,279,4,0.2513,715.62,footwear,1,18.33,card,6,5.0,desktop,evening,0,0
ORD102336,0,0,0.0,619.08,footwear,5,24.61,card,2,1.0,mobile,late_night,1,0
ORD102337,138,0,0.0,1241.78,fashion,2,51.21,upi,4,4.0,desktop,afternoon,0,0
ORD102338,303,2,0.2474,598.83,toys,3,10.09,card,1,1.0,mobile,afternoon,0,0
ORD102339,78,1,0.1986,423.85,electronics,5,45.07,wallet,6,4.0,desktop,evening,0,0
ORD102340,29,1,0.3175,6852.31,electronics,4,40.66,wallet,1,1.0,mobile,evening,0,1
ORD102341,33,0,0.0,76.01,beauty,3,43.03,card,5,10.0,desktop,evening,0,0
ORD102342,114,0,0.0,1151.53,electronics,3,31.67,upi,3,4.0,mobile,morning,0,0
ORD102343,42,0,0.0,438.18,home,4,27.98,card,3,4.0,mobile,morning,0,0
ORD102344,123,1,0.073,2376.25,electronics,4,13.18,wallet,7,8.0,mobile,morning,0,1
ORD102345,1131,12,0.3804,687.49,electronics,2,9.75,card,6,5.0,mobile,evening,0,0
ORD102346,0,0,0.0,1518.31,sports,2,31.26,card,1,1.0,desktop,morning,1,1
ORD102347,0,0,0.0,531.63,fashion,2,12.1,card,6,4.0,desktop,evening,1,0
ORD102348,1892,18,0.1007,2801.72,electronics,2,14.4,netbanking,3,3.0,mobile,afternoon,0,0
ORD102349,283,2,0.0984,82.56,beauty,1,9.8,card,7,7.0,mobile,afternoon,0,0
ORD102350,120,3,0.411,767.36,home,3,10.21,card,7,7.0,mobile,afternoon,0,0
ORD102351,0,0,0.0,1439.07,home,2,47.3,card,1,1.0,mobile,evening,1,1
ORD102352,290,4,0.3192,199.36,beauty,7,10.63,upi,3,4.0,mobile,evening,0,0
ORD102353,1170,12,0.2957,365.41,grocery,3,29.97,card,2,3.0,tablet,afternoon,0,0
ORD102354,101,1,0.1126,803.39,fashion,3,27.89,upi,1,1.0,mobile,afternoon,0,1
ORD102355,0,0,0.0,787.95,fashion,2,64.81,card,7,7.0,tablet,morning,1,1
ORD102356,39,1,0.2037,1312.68,electronics,3,44.83,netbanking,1,5.0,mobile,afternoon,0,0
ORD102357,203,0,0.0,1469.02,home,2,12.06,card,5,5.0,mobile,late_night,0,0
ORD102358,0,0,0.0,375.24,grocery,2,60.98,card,2,1.0,desktop,evening,1,0
ORD102359,108,1,0.2913,810.51,fashion,3,10.32,upi,7,6.0,desktop,late_night,0,0
ORD102360,0,0,0.0,294.17,beauty,5,2.68,card,6,7.0,mobile,evening,1,1
ORD102361,590,4,0.4402,848.8,electronics,2,19.6,card,1,2.0,mobile,evening,0,0
ORD102362,103,2,0.0387,1233.02,home,2,28.19,card,1,1.0,mobile,evening,0,0
ORD102363,0,0,0.0,538.21,home,4,20.44,upi,3,1.0,desktop,afternoon,1,1
ORD102364,31,0,0.0,2018.2,footwear,3,57.91,upi,6,7.0,mobile,evening,0,1
ORD102365,209,1,0.1155,3060.99,footwear,4,44.48,cod,1,1.0,desktop,morning,0,0
ORD102366,48,1,0.3565,179.33,grocery,6,4.66,card,2,1.0,tablet,afternoon,0,0
ORD102367,113,0,0.0,289.33,toys,2,8.05,upi,7,9.0,mobile,evening,0,0
ORD102368,2063,26,0.4141,1002.19,footwear,1,6.22,upi,1,1.0,mobile,afternoon,0,0
ORD102369,505,2,0.0211,545.88,beauty,3,30.24,card,7,8.0,desktop,evening,0,0
ORD102370,157,1,0.1227,862.92,home,4,11.7,card,4,5.0,mobile,morning,0,0
ORD102371,3000,30,0.0798,660.23,beauty,3,26.69,upi,1,1.0,mobile,evening,0,1
ORD102372,66,0,0.0,843.85,toys,2,8.89,netbanking,6,11.0,mobile,late_night,0,0
ORD102373,653,6,0.1728,256.97,beauty,1,1.85,card,4,5.0,tablet,evening,0,0
ORD102374,33,0,0.0,282.95,toys,2,33.33,upi,2,7.0,tablet,afternoon,0,0
ORD102375,138,1,0.3306,238.86,home,5,11.8,card,1,1.0,mobile,morning,0,1
ORD102376,0,0,0.0,202.78,fashion,3,12.87,upi,2,2.0,mobile,evening,1,1
ORD102377,240,5,0.343,339.54,fashion,4,21.13,upi,5,5.0,mobile,late_night,0,0
ORD102378,192,1,0.1917,348.82,beauty,2,21.91,card,5,7.0,mobile,morning,0,1
ORD102379,129,0,0.0,2962.61,electronics,2,8.76,netbanking,2,2.0,mobile,morning,0,0
ORD102380,0,0,0.0,1356.0,home,2,17.26,upi,7,7.0,mobile,afternoon,1,0
ORD102381,97,1,0.2509,408.34,grocery,3,25.44,card,2,1.0,mobile,evening,0,0
ORD102382,259,2,0.2035,384.38,beauty,3,10.26,upi,6,6.0,tablet,afternoon,0,0
ORD102383,447,2,0.1027,1404.48,grocery,3,32.82,upi,5,6.0,mobile,evening,0,0
ORD102384,35,1,0.2612,287.93,fashion,2,70.38,upi,7,5.0,desktop,evening,0,0
ORD102385,79,0,0.0,802.02,sports,3,19.35,card,4,6.0,mobile,afternoon,0,1
ORD102386,0,0,0.0,2147.33,electronics,1,33.01,card,5,7.0,mobile,morning,1,0
ORD102387,362,3,0.1582,137.77,grocery,2,30.48,upi,2,,mobile,morning,0,1
ORD102388,865,5,0.5808,1370.03,electronics,6,5.45,card,3,3.0,mobile,afternoon,0,0
ORD102389,142,1,0.2175,267.89,footwear,4,29.58,netbanking,3,3.0,mobile,afternoon,0,1
ORD102390,127,1,0.2994,696.23,home,9,36.22,upi,4,3.0,tablet,afternoon,0,0
ORD102391,69,2,0.0919,1859.4,fashion,4,22.3,cod,3,3.0,mobile,evening,0,1
ORD102392,260,2,0.117,744.33,fashion,2,9.06,upi,2,5.0,desktop,evening,0,0
ORD102393,130,1,0.3308,6534.87,electronics,3,8.3,cod,2,7.0,desktop,evening,0,0
ORD102394,134,1,0.1547,4573.57,electronics,4,58.04,upi,1,1.0,mobile,late_night,0,0
ORD102395,0,0,0.0,261.75,footwear,1,21.97,card,1,2.0,mobile,morning,1,0
ORD102396,332,3,0.0039,427.35,sports,6,15.52,wallet,2,3.0,desktop,morning,0,0
ORD102397,97,1,0.3829,1806.24,fashion,3,3.28,card,1,1.0,mobile,afternoon,0,0
ORD102398,77,1,0.1229,481.4,toys,6,5.09,cod,6,7.0,mobile,afternoon,0,1
ORD102399,291,3,0.3316,602.1,electronics,1,12.45,card,7,6.0,desktop,late_night,0,0
ORD102400,6,0,0.0,573.81,grocery,3,53.48,card,3,6.0,desktop,afternoon,0,0
ORD102401,0,0,0.0,1513.26,toys,4,3.89,card,7,8.0,mobile,late_night,1,0
ORD102402,51,2,0.1331,1253.06,beauty,4,4.32,card,7,7.0,desktop,morning,0,0
ORD102403,0,0,0.0,1252.41,home,2,8.24,card,4,2.0,mobile,late_night,1,0
ORD102404,0,0,0.0,1015.23,beauty,3,16.43,card,2,1.0,mobile,evening,1,0
ORD102405,97,1,0.1133,1377.34,sports,3,21.61,netbanking,4,4.0,mobile,afternoon,0,1
ORD102406,171,0,0.0,336.9,fashion,2,18.39,upi,4,2.0,mobile,evening,0,0
ORD102407,94,1,0.4614,1925.45,home,1,10.01,card,6,6.0,mobile,afternoon,0,0
ORD102408,116,1,0.1447,759.59,home,1,15.24,card,6,7.0,desktop,late_night,0,0
ORD102409,0,0,0.0,1075.84,grocery,2,14.49,upi,7,7.0,mobile,morning,1,0
ORD102410,113,0,0.0,520.74,fashion,2,14.85,upi,4,4.0,mobile,evening,0,0
ORD102411,0,0,0.0,374.77,beauty,1,13.09,card,2,7.0,mobile,afternoon,1,1
ORD102412,59,2,0.1121,792.97,electronics,3,5.88,card,2,1.0,desktop,morning,0,0
ORD102413,50,0,0.0,489.1,grocery,2,13.45,upi,3,4.0,tablet,afternoon,0,0
ORD102414,193,0,0.0,2506.13,fashion,3,9.8,upi,5,6.0,mobile,late_night,0,0
ORD102415,253,1,0.2203,902.82,toys,6,40.07,upi,7,7.0,mobile,late_night,0,0
ORD102416,37,1,0.2625,702.4,fashion,2,35.56,cod,2,4.0,mobile,morning,0,1
ORD102417,418,6,0.2506,376.08,toys,3,7.41,card,3,4.0,tablet,evening,0,1
ORD102418,420,4,0.3369,558.46,home,7,61.11,cod,1,1.0,mobile,afternoon,0,0
ORD102419,0,0,0.0,2256.27,sports,1,18.39,card,4,5.0,mobile,afternoon,1,0
ORD102420,252,1,0.3286,426.37,fashion,2,24.12,netbanking,5,6.0,mobile,morning,0,1
ORD102421,365,2,0.3351,222.56,sports,3,14.84,upi,1,1.0,mobile,evening,0,0
ORD102422,2005,20,0.2141,7245.78,home,3,8.89,wallet,4,3.0,desktop,late_night,0,0
ORD102423,130,1,0.267,814.51,fashion,2,53.64,card,4,5.0,desktop,late_night,0,1
ORD102424,0,0,0.0,736.18,sports,2,61.66,netbanking,4,4.0,mobile,evening,1,0
ORD102425,33,0,0.0,1062.47,electronics,3,15.29,cod,6,,desktop,afternoon,0,0
ORD102426,1250,10,0.3374,1083.58,footwear,2,30.06,upi,6,5.0,mobile,evening,0,1
ORD102427,1268,17,0.4026,296.25,fashion,5,26.59,upi,2,2.0,mobile,morning,0,1
ORD102428,65,1,0.1748,572.28,home,4,34.43,card,7,7.0,mobile,evening,0,0
ORD102429,81,1,0.2893,597.93,beauty,4,28.95,upi,1,6.0,desktop,evening,0,1
ORD102430,0,0,0.0,916.88,electronics,3,41.4,wallet,3,3.0,mobile,late_night,1,0
ORD102431,696,5,0.2575,129.66,grocery,3,14.27,wallet,1,4.0,mobile,late_night,0,0
ORD102432,43,0,0.0,356.54,toys,2,3.4,card,1,3.0,mobile,evening,0,0
ORD102433,20,0,0.0,725.82,home,3,23.45,upi,3,4.0,desktop,evening,0,0
ORD102434,1967,17,0.1808,808.01,sports,3,61.97,upi,3,3.0,desktop,evening,0,0
ORD102435,0,0,0.0,548.62,fashion,1,1.08,cod,3,4.0,mobile,morning,1,0
ORD102436,298,1,0.1728,358.57,grocery,3,78.11,card,1,4.0,desktop,morning,0,0
ORD102437,144,1,0.14,181.05,grocery,2,38.41,card,3,8.0,desktop,late_night,0,0
ORD102438,302,1,0.1386,1087.48,home,2,59.7,wallet,4,4.0,desktop,evening,0,0
ORD102439,34,0,0.0,441.13,fashion,4,12.2,upi,1,1.0,mobile,late_night,0,0
ORD102440,0,0,0.0,812.3,home,1,0.97,wallet,7,6.0,mobile,evening,1,1
ORD102441,203,1,0.1773,471.68,footwear,5,7.17,cod,3,3.0,desktop,morning,0,1
ORD102442,14,1,0.0595,186.49,fashion,2,24.04,upi,6,7.0,mobile,evening,0,0
ORD102443,129,0,0.0,1092.19,home,1,41.22,card,5,4.0,desktop,afternoon,0,0
ORD102444,121,1,0.3792,932.19,beauty,4,10.69,card,6,7.0,mobile,evening,0,1
ORD102445,129,1,0.0973,352.19,grocery,2,24.91,netbanking,2,1.0,desktop,afternoon,0,0
ORD102446,98,0,0.0,310.15,footwear,4,13.32,netbanking,3,6.0,mobile,afternoon,0,1
ORD102447,60,0,0.0,377.89,sports,3,12.48,card,5,5.0,mobile,afternoon,0,0
ORD102448,24,0,0.0,799.49,beauty,4,12.01,upi,7,6.0,tablet,afternoon,0,1
ORD102449,212,2,0.1286,590.75,beauty,2,3.33,netbanking,5,5.0,desktop,evening,0,0
ORD102450,130,0,0.0,821.23,footwear,5,19.87,card,6,4.0,tablet,late_night,0,0
ORD102451,39,1,0.2085,534.65,grocery,3,66.9,card,3,3.0,mobile,evening,0,0
ORD102452,194,2,0.0707,706.56,beauty,2,23.31,card,1,2.0,mobile,evening,0,0
ORD102453,0,0,0.0,803.77,footwear,3,22.58,upi,5,6.0,mobile,evening,1,0
ORD102454,109,1,0.3932,2344.83,home,2,14.39,card,2,2.0,mobile,afternoon,0,0
ORD102455,16,0,0.0,5631.73,electronics,3,62.36,upi,1,4.0,desktop,evening,0,1
ORD102456,384,3,0.1226,2346.89,sports,2,30.31,upi,7,7.0,mobile,late_night,0,1
ORD102457,46,1,0.0474,1634.83,sports,4,29.7,card,7,6.0,mobile,afternoon,0,0
ORD102458,194,0,0.0,478.54,beauty,1,54.65,wallet,5,6.0,mobile,evening,0,1
ORD102459,74,0,0.0,1749.21,electronics,6,33.46,card,2,2.0,mobile,afternoon,0,0
ORD102460,0,0,0.0,1490.68,home,2,3.29,card,1,1.0,mobile,morning,1,0
ORD102461,643,5,0.231,496.58,footwear,1,29.15,card,7,8.0,mobile,evening,0,0
ORD102462,325,4,0.0637,282.05,grocery,2,19.74,netbanking,7,10.0,desktop,evening,0,0
ORD102463,628,9,0.1791,579.21,home,3,22.17,card,4,5.0,desktop,late_night,0,0
ORD102464,260,2,0.1786,839.24,home,2,1.24,wallet,1,1.0,mobile,evening,0,0
ORD102465,280,2,0.2005,372.48,fashion,4,6.14,card,2,6.0,mobile,evening,0,0
ORD102466,0,0,0.0,568.84,fashion,3,18.16,card,6,5.0,tablet,evening,1,0
ORD102467,127,0,0.0,558.5,footwear,3,55.15,upi,6,5.0,desktop,afternoon,0,1
ORD102468,141,2,0.3035,1868.16,home,1,3.05,upi,3,4.0,mobile,evening,0,0
ORD102469,696,5,0.3775,1989.86,home,3,15.15,upi,6,5.0,mobile,evening,0,0
ORD102470,103,1,0.3156,769.52,toys,4,24.59,upi,4,2.0,desktop,morning,0,0
ORD102471,0,0,0.0,104.6,grocery,4,31.8,wallet,2,1.0,mobile,late_night,1,0
ORD102472,232,1,0.1612,670.96,beauty,1,51.47,card,7,8.0,desktop,morning,0,0
ORD102473,647,7,0.0658,1222.2,fashion,3,27.32,upi,7,7.0,desktop,late_night,0,0
ORD102474,156,1,0.5742,701.97,home,5,1.75,cod,2,2.0,desktop,evening,0,0
ORD102475,450,4,0.1956,1635.59,sports,1,18.87,upi,2,2.0,tablet,afternoon,0,0
ORD102476,27,0,0.0,1700.87,home,2,22.18,card,2,2.0,desktop,evening,0,0
ORD102477,30,0,0.0,284.63,home,2,21.18,card,5,4.0,desktop,evening,0,0
ORD102478,14,0,0.0,1297.33,fashion,1,4.15,upi,5,7.0,desktop,morning,0,0
ORD102479,0,0,0.0,633.35,footwear,1,35.77,upi,7,5.0,mobile,late_night,1,0
ORD102480,380,2,0.1773,169.1,beauty,6,41.1,upi,6,7.0,desktop,late_night,0,1
ORD102481,486,5,0.3552,575.49,toys,3,26.6,upi,3,5.0,desktop,afternoon,0,0
ORD102482,86,1,0.428,224.5,grocery,2,9.56,card,6,7.0,mobile,evening,0,0
ORD102483,97,1,0.3059,934.94,toys,3,36.06,upi,1,1.0,desktop,evening,0,0
ORD102484,0,0,0.0,451.85,grocery,5,21.17,card,6,9.0,desktop,late_night,1,0
ORD102485,887,11,0.3189,645.84,beauty,3,3.82,card,3,,desktop,afternoon,0,0
ORD102486,1168,11,0.2127,511.03,home,3,10.76,netbanking,2,2.0,desktop,afternoon,0,0
ORD102487,0,0,0.0,1286.58,electronics,3,29.06,upi,6,10.0,mobile,evening,1,0
ORD102488,260,2,0.2349,237.44,grocery,2,22.75,upi,4,4.0,mobile,afternoon,0,1
ORD102489,787,8,0.2872,1389.61,home,3,17.03,cod,3,5.0,tablet,evening,0,0
ORD102490,0,0,0.0,2312.27,home,3,17.07,upi,6,6.0,mobile,afternoon,1,0
ORD102491,117,3,0.0731,1402.49,sports,2,7.5,cod,5,4.0,mobile,evening,0,1
ORD102492,157,1,0.1552,946.01,electronics,4,7.27,card,3,4.0,mobile,late_night,0,0
ORD102493,0,0,0.0,1254.11,electronics,5,26.74,cod,7,8.0,mobile,afternoon,1,0
ORD102494,0,0,0.0,882.19,fashion,3,38.01,card,5,3.0,mobile,evening,1,0
ORD102495,53,0,0.0,3811.4,electronics,6,26.14,cod,1,1.0,desktop,morning,0,0
ORD102496,559,2,0.463,477.44,toys,4,31.92,card,3,3.0,mobile,afternoon,0,0
ORD102497,329,3,0.24,1179.59,footwear,1,9.16,cod,5,9.0,desktop,afternoon,0,0
ORD102498,0,0,0.0,173.11,toys,4,10.53,upi,7,7.0,mobile,morning,1,0
ORD102499,30,0,0.0,601.88,home,3,16.88,cod,2,1.0,desktop,late_night,0,0
ORD102500,1468,11,0.5563,1465.64,home,3,2.48,card,4,1.0,mobile,late_night,0,0
ORD102501,32,0,0.0,178.7,sports,1,41.27,upi,6,6.0,mobile,late_night,0,0
ORD102502,0,0,0.0,1890.71,home,3,21.67,card,6,5.0,mobile,late_night,1,0
ORD102503,0,0,0.0,2214.95,electronics,3,34.1,cod,5,4.0,desktop,evening,1,0
ORD102504,763,4,0.4145,468.56,beauty,3,6.87,card,4,5.0,mobile,late_night,0,0
ORD102505,232,0,0.0,211.77,home,4,25.14,card,2,2.0,mobile,evening,0,0
ORD102506,0,0,0.0,1710.88,home,2,47.8,card,5,2.0,mobile,morning,1,1
ORD102507,0,0,0.0,2030.43,toys,2,23.46,card,3,1.0,mobile,morning,1,0
ORD102508,39,1,0.2673,247.15,grocery,1,14.54,card,3,1.0,mobile,afternoon,0,0
ORD102509,630,1,0.2314,1201.38,electronics,3,10.48,card,5,7.0,mobile,late_night,0,0
ORD102510,436,0,0.0,599.49,footwear,1,17.05,cod,6,5.0,desktop,morning,0,1
ORD102511,802,4,0.11,1118.31,fashion,2,29.98,upi,1,4.0,desktop,afternoon,0,0
ORD102512,280,6,0.236,1494.33,footwear,2,17.33,netbanking,3,2.0,mobile,evening,0,0
ORD102513,9,0,0.0,1429.42,sports,3,18.76,card,6,7.0,desktop,evening,0,0
ORD102514,46,0,0.0,551.73,fashion,3,12.49,card,5,7.0,tablet,late_night,0,1
ORD102515,0,0,0.0,2058.46,sports,2,1.91,card,2,2.0,tablet,afternoon,1,0
ORD102516,120,0,0.0,198.48,beauty,4,46.35,wallet,1,,desktop,afternoon,0,0
ORD102517,98,0,0.0,2016.48,home,6,31.08,card,7,9.0,desktop,afternoon,0,0
ORD102518,53,0,0.0,1295.48,toys,4,28.07,upi,6,5.0,desktop,evening,0,0
ORD102519,514,3,0.1561,1284.45,electronics,3,9.09,card,4,3.0,desktop,morning,0,0
ORD102520,299,5,0.4608,2266.12,fashion,2,23.33,upi,5,5.0,mobile,late_night,0,0
ORD102521,314,2,0.1017,1481.99,footwear,3,44.01,card,3,2.0,mobile,morning,0,1
ORD102522,90,0,0.0,294.68,grocery,3,9.4,upi,2,2.0,tablet,late_night,0,0
ORD102523,220,2,0.2208,347.43,beauty,4,34.14,wallet,2,,mobile,morning,0,1
ORD102524,0,0,0.0,1524.55,home,1,9.08,cod,5,3.0,mobile,evening,1,1
ORD102525,157,1,0.2856,188.07,grocery,2,22.63,cod,2,1.0,desktop,evening,0,0
ORD102526,0,0,0.0,2434.15,home,2,14.79,cod,6,5.0,mobile,morning,1,1
ORD102527,0,0,0.0,595.58,home,2,30.0,upi,4,1.0,mobile,afternoon,1,0
ORD102528,0,0,0.0,5363.32,sports,3,24.03,card,2,2.0,mobile,late_night,1,1
ORD102529,2471,28,0.1387,543.83,beauty,5,38.27,netbanking,2,1.0,desktop,evening,0,0
ORD102530,25,0,0.0,174.47,beauty,4,37.27,card,3,4.0,desktop,evening,0,0
ORD102531,46,1,0.2828,1102.56,beauty,4,12.67,cod,2,4.0,mobile,afternoon,0,0
ORD102532,230,0,0.0,1291.65,electronics,2,34.42,netbanking,4,4.0,mobile,afternoon,0,0
ORD102533,1269,12,0.2382,258.96,sports,4,16.18,upi,6,8.0,desktop,afternoon,0,0
ORD102534,0,0,0.0,2490.68,fashion,2,17.51,cod,1,1.0,mobile,evening,1,1
ORD102535,392,7,0.2273,11500.18,electronics,1,12.76,upi,1,1.0,desktop,evening,0,0
ORD102536,0,0,0.0,2450.08,electronics,3,24.53,card,4,5.0,mobile,evening,1,0
ORD102537,103,2,0.1528,1505.4,sports,5,55.57,upi,7,7.0,mobile,evening,0,0
ORD102538,198,0,0.0,611.85,beauty,3,21.9,upi,3,2.0,mobile,evening,0,0
ORD102539,87,0,0.0,2616.24,electronics,4,25.69,card,2,1.0,tablet,afternoon,0,0
ORD102540,402,0,0.0,1368.22,electronics,3,16.48,upi,6,5.0,desktop,late_night,0,0
ORD102541,30,0,0.0,660.57,fashion,3,15.34,upi,1,1.0,desktop,evening,0,0
ORD102542,482,7,0.3533,579.65,fashion,1,30.21,wallet,6,6.0,desktop,evening,0,0
ORD102543,189,1,0.1067,665.0,fashion,1,32.55,card,2,1.0,mobile,evening,0,0
ORD102544,143,3,0.4513,380.56,home,3,24.17,card,1,1.0,desktop,evening,0,0
ORD102545,29,0,0.0,3338.01,electronics,5,8.5,card,5,5.0,mobile,evening,0,1
ORD102546,0,0,0.0,1031.84,sports,4,31.86,upi,2,2.0,tablet,morning,1,1
ORD102547,677,4,0.4525,2797.8,electronics,3,3.77,card,7,7.0,desktop,evening,0,0
ORD102548,144,3,0.407,732.36,toys,5,40.06,netbanking,2,4.0,mobile,morning,0,0
ORD102549,246,2,0.6902,105.54,toys,3,17.04,upi,1,1.0,desktop,morning,0,0
ORD102550,68,2,0.1544,1013.69,footwear,2,20.32,upi,1,2.0,mobile,morning,0,0
ORD102551,175,0,0.0,1316.47,footwear,4,2.99,cod,5,4.0,mobile,evening,0,0
ORD102552,40,1,0.2754,162.67,grocery,3,4.71,cod,2,4.0,mobile,evening,0,0
ORD102553,0,0,0.0,960.91,sports,4,34.21,card,3,4.0,mobile,evening,1,0
ORD102554,272,1,0.3203,698.06,home,2,27.5,card,1,1.0,desktop,afternoon,0,0
ORD102555,257,3,0.1973,2242.58,electronics,2,28.45,upi,1,1.0,mobile,afternoon,0,0
ORD102556,67,0,0.0,599.27,fashion,3,40.63,upi,2,1.0,mobile,afternoon,0,1
ORD102557,124,0,0.0,87.54,grocery,3,0.06,upi,7,8.0,mobile,evening,0,0
ORD102558,327,2,0.0836,371.79,footwear,2,8.81,card,7,6.0,desktop,morning,0,0
ORD102559,143,0,0.0,1139.63,footwear,3,9.57,upi,4,4.0,mobile,afternoon,0,0
ORD102560,132,1,0.0382,1006.94,footwear,4,21.15,cod,7,8.0,tablet,evening,0,0
ORD102561,1471,11,0.2281,2357.29,beauty,2,6.49,wallet,6,5.0,mobile,afternoon,0,0
ORD102562,63,1,0.1069,1729.05,electronics,6,13.07,wallet,4,4.0,mobile,evening,0,0
ORD102563,594,2,0.2691,89.12,grocery,4,51.42,netbanking,3,4.0,desktop,evening,0,0
ORD102564,50,0,0.0,1838.46,fashion,1,4.0,card,4,5.0,tablet,evening,0,0
ORD102565,372,3,0.5602,919.61,beauty,4,5.05,wallet,1,2.0,mobile,morning,0,0
ORD102566,395,3,0.0549,302.29,toys,2,4.36,card,6,7.0,desktop,morning,0,1
ORD102567,103,0,0.0,933.78,toys,3,19.22,card,6,6.0,mobile,morning,0,1
ORD102568,47,1,0.2302,921.4,footwear,4,17.1,upi,5,4.0,desktop,afternoon,0,0
ORD102569,0,0,0.0,243.89,beauty,3,26.61,upi,2,2.0,mobile,evening,1,1
ORD102570,92,0,0.0,1197.34,sports,2,37.6,wallet,6,4.0,desktop,afternoon,0,0
ORD102571,323,2,0.3242,198.98,grocery,1,12.97,upi,4,2.0,mobile,evening,0,0
ORD102572,55,0,0.0,189.62,toys,2,13.31,card,4,4.0,tablet,late_night,0,0
ORD102573,0,0,0.0,861.81,sports,8,11.54,netbanking,1,1.0,mobile,afternoon,1,0
ORD102574,35,0,0.0,1068.42,fashion,1,44.97,upi,2,5.0,mobile,evening,0,1
ORD102575,140,1,0.4135,724.01,footwear,2,41.37,card,2,3.0,desktop,evening,0,1
ORD102576,51,0,0.0,190.96,grocery,4,45.15,card,3,1.0,desktop,evening,0,0
ORD102577,0,0,0.0,437.82,grocery,4,7.96,cod,7,8.0,desktop,afternoon,1,1
ORD102578,104,2,0.8077,580.03,fashion,1,12.96,card,1,7.0,mobile,afternoon,0,1
ORD102579,0,0,0.0,279.75,toys,3,23.39,upi,3,3.0,mobile,morning,1,0
ORD102580,87,1,0.1426,2022.24,electronics,2,20.16,netbanking,2,2.0,mobile,evening,0,0
ORD102581,0,0,0.0,832.29,sports,2,42.1,wallet,7,6.0,desktop,morning,1,0
ORD102582,42,1,0.6403,2442.13,fashion,2,4.02,card,3,5.0,desktop,evening,0,1
ORD102583,596,4,0.3196,838.75,beauty,3,32.76,card,1,1.0,desktop,evening,0,1
ORD102584,121,1,0.1926,1714.3,sports,3,1.28,card,4,3.0,mobile,evening,0,0
ORD102585,16,1,0.1805,130.38,beauty,1,13.35,upi,4,3.0,tablet,late_night,0,0
ORD102586,91,1,0.5371,1129.31,fashion,4,21.17,upi,2,2.0,tablet,evening,0,0
ORD102587,495,4,0.0932,1260.38,fashion,2,17.38,card,2,4.0,mobile,afternoon,0,0
ORD102588,78,0,0.0,142.7,beauty,2,14.28,upi,4,6.0,mobile,evening,0,0
ORD102589,941,11,0.3939,164.22,grocery,3,79.1,card,3,3.0,mobile,afternoon,0,0
ORD102590,70,0,0.0,174.51,grocery,4,10.92,cod,7,6.0,desktop,late_night,0,0
ORD102591,0,0,0.0,941.39,beauty,2,31.63,wallet,4,5.0,desktop,afternoon,1,0
ORD102592,566,2,0.0156,3981.93,electronics,3,33.99,card,7,6.0,mobile,evening,0,0
ORD102593,297,4,0.3001,395.1,fashion,2,30.46,card,6,5.0,mobile,late_night,0,0
ORD102594,39,0,0.0,196.79,beauty,3,13.47,netbanking,4,3.0,desktop,afternoon,0,0
ORD102595,0,0,0.0,197.95,home,1,77.88,upi,3,1.0,mobile,morning,1,0
ORD102596,656,9,0.1552,234.42,footwear,5,35.12,netbanking,6,10.0,mobile,late_night,0,0
ORD102597,74,2,0.5036,580.6,sports,3,32.51,card,5,5.0,mobile,afternoon,0,0
ORD102598,0,0,0.0,565.23,home,3,5.15,netbanking,2,3.0,desktop,morning,1,0
ORD102599,0,0,0.0,292.9,grocery,4,16.42,upi,2,1.0,mobile,late_night,1,0
ORD102600,211,2,0.3046,670.09,beauty,5,36.71,netbanking,3,4.0,mobile,evening,0,0
ORD102601,39,0,0.0,778.64,fashion,2,5.98,netbanking,5,9.0,mobile,late_night,0,0
ORD102602,92,1,0.0437,600.61,sports,2,24.85,wallet,1,1.0,mobile,afternoon,0,0
ORD102603,69,0,0.0,410.46,beauty,6,10.03,card,4,6.0,mobile,evening,0,0
ORD102604,232,0,0.0,247.46,beauty,1,35.25,cod,7,8.0,mobile,morning,0,0
ORD102605,200,1,0.0596,646.47,home,2,4.37,upi,1,3.0,desktop,morning,0,0
ORD102606,301,2,0.1136,246.14,grocery,1,34.22,card,2,1.0,mobile,morning,0,0
ORD102607,105,0,0.0,1625.25,sports,4,11.12,card,1,2.0,desktop,evening,0,0
ORD102608,65,0,0.0,3200.25,electronics,3,49.52,cod,6,5.0,mobile,late_night,0,0
ORD102609,221,4,0.4854,287.89,toys,1,5.42,upi,3,4.0,mobile,afternoon,0,0
ORD102610,0,0,0.0,670.05,fashion,4,10.75,upi,1,5.0,mobile,morning,1,1
ORD102611,0,0,0.0,2782.56,electronics,3,35.25,upi,6,6.0,tablet,morning,1,0
ORD102612,159,1,0.1659,467.51,toys,2,13.21,cod,2,3.0,mobile,evening,0,0
ORD102613,126,0,0.0,343.41,beauty,2,38.98,wallet,6,6.0,mobile,evening,0,0
ORD102614,301,3,0.2757,1336.92,fashion,3,13.77,card,3,4.0,desktop,morning,0,0
ORD102615,166,2,0.0552,2653.99,electronics,4,42.05,cod,6,5.0,mobile,afternoon,0,1
ORD102616,29,0,0.0,286.09,grocery,4,0.85,upi,6,10.0,desktop,morning,0,0
ORD102617,0,0,0.0,885.98,electronics,6,16.34,card,7,11.0,mobile,afternoon,1,1
ORD102618,0,0,0.0,242.7,footwear,4,15.49,card,7,7.0,desktop,evening,1,0
ORD102619,0,0,0.0,335.24,grocery,4,18.72,card,2,1.0,desktop,morning,1,0
ORD102620,0,0,0.0,1127.71,footwear,1,8.78,card,6,7.0,mobile,evening,1,0
ORD102621,0,0,0.0,351.89,footwear,3,34.63,card,1,1.0,desktop,morning,1,0
ORD102622,97,2,0.3893,587.49,grocery,1,14.44,card,1,1.0,mobile,evening,0,0
ORD102623,0,0,0.0,232.18,grocery,1,5.5,upi,5,6.0,desktop,morning,1,0
ORD102624,51,1,0.1596,195.53,fashion,3,36.13,card,1,4.0,mobile,late_night,0,0
ORD102625,544,1,0.1004,1243.12,home,3,37.38,netbanking,6,6.0,desktop,late_night,0,0
ORD102626,20,0,0.0,618.89,fashion,4,24.85,card,2,2.0,desktop,late_night,0,1
ORD102627,72,2,0.1618,464.28,toys,4,20.25,card,6,6.0,desktop,afternoon,0,0
ORD102628,206,2,0.0259,529.57,grocery,2,13.17,upi,1,1.0,mobile,morning,0,0
ORD102629,1028,8,0.0292,845.64,grocery,5,7.64,wallet,6,5.0,tablet,afternoon,0,0
ORD102630,333,2,0.4076,442.57,grocery,3,9.31,upi,6,8.0,mobile,evening,0,0
ORD102631,71,1,0.2629,551.78,footwear,2,8.7,wallet,4,4.0,desktop,evening,0,0
ORD102632,0,0,0.0,197.05,fashion,1,20.96,upi,3,5.0,mobile,evening,1,0
ORD102633,40,0,0.0,1364.54,home,2,22.27,upi,7,8.0,desktop,morning,0,0
ORD102634,242,0,0.0,305.32,grocery,3,6.17,upi,2,2.0,mobile,late_night,0,0
ORD102635,309,3,0.2091,553.54,sports,3,11.24,cod,5,7.0,mobile,afternoon,0,0
ORD102636,68,0,0.0,1176.04,electronics,3,0.17,upi,4,5.0,mobile,late_night,0,0
ORD102637,390,2,0.3289,1467.65,toys,4,23.58,upi,7,8.0,mobile,evening,0,0
ORD102638,0,0,0.0,1288.83,fashion,3,5.32,netbanking,6,3.0,mobile,afternoon,1,0
ORD102639,389,2,0.2248,3735.37,electronics,1,25.65,wallet,6,5.0,mobile,evening,0,0
ORD102640,23,1,0.1423,3542.91,electronics,3,25.77,upi,2,1.0,mobile,morning,0,0
ORD102641,262,2,0.152,2030.86,electronics,4,24.19,cod,6,2.0,mobile,evening,0,0
ORD102642,115,2,0.292,249.52,toys,3,32.75,wallet,2,2.0,desktop,morning,0,0
ORD102643,0,0,0.0,950.91,home,2,3.19,wallet,3,3.0,desktop,late_night,1,0
ORD102644,172,3,0.3905,465.5,grocery,2,15.59,cod,3,2.0,mobile,evening,0,0
ORD102645,0,0,0.0,475.12,toys,1,26.89,card,6,6.0,mobile,morning,1,0
ORD102646,316,4,0.3793,1063.49,home,3,7.42,upi,5,3.0,tablet,evening,0,0
ORD102647,0,0,0.0,2502.75,electronics,3,2.52,card,4,5.0,desktop,morning,1,0
ORD102648,431,3,0.0872,1303.99,fashion,3,5.55,upi,6,7.0,mobile,late_night,0,0
ORD102649,0,0,0.0,570.14,grocery,3,5.59,card,2,1.0,mobile,morning,1,0
ORD102650,0,0,0.0,740.28,sports,5,8.3,upi,3,8.0,desktop,afternoon,1,0
ORD102651,14,0,0.0,292.0,footwear,1,11.29,card,5,4.0,mobile,morning,0,0
ORD102652,0,0,0.0,2802.23,sports,1,14.12,cod,5,5.0,desktop,evening,1,1
ORD102653,830,7,0.2102,1198.9,sports,2,16.43,card,7,7.0,desktop,evening,0,1
ORD102654,45,1,0.1662,359.69,beauty,5,8.82,upi,7,11.0,mobile,morning,0,0
ORD102655,0,0,0.0,120.13,beauty,3,27.41,netbanking,4,3.0,mobile,afternoon,1,0
ORD102656,394,3,0.2718,848.58,toys,1,11.53,card,5,3.0,mobile,morning,0,0
ORD102657,81,3,0.2381,1352.26,sports,2,22.75,upi,6,6.0,desktop,morning,0,0
ORD102658,20,0,0.0,363.52,beauty,3,27.44,wallet,1,3.0,mobile,evening,0,1
ORD102659,96,1,0.2614,866.48,fashion,6,31.62,upi,2,3.0,mobile,evening,0,0
ORD102660,0,0,0.0,788.98,grocery,2,26.32,upi,7,6.0,mobile,evening,1,0
ORD102661,70,0,0.0,697.15,electronics,4,34.8,card,7,5.0,mobile,afternoon,0,0
ORD102662,75,1,0.1949,1939.93,home,2,3.01,cod,3,8.0,mobile,evening,0,1
ORD102663,60,1,0.1738,229.86,beauty,4,9.5,upi,4,5.0,tablet,afternoon,0,0
ORD102664,689,8,0.1428,740.01,electronics,5,14.41,cod,4,5.0,mobile,evening,0,0
ORD102665,0,0,0.0,548.37,fashion,3,30.62,wallet,5,5.0,desktop,afternoon,1,0
ORD102666,0,0,0.0,2298.77,home,4,18.19,wallet,2,1.0,mobile,late_night,1,0
ORD102667,858,7,0.2303,512.2,home,2,26.8,upi,3,3.0,mobile,late_night,0,0
ORD102668,342,5,0.3313,867.91,sports,1,16.06,upi,3,2.0,desktop,late_night,0,0
ORD102669,65,1,0.4318,235.24,fashion,2,25.13,upi,6,6.0,tablet,evening,0,0
ORD102670,47,0,0.0,739.81,toys,4,42.82,upi,6,7.0,desktop,afternoon,0,1
ORD102671,648,6,0.2118,485.06,home,1,10.18,upi,4,7.0,mobile,evening,0,0
ORD102672,184,2,0.1284,534.44,footwear,2,25.31,wallet,5,7.0,desktop,evening,0,0
ORD102673,32,0,0.0,3175.76,electronics,2,14.49,upi,4,10.0,tablet,morning,0,0
ORD102674,25,0,0.0,410.68,fashion,4,39.7,card,7,8.0,desktop,afternoon,0,1
ORD102675,53,1,0.2535,1187.13,home,3,24.01,upi,1,1.0,desktop,afternoon,0,0
ORD102676,46,0,0.0,1190.31,sports,2,14.88,wallet,3,3.0,mobile,afternoon,0,0
ORD102677,0,0,0.0,347.69,grocery,5,20.0,upi,6,8.0,mobile,evening,1,0
ORD102678,54,2,0.3872,826.0,electronics,6,4.31,card,5,3.0,mobile,morning,0,0
ORD102679,65,2,0.1181,1916.04,electronics,3,4.91,upi,1,1.0,tablet,late_night,0,0
ORD102680,0,0,0.0,1489.64,electronics,2,39.15,netbanking,7,8.0,mobile,morning,1,1
ORD102681,0,0,0.0,546.72,fashion,3,21.87,netbanking,5,4.0,mobile,afternoon,1,0
ORD102682,135,0,0.0,1094.27,fashion,2,12.41,card,7,6.0,mobile,evening,0,0
ORD102683,150,1,0.0805,121.47,grocery,2,3.59,netbanking,7,9.0,mobile,evening,0,0
ORD102684,317,3,0.4731,278.88,beauty,2,1.24,card,3,3.0,mobile,afternoon,0,0
ORD102685,139,0,0.0,1676.01,electronics,1,15.77,card,4,4.0,mobile,evening,0,0
ORD102686,281,0,0.0,2134.13,footwear,2,2.48,wallet,5,5.0,mobile,evening,0,0
ORD102687,246,2,0.3461,82.79,grocery,4,39.9,upi,1,1.0,desktop,afternoon,0,0
ORD102688,207,2,0.062,758.57,fashion,3,12.31,card,2,3.0,tablet,morning,0,0
ORD102689,3000,27,0.3639,647.98,footwear,2,1.12,upi,2,3.0,desktop,afternoon,0,0
ORD102690,0,0,0.0,2872.47,electronics,2,9.49,upi,4,4.0,tablet,evening,1,1
ORD102691,55,0,0.0,311.48,toys,4,20.92,card,4,4.0,desktop,afternoon,0,0
ORD102692,0,0,0.0,254.37,grocery,3,18.69,upi,4,5.0,mobile,evening,1,0
ORD102693,0,0,0.0,352.71,fashion,1,16.91,cod,2,2.0,tablet,afternoon,1,1
ORD102694,0,0,0.0,658.65,home,3,19.78,card,6,8.0,tablet,afternoon,1,1
ORD102695,39,0,0.0,800.41,toys,2,32.83,card,2,2.0,mobile,evening,0,1
ORD102696,0,0,0.0,1172.15,home,3,46.38,wallet,5,6.0,desktop,evening,1,0
ORD102697,264,3,0.1847,729.99,home,2,5.17,netbanking,7,6.0,desktop,evening,0,0
ORD102698,543,2,0.2693,962.11,toys,5,4.3,upi,7,6.0,mobile,evening,0,0
ORD102699,0,0,0.0,1613.53,grocery,1,13.07,card,5,5.0,tablet,evening,1,0
ORD102700,463,5,0.4075,506.47,home,2,52.52,card,7,9.0,mobile,afternoon,0,0
ORD102701,273,0,0.0,1062.28,footwear,3,23.0,upi,6,5.0,tablet,afternoon,0,1
ORD102702,219,0,0.0,762.04,footwear,1,29.57,cod,6,5.0,mobile,morning,0,0
ORD102703,0,0,0.0,1571.5,footwear,4,8.85,upi,5,5.0,mobile,late_night,1,1
ORD102704,443,7,0.3214,300.06,beauty,1,31.57,cod,4,6.0,mobile,evening,0,0
ORD102705,559,6,0.3742,1782.84,home,3,18.11,upi,5,5.0,desktop,late_night,0,0
ORD102706,0,0,0.0,409.91,beauty,2,44.38,card,2,1.0,mobile,afternoon,1,1
ORD102707,159,2,0.23,625.67,footwear,2,17.39,wallet,1,1.0,mobile,morning,0,0
ORD102708,1043,19,0.1897,987.58,home,4,13.41,upi,5,6.0,mobile,afternoon,0,0
ORD102709,177,0,0.0,492.95,beauty,2,4.28,upi,7,8.0,tablet,morning,0,0
ORD102710,0,0,0.0,273.84,toys,2,15.98,card,3,5.0,mobile,afternoon,1,0
ORD102711,308,2,0.2037,1729.63,electronics,1,44.91,upi,7,5.0,desktop,afternoon,0,0
ORD102712,162,1,0.0656,4319.13,electronics,2,44.54,card,4,3.0,mobile,evening,0,0
ORD102713,73,0,0.0,423.03,sports,2,19.89,cod,7,8.0,desktop,late_night,0,1
ORD102714,0,0,0.0,920.56,fashion,3,24.93,wallet,3,3.0,mobile,morning,1,0
ORD102715,173,3,0.3024,1801.42,home,2,8.78,wallet,4,4.0,desktop,morning,0,0
ORD102716,1375,9,0.5301,936.64,sports,3,17.94,upi,2,2.0,desktop,evening,0,0
ORD102717,0,0,0.0,749.39,home,2,9.48,card,3,4.0,mobile,evening,1,0
ORD102718,94,0,0.0,444.37,beauty,2,7.16,upi,6,6.0,desktop,evening,0,0
ORD102719,404,3,0.3705,383.44,footwear,3,13.27,card,2,2.0,mobile,morning,0,0
ORD102720,254,3,0.0583,254.64,grocery,3,39.27,cod,5,4.0,mobile,evening,0,0
ORD102721,0,0,0.0,3155.87,sports,1,26.64,card,4,3.0,tablet,afternoon,1,0
ORD102722,101,0,0.0,807.28,home,2,0.66,wallet,1,2.0,tablet,afternoon,0,0
ORD102723,223,0,0.0,519.66,toys,1,3.79,upi,3,4.0,mobile,afternoon,0,0
ORD102724,162,1,0.1626,344.24,fashion,3,1.74,cod,5,5.0,desktop,afternoon,0,0
ORD102725,193,0,0.0,683.19,toys,2,26.18,card,5,5.0,desktop,late_night,0,0
ORD102726,0,0,0.0,456.65,sports,4,15.31,card,4,9.0,mobile,evening,1,1
ORD102727,341,4,0.2532,448.21,toys,3,11.28,netbanking,7,6.0,mobile,evening,0,0
ORD102728,287,3,0.3557,98.9,fashion,2,31.22,upi,5,7.0,tablet,evening,0,0
ORD102729,0,0,0.0,448.63,beauty,3,6.77,card,2,4.0,mobile,afternoon,1,0
ORD102730,179,2,0.0939,739.9,fashion,5,37.23,wallet,6,5.0,mobile,morning,0,1
ORD102731,115,2,0.1374,391.14,fashion,3,39.44,netbanking,4,6.0,desktop,afternoon,0,1
ORD102732,431,3,0.2442,454.42,fashion,2,40.56,cod,1,2.0,desktop,evening,0,1
ORD102733,75,0,0.0,409.93,fashion,2,9.05,card,6,6.0,mobile,afternoon,0,0
ORD102734,597,3,0.2534,1411.84,home,4,7.96,card,1,2.0,mobile,afternoon,0,0
ORD102735,596,1,0.0809,201.08,grocery,2,51.65,upi,4,1.0,mobile,late_night,0,0
ORD102736,722,1,0.2654,1929.48,footwear,2,25.61,card,4,6.0,mobile,late_night,0,0
ORD102737,274,2,0.1055,1798.87,fashion,1,56.84,card,4,3.0,mobile,evening,0,0
ORD102738,106,0,0.0,1757.14,electronics,5,27.36,wallet,2,,desktop,evening,0,0
ORD102739,204,4,0.2191,4976.61,electronics,2,11.98,card,7,8.0,mobile,evening,0,0
ORD102740,275,0,0.0,2432.73,home,4,16.51,wallet,5,5.0,tablet,afternoon,0,1
ORD102741,0,0,0.0,1166.99,home,2,31.77,card,6,5.0,desktop,afternoon,1,1
ORD102742,785,9,0.3393,513.53,sports,3,55.55,wallet,1,1.0,mobile,morning,0,1
ORD102743,343,6,0.3863,2185.14,electronics,2,19.61,card,1,1.0,mobile,afternoon,0,0
ORD102744,67,0,0.0,516.55,beauty,2,24.41,card,4,3.0,mobile,morning,0,0
ORD102745,0,0,0.0,352.27,toys,2,42.73,cod,1,1.0,mobile,evening,1,1
ORD102746,201,3,0.1391,3606.44,home,2,20.3,wallet,5,6.0,desktop,evening,0,0
ORD102747,54,0,0.0,1038.31,fashion,1,25.72,card,2,4.0,desktop,morning,0,0
ORD102748,72,0,0.0,734.31,electronics,4,6.34,upi,5,9.0,mobile,afternoon,0,0
ORD102749,931,7,0.2961,391.68,grocery,6,34.16,netbanking,4,2.0,desktop,morning,0,0
ORD102750,1349,8,0.4101,764.72,footwear,1,27.27,card,6,8.0,mobile,morning,0,0
ORD102751,550,1,0.0792,601.85,beauty,2,2.14,card,3,1.0,desktop,afternoon,0,1
ORD102752,0,0,0.0,589.98,fashion,2,28.39,card,4,4.0,mobile,evening,1,1
ORD102753,691,6,0.0961,183.07,beauty,1,1.28,card,2,1.0,mobile,afternoon,0,0
ORD102754,0,0,0.0,1858.84,home,3,29.83,card,3,5.0,tablet,afternoon,1,1
ORD102755,0,0,0.0,1038.04,grocery,2,13.97,cod,6,8.0,tablet,late_night,1,0
ORD102756,0,0,0.0,495.77,fashion,2,32.08,cod,2,2.0,desktop,afternoon,1,1
ORD102757,407,3,0.1875,869.4,sports,4,11.66,card,4,4.0,tablet,evening,0,0
ORD102758,80,1,0.149,972.86,beauty,3,29.44,upi,3,2.0,mobile,afternoon,0,1
ORD102759,405,2,0.1977,316.87,beauty,2,41.88,cod,7,5.0,mobile,evening,0,1
ORD102760,901,6,0.2316,535.98,grocery,2,10.98,upi,4,4.0,tablet,late_night,0,0
ORD102761,0,0,0.0,631.47,fashion,2,37.02,card,6,11.0,mobile,afternoon,1,1
ORD102762,128,0,0.0,376.17,fashion,1,20.73,card,5,5.0,desktop,late_night,0,0
ORD102763,306,2,0.4596,441.35,fashion,6,17.85,upi,7,7.0,mobile,morning,0,0
ORD102764,88,0,0.0,642.47,fashion,4,61.14,cod,5,,mobile,evening,0,0
ORD102765,0,0,0.0,677.89,fashion,1,38.48,upi,3,2.0,mobile,morning,1,0
ORD102766,640,4,0.706,428.65,sports,1,3.58,upi,7,7.0,mobile,evening,0,0
ORD102767,110,1,0.2191,1939.82,electronics,4,33.94,wallet,1,3.0,mobile,evening,0,0
ORD102768,0,0,0.0,141.22,fashion,2,22.26,card,2,3.0,mobile,evening,1,0
ORD102769,0,0,0.0,470.87,grocery,3,38.21,card,6,6.0,mobile,morning,1,0
ORD102770,738,8,0.4598,2905.04,electronics,4,55.16,card,7,6.0,mobile,evening,0,1
ORD102771,0,0,0.0,430.54,footwear,4,10.2,netbanking,3,4.0,mobile,late_night,1,0
ORD102772,0,0,0.0,994.64,sports,2,76.89,card,3,2.0,mobile,morning,1,1
ORD102773,49,1,0.302,378.29,toys,1,25.08,upi,2,1.0,mobile,evening,0,0
ORD102774,123,1,0.2722,333.76,beauty,5,7.32,card,4,5.0,mobile,evening,0,0
ORD102775,339,1,0.0894,736.78,home,5,56.81,upi,4,9.0,mobile,afternoon,0,0
ORD102776,223,5,0.1998,599.69,fashion,3,36.83,wallet,3,1.0,desktop,evening,0,0
ORD102777,204,3,0.4713,613.33,home,6,18.14,card,7,7.0,desktop,late_night,0,0
ORD102778,228,5,0.4424,2022.54,electronics,2,15.75,cod,6,6.0,desktop,afternoon,0,0
ORD102779,417,7,0.2613,2538.9,home,3,43.3,card,3,6.0,mobile,afternoon,0,0
ORD102780,173,0,0.0,2340.44,electronics,4,6.59,card,4,4.0,mobile,evening,0,0
ORD102781,297,2,0.2126,772.3,home,1,9.01,cod,5,6.0,tablet,afternoon,0,1
ORD102782,61,0,0.0,1038.03,beauty,5,63.12,upi,7,10.0,desktop,afternoon,0,0
ORD102783,3000,30,0.2032,1478.47,fashion,2,37.25,card,3,2.0,desktop,morning,0,0
ORD102784,132,1,0.4168,1362.79,footwear,1,25.42,wallet,5,5.0,mobile,evening,0,1
ORD102785,226,5,0.2193,1180.4,home,4,27.01,upi,7,7.0,desktop,evening,0,0
ORD102786,338,1,0.354,694.32,toys,2,15.79,cod,3,2.0,desktop,evening,0,0
ORD102787,115,1,0.2048,1523.24,sports,5,7.56,cod,5,4.0,mobile,evening,0,1
ORD102788,0,0,0.0,2006.33,home,4,5.23,card,5,5.0,mobile,late_night,1,0
ORD102789,180,0,0.0,273.48,beauty,2,37.97,cod,4,2.0,mobile,afternoon,0,0
ORD102790,0,0,0.0,798.74,home,3,13.35,card,4,3.0,mobile,evening,1,0
ORD102791,293,3,0.3479,3192.07,electronics,4,30.91,upi,5,8.0,mobile,afternoon,0,0
ORD102792,29,0,0.0,952.35,home,1,11.4,upi,4,4.0,tablet,afternoon,0,0
ORD102793,0,0,0.0,941.59,home,3,9.32,upi,1,1.0,mobile,morning,1,0
ORD102794,0,0,0.0,949.57,toys,2,23.76,card,6,8.0,tablet,afternoon,1,0
ORD102795,366,3,0.2178,877.04,electronics,2,16.36,wallet,2,6.0,mobile,evening,0,0
ORD102796,26,0,0.0,1428.24,footwear,2,26.58,upi,4,5.0,mobile,evening,0,1
ORD102797,75,0,0.0,349.98,fashion,3,62.77,cod,5,6.0,mobile,evening,0,1
ORD102798,835,12,0.3918,1310.86,electronics,1,17.94,upi,6,6.0,tablet,afternoon,0,0
ORD102799,3000,44,0.1329,294.52,home,2,25.0,card,1,1.0,desktop,evening,0,0
ORD102800,0,0,0.0,693.29,sports,5,6.37,card,2,1.0,mobile,afternoon,1,0
ORD102801,567,6,0.258,1096.79,footwear,7,16.18,upi,2,5.0,desktop,afternoon,0,0
ORD102802,322,2,0.3863,756.86,fashion,3,29.13,card,2,5.0,desktop,late_night,0,0
ORD102803,71,0,0.0,1426.22,electronics,4,9.82,upi,2,2.0,desktop,afternoon,0,0
ORD102804,541,8,0.2172,599.15,beauty,4,8.59,card,6,7.0,mobile,afternoon,0,0
ORD102805,53,0,0.0,1309.77,sports,3,27.37,card,6,8.0,desktop,morning,0,0
ORD102806,47,2,0.0912,208.29,beauty,3,50.96,cod,5,5.0,mobile,morning,0,0
ORD102807,44,1,0.2715,632.83,grocery,4,62.09,card,1,3.0,mobile,evening,0,0
ORD102808,530,3,0.1602,661.72,beauty,4,25.31,card,3,3.0,mobile,evening,0,0
ORD102809,170,1,0.5947,346.94,sports,2,43.91,card,5,6.0,mobile,evening,0,0
ORD102810,202,0,0.0,1372.31,beauty,2,5.66,wallet,4,4.0,desktop,morning,0,0
ORD102811,0,0,0.0,363.12,beauty,2,25.72,upi,4,5.0,tablet,morning,1,0
ORD102812,52,2,0.2232,455.01,sports,3,21.84,card,1,3.0,mobile,morning,0,0
ORD102813,86,0,0.0,360.92,home,3,34.09,upi,3,5.0,desktop,morning,0,0
ORD102814,91,2,0.1731,245.54,footwear,2,18.08,upi,1,5.0,mobile,morning,0,0
ORD102815,38,0,0.0,682.21,sports,4,41.06,card,2,3.0,mobile,evening,0,1
ORD102816,104,1,0.2509,523.57,home,2,11.4,card,4,3.0,desktop,evening,0,0
ORD102817,55,1,0.1135,134.3,grocery,4,20.27,upi,1,3.0,desktop,evening,0,0
ORD102818,342,4,0.2999,1354.34,electronics,1,20.99,card,2,4.0,mobile,evening,0,0
ORD102819,0,0,0.0,2777.31,sports,3,19.51,cod,6,5.0,mobile,morning,1,1
ORD102820,43,0,0.0,180.18,grocery,4,10.1,card,1,1.0,mobile,evening,0,0
ORD102821,130,2,0.4187,350.53,beauty,3,6.59,cod,5,4.0,mobile,afternoon,0,1
ORD102822,1396,15,0.1687,437.87,grocery,3,21.34,card,4,5.0,mobile,afternoon,0,0
ORD102823,0,0,0.0,1039.17,grocery,3,12.74,card,4,4.0,mobile,evening,1,0
ORD102824,0,0,0.0,586.43,toys,4,6.66,card,7,7.0,mobile,afternoon,1,0
ORD102825,203,3,0.1382,1214.79,home,3,45.27,upi,1,2.0,desktop,morning,0,0
ORD102826,603,1,0.3077,530.61,grocery,3,25.87,netbanking,1,1.0,mobile,morning,0,0
ORD102827,250,0,0.0,1343.17,sports,5,23.98,upi,3,4.0,tablet,morning,0,0
ORD102828,0,0,0.0,137.91,beauty,4,45.31,card,4,5.0,mobile,morning,1,1
ORD102829,195,1,0.3283,386.6,fashion,2,9.43,card,1,3.0,desktop,late_night,0,0
ORD102830,198,3,0.1337,1083.74,fashion,1,9.54,upi,4,2.0,mobile,evening,0,0
ORD102831,163,1,0.3575,201.87,grocery,5,40.65,cod,4,3.0,mobile,evening,0,1
ORD102832,42,0,0.0,265.95,fashion,2,19.47,card,4,7.0,mobile,evening,0,0
ORD102833,0,0,0.0,364.65,beauty,1,14.53,card,1,1.0,mobile,evening,1,0
ORD102834,585,5,0.1707,756.54,toys,3,11.71,card,7,5.0,tablet,evening,0,0
ORD102835,57,2,0.4057,1259.89,home,2,31.41,wallet,5,4.0,mobile,morning,0,0
ORD102836,130,1,0.2196,759.85,footwear,3,6.59,netbanking,2,3.0,desktop,afternoon,0,0
ORD102837,141,1,0.1957,262.44,sports,5,11.06,card,4,5.0,mobile,evening,0,0
ORD102838,50,1,0.3218,1018.29,home,3,26.34,card,1,1.0,mobile,afternoon,0,1
ORD102839,23,1,0.2944,297.0,footwear,3,57.14,upi,6,11.0,mobile,evening,0,0
ORD102840,0,0,0.0,2495.13,electronics,2,18.65,wallet,6,3.0,desktop,evening,1,0
ORD102841,122,1,0.2515,381.36,grocery,4,15.14,card,6,6.0,mobile,afternoon,0,0
ORD102842,37,0,0.0,300.74,beauty,3,5.43,upi,4,6.0,tablet,morning,0,0
ORD102843,220,3,0.1685,343.69,home,3,27.47,cod,7,6.0,mobile,afternoon,0,1
ORD102844,651,4,0.2036,1463.48,fashion,3,34.64,wallet,4,5.0,tablet,morning,0,0
ORD102845,457,4,0.3019,2076.39,electronics,2,21.66,card,7,7.0,desktop,evening,0,0
ORD102846,157,4,0.1624,229.54,beauty,1,13.02,upi,3,2.0,desktop,evening,0,1
ORD102847,23,0,0.0,2064.44,footwear,4,50.05,cod,7,,mobile,late_night,0,1
ORD102848,398,5,0.0451,985.37,sports,1,20.44,upi,1,1.0,mobile,late_night,0,0
ORD102849,212,5,0.4718,420.69,fashion,2,6.44,cod,6,7.0,mobile,morning,0,1
ORD102850,289,4,0.5023,1543.82,footwear,1,25.19,wallet,7,8.0,desktop,morning,0,0
ORD102851,1524,16,0.2971,1156.88,fashion,4,21.83,card,4,5.0,desktop,afternoon,0,0
ORD102852,0,0,0.0,1109.68,footwear,4,13.07,upi,7,6.0,tablet,evening,1,0
ORD102853,7,0,0.0,2010.84,electronics,3,54.91,upi,6,6.0,mobile,evening,0,0
ORD102854,56,1,0.0304,403.26,home,4,15.02,netbanking,7,,desktop,late_night,0,0
ORD102855,0,0,0.0,243.82,toys,5,8.42,cod,2,1.0,mobile,morning,1,1
ORD102856,186,2,0.222,1276.43,electronics,6,29.55,netbanking,7,7.0,mobile,evening,0,0
ORD102857,47,1,0.1487,183.55,footwear,1,11.53,card,3,3.0,mobile,evening,0,0
ORD102858,38,0,0.0,896.47,footwear,1,11.7,card,1,1.0,mobile,afternoon,0,1
ORD102859,122,0,0.0,625.12,fashion,2,6.66,card,4,6.0,desktop,late_night,0,0
ORD102860,46,1,0.2727,685.26,fashion,2,16.13,netbanking,7,7.0,mobile,afternoon,0,0
ORD102861,321,4,0.0855,5055.31,electronics,3,31.39,upi,3,3.0,desktop,evening,0,0
ORD102862,115,2,0.1966,329.78,footwear,3,33.69,card,4,5.0,mobile,evening,0,0
ORD102863,90,1,0.4299,727.47,fashion,4,4.24,card,1,5.0,desktop,afternoon,0,1
ORD102864,78,0,0.0,430.97,sports,2,13.26,upi,1,1.0,mobile,morning,0,1
ORD102865,242,3,0.2078,1613.45,fashion,3,2.54,cod,4,7.0,tablet,morning,0,1
ORD102866,189,2,0.0882,143.08,grocery,2,23.11,cod,4,7.0,mobile,evening,0,0
ORD102867,226,3,0.6041,2765.93,footwear,1,68.59,card,3,2.0,desktop,afternoon,0,1
ORD102868,0,0,0.0,448.81,home,3,21.94,cod,3,4.0,mobile,late_night,1,0
ORD102869,167,3,0.2158,822.11,fashion,6,49.89,netbanking,5,5.0,mobile,evening,0,1
ORD102870,58,0,0.0,945.57,fashion,2,15.23,card,3,2.0,mobile,afternoon,0,1
ORD102871,81,0,0.0,3095.89,electronics,3,15.41,upi,2,2.0,mobile,afternoon,0,0
ORD102872,117,0,0.0,138.79,grocery,2,17.46,upi,3,3.0,mobile,afternoon,0,0
ORD102873,1757,16,0.1961,416.13,sports,2,10.09,card,7,12.0,desktop,morning,0,0
ORD102874,41,1,0.4229,636.84,home,5,33.75,upi,1,1.0,tablet,morning,0,0
ORD102875,114,1,0.2681,716.39,beauty,1,4.86,card,3,3.0,mobile,afternoon,0,0
ORD102876,201,3,0.2533,885.7,home,2,52.55,upi,2,2.0,mobile,evening,0,0
ORD102877,129,2,0.2927,2035.85,sports,5,13.76,upi,1,1.0,tablet,morning,0,0
ORD102878,590,5,0.3199,492.1,home,2,31.72,upi,1,2.0,mobile,afternoon,0,0
ORD102879,129,3,0.4101,1416.01,electronics,2,51.0,card,5,5.0,mobile,morning,0,0
ORD102880,140,0,0.0,278.63,grocery,2,49.74,card,1,4.0,mobile,late_night,0,1
ORD102881,444,5,0.0971,470.23,toys,3,36.06,netbanking,1,3.0,mobile,afternoon,0,0
ORD102882,1328,14,0.0162,776.83,toys,1,31.33,upi,3,3.0,mobile,morning,0,1
ORD102883,852,7,0.0626,699.73,grocery,3,4.74,card,6,10.0,mobile,evening,0,1
ORD102884,155,1,0.3241,438.76,fashion,3,39.13,cod,1,1.0,mobile,afternoon,0,1
ORD102885,171,1,0.1274,637.42,home,4,59.03,card,6,10.0,mobile,afternoon,0,1
ORD102886,190,0,0.0,2083.76,electronics,3,32.02,upi,7,6.0,mobile,late_night,0,0
ORD102887,0,0,0.0,1207.96,sports,4,37.27,cod,2,2.0,desktop,evening,1,1
ORD102888,71,2,0.3152,1407.97,fashion,4,79.71,card,4,4.0,desktop,evening,0,0
ORD102889,507,3,0.1985,942.06,home,1,25.84,card,3,4.0,mobile,afternoon,0,0
ORD102890,227,1,0.2232,255.0,grocery,2,21.73,upi,6,6.0,mobile,late_night,0,0
ORD102891,0,0,0.0,2251.67,fashion,5,22.42,card,4,4.0,mobile,late_night,1,1
ORD102892,44,0,0.0,648.56,toys,2,25.0,upi,1,1.0,mobile,afternoon,0,0
ORD102893,194,3,0.3198,485.55,grocery,4,37.3,upi,4,,mobile,afternoon,0,0
ORD102894,0,0,0.0,219.34,fashion,5,58.8,netbanking,7,,mobile,evening,1,1
ORD102895,95,1,0.3391,400.56,beauty,2,31.5,upi,4,6.0,mobile,evening,0,1
ORD102896,0,0,0.0,972.86,beauty,1,31.54,upi,5,5.0,mobile,afternoon,1,0
ORD102897,248,1,0.3982,717.08,fashion,5,5.96,cod,3,4.0,desktop,afternoon,0,0
ORD102898,1433,7,0.2067,911.17,sports,5,23.1,upi,6,5.0,tablet,morning,0,0
ORD102899,340,3,0.1384,235.48,home,3,14.09,card,1,2.0,mobile,afternoon,0,0
ORD102900,891,8,0.3192,805.38,home,1,49.57,card,2,4.0,desktop,afternoon,0,0
ORD102901,0,0,0.0,1060.0,beauty,2,3.26,upi,1,2.0,mobile,afternoon,1,0
ORD102902,624,6,0.2198,741.64,footwear,2,1.65,card,4,4.0,mobile,evening,0,0
ORD102903,0,0,0.0,616.96,beauty,3,14.42,netbanking,4,11.0,mobile,evening,1,1
ORD102904,81,2,0.4891,1353.58,electronics,1,11.69,card,6,6.0,desktop,evening,0,1
ORD102905,75,0,0.0,409.38,toys,3,25.53,cod,5,7.0,mobile,morning,0,0
ORD102906,0,0,0.0,537.71,toys,3,25.85,card,4,5.0,mobile,morning,1,0
ORD102907,180,3,0.2241,418.76,grocery,2,15.82,wallet,5,12.0,tablet,evening,0,0
ORD102908,0,0,0.0,1271.65,footwear,6,17.85,card,3,5.0,mobile,afternoon,1,1
ORD102909,137,3,0.1331,1455.6,home,3,28.12,upi,2,2.0,tablet,evening,0,0
ORD102910,94,1,0.2931,759.94,sports,1,14.77,wallet,3,5.0,desktop,evening,0,0
ORD102911,1077,13,0.0778,1966.27,electronics,1,9.66,netbanking,7,9.0,mobile,morning,0,0
ORD102912,54,1,0.2636,698.35,electronics,3,65.58,upi,1,6.0,mobile,late_night,0,0
ORD102913,385,5,0.0369,882.55,footwear,3,32.26,upi,1,1.0,desktop,evening,0,1
ORD102914,322,2,0.0491,163.47,fashion,1,16.22,card,1,1.0,mobile,afternoon,0,0
ORD102915,31,0,0.0,230.2,fashion,2,26.26,card,6,6.0,tablet,evening,0,0
ORD102916,72,0,0.0,848.8,footwear,1,46.61,upi,6,7.0,tablet,evening,0,0
ORD102917,0,0,0.0,2468.42,electronics,3,18.13,upi,5,4.0,desktop,afternoon,1,0
ORD102918,337,1,0.3135,378.9,home,2,12.84,cod,1,1.0,mobile,late_night,0,1
ORD102919,121,1,0.1167,1303.71,home,1,45.47,card,7,7.0,desktop,evening,0,0
ORD102920,0,0,0.0,1508.96,electronics,1,20.04,upi,5,5.0,desktop,evening,1,0
ORD102921,36,0,0.0,1139.66,toys,2,31.28,card,7,6.0,mobile,evening,0,0
ORD102922,2341,28,0.4015,1427.69,toys,4,35.6,wallet,4,4.0,mobile,afternoon,0,0
ORD102923,196,3,0.4468,353.99,electronics,4,28.16,card,1,1.0,mobile,evening,0,0
ORD102924,313,5,0.1825,3391.85,home,3,39.54,card,4,5.0,desktop,late_night,0,0
ORD102925,100,1,0.4576,977.94,toys,3,12.54,netbanking,3,3.0,tablet,morning,0,0
ORD102926,88,1,0.2388,1125.32,footwear,2,20.88,card,7,6.0,mobile,afternoon,0,0
ORD102927,1486,6,0.1461,1343.24,electronics,2,44.84,cod,1,2.0,desktop,afternoon,0,1
ORD102928,22,0,0.0,635.68,beauty,3,6.17,card,5,10.0,mobile,evening,0,0
ORD102929,246,1,0.2225,1144.16,home,5,21.58,card,6,7.0,mobile,afternoon,0,0
ORD102930,47,0,0.0,1614.76,home,3,20.65,card,1,1.0,mobile,evening,0,0
ORD102931,116,1,0.5961,857.35,fashion,3,64.05,upi,4,4.0,mobile,afternoon,0,1
ORD102932,89,1,0.4545,1312.88,home,5,2.42,upi,6,6.0,mobile,evening,0,0
ORD102933,0,0,0.0,1622.52,sports,3,7.31,card,4,3.0,mobile,late_night,1,0
ORD102934,188,0,0.0,248.21,sports,3,11.03,card,6,6.0,mobile,evening,0,0
ORD102935,10,0,0.0,242.91,grocery,1,31.74,card,3,1.0,mobile,evening,0,0
ORD102936,128,0,0.0,967.6,sports,5,8.67,card,6,6.0,mobile,late_night,0,0
ORD102937,164,2,0.1235,227.41,grocery,2,13.82,card,4,3.0,tablet,afternoon,0,0
ORD102938,40,0,0.0,1634.91,footwear,4,0.07,upi,3,1.0,desktop,evening,0,0
ORD102939,957,9,0.1933,1383.17,beauty,3,10.1,wallet,1,1.0,desktop,morning,0,1
ORD102940,0,0,0.0,1066.84,sports,3,4.17,wallet,3,7.0,mobile,late_night,1,1
ORD102941,139,0,0.0,491.24,beauty,3,29.97,upi,5,6.0,mobile,evening,0,0
ORD102942,0,0,0.0,321.94,grocery,4,6.83,upi,4,6.0,desktop,evening,1,0
ORD102943,165,0,0.0,99.26,grocery,1,23.95,card,1,1.0,mobile,morning,0,1
ORD102944,764,8,0.4187,361.28,fashion,1,56.64,upi,5,3.0,mobile,afternoon,0,1
ORD102945,2752,18,0.3351,364.12,fashion,4,27.73,netbanking,6,6.0,mobile,afternoon,0,0
ORD102946,411,5,0.1775,522.03,grocery,3,2.17,cod,2,1.0,mobile,evening,0,0
ORD102947,0,0,0.0,1294.22,electronics,2,27.37,wallet,7,7.0,mobile,evening,1,1
ORD102948,0,0,0.0,843.49,home,4,24.56,card,7,,desktop,evening,1,0
ORD102949,0,0,0.0,1512.97,electronics,2,13.95,netbanking,1,1.0,tablet,afternoon,1,1
ORD102950,1019,6,0.1337,616.34,footwear,4,10.67,card,3,5.0,desktop,afternoon,0,0
ORD102951,433,3,0.3653,7355.89,electronics,4,11.7,card,2,2.0,mobile,evening,0,0
ORD102952,212,1,0.1375,956.52,home,3,22.12,card,4,3.0,tablet,afternoon,0,0
ORD102953,0,0,0.0,4543.01,electronics,2,41.19,upi,4,4.0,mobile,evening,1,1
ORD102954,24,2,0.229,587.25,sports,2,28.27,netbanking,5,5.0,mobile,late_night,0,0
ORD102955,249,3,0.245,441.24,sports,2,12.61,upi,2,5.0,mobile,evening,0,1
ORD102956,33,0,0.0,1241.55,fashion,5,13.74,upi,6,6.0,mobile,late_night,0,0
ORD102957,30,0,0.0,824.3,footwear,4,3.11,netbanking,2,4.0,desktop,evening,0,0
ORD102958,224,0,0.0,1032.31,fashion,2,45.34,upi,5,7.0,mobile,evening,0,1
ORD102959,0,0,0.0,1567.03,beauty,5,3.78,card,1,,desktop,late_night,1,0
ORD102960,0,0,0.0,1010.1,home,1,28.08,wallet,5,3.0,mobile,afternoon,1,0
ORD102961,0,0,0.0,873.95,fashion,4,39.81,upi,4,6.0,mobile,afternoon,1,1
ORD102962,221,2,0.5442,349.83,beauty,1,48.96,upi,5,8.0,mobile,evening,0,1
ORD102963,67,1,0.3314,1864.15,electronics,3,16.01,card,1,3.0,tablet,evening,0,1
ORD102964,487,4,0.1246,1065.51,home,2,41.09,netbanking,4,4.0,mobile,afternoon,0,0
ORD102965,164,1,0.0385,415.6,grocery,2,13.14,netbanking,7,8.0,mobile,evening,0,0
ORD102966,294,3,0.33,813.44,fashion,2,38.27,netbanking,5,5.0,desktop,evening,0,0
ORD102967,48,0,0.0,174.31,toys,5,45.19,card,4,5.0,mobile,afternoon,0,1
ORD102968,148,2,0.2212,1927.5,fashion,1,1.94,card,7,7.0,mobile,morning,0,0
ORD102969,606,3,0.1037,939.12,home,3,10.33,upi,2,3.0,mobile,afternoon,0,0
ORD102970,526,6,0.1954,2903.11,sports,3,42.96,card,3,3.0,desktop,afternoon,0,0
ORD102971,75,0,0.0,536.71,sports,4,31.46,card,4,6.0,mobile,evening,0,1
ORD102972,99,0,0.0,207.43,grocery,3,11.88,card,4,5.0,desktop,afternoon,0,0
ORD102973,0,0,0.0,382.82,beauty,1,1.25,card,3,,mobile,afternoon,1,1
ORD102974,88,1,0.2018,661.86,home,2,18.09,card,6,7.0,mobile,late_night,0,0
ORD102975,0,0,0.0,852.11,fashion,3,71.75,card,1,2.0,desktop,morning,1,1
ORD102976,155,0,0.0,1893.46,home,2,5.66,cod,6,6.0,desktop,evening,0,0
ORD102977,363,1,0.1915,4424.52,electronics,3,24.72,card,1,1.0,mobile,afternoon,0,0
ORD102978,76,0,0.0,371.12,toys,2,11.7,upi,7,6.0,tablet,evening,0,0
ORD102979,0,0,0.0,435.12,fashion,5,5.34,card,2,2.0,mobile,afternoon,1,0
ORD102980,142,0,0.0,755.52,beauty,3,41.3,cod,1,1.0,mobile,afternoon,0,1
ORD102981,578,5,0.1796,245.81,toys,3,6.56,upi,3,2.0,mobile,afternoon,0,1
ORD102982,92,1,0.177,1058.03,fashion,4,36.16,card,4,5.0,desktop,morning,0,1
ORD102983,96,2,0.2912,373.73,beauty,4,6.16,wallet,7,6.0,mobile,late_night,0,0
ORD102984,71,0,0.0,647.78,home,2,40.86,card,1,1.0,tablet,evening,0,1
ORD102985,51,0,0.0,92.31,fashion,4,21.47,card,5,8.0,mobile,afternoon,0,0
ORD102986,324,1,0.3898,353.99,grocery,1,13.58,upi,4,7.0,mobile,morning,0,0
ORD102987,156,4,0.2883,3828.51,electronics,5,32.87,card,2,2.0,mobile,evening,0,0
ORD102988,192,3,0.2157,384.86,home,2,20.43,card,1,1.0,mobile,evening,0,1
ORD102989,736,9,0.2661,806.34,fashion,5,17.25,netbanking,6,7.0,desktop,afternoon,0,0
ORD102990,0,0,0.0,2398.42,electronics,4,8.67,card,2,9.0,mobile,afternoon,1,0
ORD102991,0,0,0.0,457.22,fashion,1,36.48,upi,7,7.0,tablet,afternoon,1,1
ORD102992,369,1,0.304,397.75,grocery,3,24.57,wallet,4,6.0,mobile,afternoon,0,0
ORD102993,232,1,0.1774,550.72,grocery,3,2.77,upi,5,5.0,tablet,late_night,0,1
ORD102994,109,0,0.0,835.53,footwear,4,36.84,netbanking,3,4.0,tablet,late_night,0,1
ORD102995,259,4,0.1793,974.46,fashion,4,5.57,netbanking,2,3.0,mobile,late_night,0,1
ORD102996,27,1,0.1857,796.1,sports,4,11.42,upi,5,5.0,mobile,afternoon,0,0
ORD102997,905,9,0.4145,1557.54,home,3,27.57,upi,3,7.0,mobile,late_night,0,0
ORD102998,0,0,0.0,88.61,grocery,2,39.08,cod,6,6.0,mobile,morning,1,0
ORD102999,69,1,0.3108,1260.27,footwear,3,22.29,cod,4,4.0,mobile,afternoon,0,0
ORD103000,0,0,0.0,1741.18,footwear,3,15.91,wallet,7,6.0,desktop,afternoon,1,1
ORD103001,27,0,0.0,999.46,electronics,4,28.03,cod,4,5.0,mobile,morning,0,0
ORD103002,128,1,0.1496,170.82,grocery,4,33.2,card,7,7.0,desktop,afternoon,0,1
ORD103003,106,1,0.3814,2738.14,home,1,6.21,card,4,6.0,mobile,morning,0,0
ORD103004,42,0,0.0,674.19,toys,2,19.14,card,5,5.0,mobile,evening,0,0
ORD103005,425,5,0.3392,227.78,fashion,3,39.94,card,6,7.0,desktop,afternoon,0,0
ORD103006,738,5,0.1491,756.63,home,3,7.88,upi,7,8.0,mobile,evening,0,1
ORD103007,175,1,0.0724,506.56,electronics,1,6.05,card,1,2.0,desktop,afternoon,0,1
ORD103008,129,0,0.0,628.2,footwear,2,10.87,upi,1,1.0,desktop,morning,0,0
ORD103009,292,3,0.513,1657.18,electronics,3,16.77,card,3,2.0,mobile,late_night,0,0
ORD103010,177,1,0.062,1354.76,home,3,25.68,cod,4,8.0,mobile,afternoon,0,0
ORD103011,0,0,0.0,1725.52,electronics,2,6.93,netbanking,6,10.0,desktop,morning,1,1
ORD103012,88,1,0.2209,1573.22,toys,2,40.03,card,2,3.0,tablet,evening,0,1
ORD103013,130,3,0.1724,1831.14,electronics,4,37.18,netbanking,2,2.0,desktop,morning,0,0
ORD103014,238,1,0.173,135.41,toys,1,10.49,card,6,6.0,desktop,afternoon,0,0
ORD103015,183,1,0.1233,678.47,beauty,2,37.73,card,7,7.0,mobile,morning,0,1
ORD103016,0,0,0.0,317.04,grocery,1,17.3,card,3,2.0,mobile,evening,1,0
ORD103017,33,0,0.0,391.34,beauty,3,15.43,card,3,3.0,desktop,evening,0,0
ORD103018,376,1,0.1292,615.48,grocery,1,40.39,upi,2,3.0,desktop,afternoon,0,0
ORD103019,181,2,0.4087,1316.51,footwear,1,28.91,cod,3,4.0,desktop,morning,0,1
ORD103020,3000,30,0.0249,361.41,fashion,4,29.36,card,1,1.0,desktop,evening,0,0
ORD103021,118,2,0.189,533.2,beauty,2,24.7,wallet,5,5.0,mobile,evening,0,0
ORD103022,258,3,0.3953,2130.24,footwear,3,35.71,card,4,3.0,desktop,evening,0,0
ORD103023,3000,25,0.4119,931.2,home,2,30.89,netbanking,6,5.0,tablet,late_night,0,1
ORD103024,224,0,0.0,298.48,footwear,3,3.25,card,7,12.0,desktop,afternoon,0,0
ORD103025,168,1,0.2077,582.19,beauty,2,52.95,card,1,2.0,tablet,afternoon,0,0
ORD103026,61,0,0.0,236.55,grocery,3,15.68,upi,6,10.0,mobile,evening,0,0
ORD103027,0,0,0.0,902.77,home,3,11.36,netbanking,3,3.0,mobile,morning,1,0
ORD103028,50,0,0.0,864.36,electronics,2,30.38,upi,7,6.0,mobile,afternoon,0,0
ORD103029,289,2,0.2501,558.11,beauty,4,9.0,upi,7,13.0,mobile,afternoon,0,1
ORD103030,0,0,0.0,342.91,toys,4,65.19,netbanking,4,7.0,desktop,evening,1,1
ORD103031,147,2,0.06,2975.18,electronics,2,10.31,netbanking,3,2.0,mobile,evening,0,0
ORD103032,37,0,0.0,1702.95,fashion,2,26.29,upi,5,5.0,mobile,afternoon,0,0
ORD103033,794,6,0.1809,502.54,beauty,2,22.11,upi,2,2.0,mobile,evening,0,1
ORD103034,0,0,0.0,453.41,home,3,11.15,card,6,5.0,desktop,afternoon,1,0
ORD103035,47,1,0.1712,520.12,home,3,21.86,upi,6,6.0,mobile,evening,0,0
ORD103036,719,3,0.4802,998.68,home,2,42.02,card,7,,desktop,afternoon,0,0
ORD103037,104,1,0.1237,551.48,beauty,3,25.94,wallet,3,2.0,desktop,late_night,0,0
ORD103038,261,0,0.0,661.03,sports,3,18.05,card,1,1.0,mobile,evening,0,0
ORD103039,457,5,0.0803,638.84,footwear,2,1.86,upi,7,8.0,mobile,afternoon,0,0
ORD103040,305,2,0.1168,1103.84,footwear,2,40.7,card,2,2.0,desktop,evening,0,0
ORD103041,0,0,0.0,2021.78,sports,1,42.41,netbanking,5,6.0,mobile,late_night,1,0
ORD103042,389,0,0.0,949.91,sports,5,5.97,upi,6,9.0,mobile,afternoon,0,1
ORD103043,162,3,0.1709,1353.55,home,3,14.88,wallet,2,2.0,mobile,afternoon,0,0
ORD103044,126,0,0.0,879.65,home,2,14.78,upi,7,5.0,desktop,late_night,0,0
ORD103045,0,0,0.0,1098.59,home,1,39.2,card,5,5.0,desktop,evening,1,0
ORD103046,30,1,0.1632,559.15,home,2,59.53,card,7,6.0,mobile,late_night,0,0
ORD103047,223,1,0.3605,386.63,grocery,3,14.76,cod,6,6.0,desktop,afternoon,0,0
ORD103048,0,0,0.0,2296.29,home,3,34.78,card,1,1.0,mobile,afternoon,1,1
ORD103049,132,0,0.0,380.08,grocery,4,21.16,cod,2,3.0,mobile,afternoon,0,1
ORD103050,0,0,0.0,394.39,grocery,2,23.9,wallet,5,4.0,mobile,late_night,1,0
ORD103051,590,11,0.3463,906.48,electronics,2,25.77,netbanking,4,10.0,mobile,afternoon,0,0
ORD103052,73,2,0.3859,373.39,grocery,3,10.52,wallet,5,8.0,mobile,evening,0,0
ORD103053,0,0,0.0,209.38,home,2,7.46,upi,7,4.0,mobile,evening,1,0
ORD103054,513,4,0.0313,1510.35,sports,2,17.96,card,5,5.0,tablet,evening,0,0
ORD103055,113,0,0.0,2414.43,home,2,9.06,upi,4,8.0,desktop,afternoon,0,0
ORD103056,53,0,0.0,202.81,grocery,1,12.03,upi,2,2.0,desktop,afternoon,0,0
ORD103057,37,0,0.0,559.86,fashion,1,72.84,card,2,2.0,mobile,morning,0,0
ORD103058,244,0,0.0,861.13,beauty,2,1.17,cod,7,10.0,mobile,morning,0,0
ORD103059,80,1,0.1116,372.02,fashion,1,20.43,netbanking,6,6.0,mobile,afternoon,0,0
ORD103060,678,7,0.6636,612.11,beauty,2,17.77,upi,3,5.0,mobile,late_night,0,0
ORD103061,85,0,0.0,999.71,electronics,1,2.92,upi,4,,mobile,evening,0,0
ORD103062,67,1,0.2484,658.76,beauty,2,22.2,cod,2,5.0,mobile,afternoon,0,0
ORD103063,0,0,0.0,744.24,home,4,21.84,card,2,2.0,tablet,evening,1,0
ORD103064,85,1,0.068,42.77,grocery,3,7.67,upi,6,8.0,desktop,morning,0,0
ORD103065,182,0,0.0,317.13,fashion,3,8.37,card,1,1.0,desktop,evening,0,0
ORD103066,536,1,0.278,688.54,footwear,2,11.0,card,5,5.0,mobile,afternoon,0,0
ORD103067,206,3,0.2763,6246.7,electronics,1,62.7,card,1,1.0,mobile,afternoon,0,1
ORD103068,207,4,0.1953,1425.25,electronics,3,12.59,cod,3,4.0,desktop,late_night,0,0
ORD103069,227,1,0.2424,400.68,fashion,3,57.76,upi,2,2.0,mobile,morning,0,0
ORD103070,28,1,0.1992,1096.78,home,4,16.57,netbanking,5,4.0,tablet,late_night,0,0
ORD103071,0,0,0.0,50.97,beauty,5,22.83,netbanking,2,2.0,mobile,late_night,1,0
ORD103072,0,0,0.0,717.77,grocery,4,28.7,card,5,5.0,desktop,afternoon,1,0
ORD103073,484,13,0.0247,1131.74,footwear,2,2.8,wallet,1,2.0,mobile,evening,0,0
ORD103074,0,0,0.0,1187.13,electronics,3,28.29,upi,2,1.0,desktop,afternoon,1,0
ORD103075,0,0,0.0,1463.1,home,2,10.19,card,7,4.0,desktop,evening,1,0
ORD103076,564,8,0.1901,635.43,toys,4,27.54,wallet,2,3.0,tablet,evening,0,1
ORD103077,131,2,0.4236,1540.4,electronics,5,16.34,wallet,3,5.0,mobile,morning,0,0
ORD103078,237,1,0.2549,431.08,grocery,3,23.86,netbanking,7,7.0,mobile,evening,0,0
ORD103079,128,0,0.0,483.96,toys,1,41.8,upi,1,1.0,mobile,afternoon,0,0
ORD103080,301,3,0.3785,827.53,footwear,2,32.39,card,2,1.0,desktop,evening,0,0
ORD103081,119,1,0.0589,650.71,beauty,2,3.78,card,7,7.0,mobile,morning,0,0
ORD103082,1110,10,0.2073,564.64,footwear,2,41.63,cod,7,7.0,desktop,evening,0,1
ORD103083,0,0,0.0,269.17,grocery,5,14.19,card,5,5.0,mobile,evening,1,0
ORD103084,474,3,0.5029,745.94,electronics,1,2.69,wallet,4,3.0,mobile,evening,0,0
ORD103085,987,9,0.1548,179.37,beauty,3,6.3,card,7,8.0,desktop,morning,0,0
ORD103086,33,0,0.0,290.77,sports,2,22.22,card,5,5.0,mobile,afternoon,0,0
ORD103087,37,0,0.0,948.74,footwear,3,7.07,card,3,7.0,mobile,morning,0,1
ORD103088,127,2,0.2041,353.97,beauty,1,41.04,card,7,7.0,desktop,afternoon,0,0
ORD103089,0,0,0.0,387.0,home,5,24.24,card,5,4.0,mobile,evening,1,1
ORD103090,0,0,0.0,336.95,beauty,2,18.18,upi,6,6.0,mobile,evening,1,0
ORD103091,0,0,0.0,314.92,fashion,7,37.66,netbanking,1,1.0,mobile,morning,1,0
ORD103092,0,0,0.0,752.2,fashion,2,24.96,card,7,8.0,desktop,evening,1,0
ORD103093,0,0,0.0,1026.43,toys,2,26.03,card,4,3.0,desktop,late_night,1,1
ORD103094,741,3,0.1806,4281.56,electronics,2,9.14,card,5,7.0,desktop,evening,0,0
ORD103095,598,9,0.2745,395.82,beauty,3,13.97,card,2,2.0,mobile,evening,0,0
ORD103096,232,2,0.3044,259.8,grocery,5,12.24,upi,3,2.0,mobile,morning,0,0
ORD103097,71,0,0.0,207.8,footwear,4,10.57,netbanking,2,1.0,desktop,evening,0,0
ORD103098,196,0,0.0,607.83,electronics,1,22.29,card,4,6.0,desktop,morning,0,0
ORD103099,1837,18,0.4755,1684.92,fashion,3,8.78,card,2,1.0,tablet,late_night,0,0
ORD103100,0,0,0.0,747.17,fashion,4,10.06,card,5,5.0,tablet,morning,1,0
ORD103101,109,0,0.0,1129.9,toys,2,4.43,card,1,2.0,mobile,late_night,0,0
ORD103102,0,0,0.0,117.9,beauty,2,19.38,wallet,7,6.0,mobile,afternoon,1,1
ORD103103,659,11,0.3211,1603.17,electronics,1,44.45,upi,1,1.0,desktop,afternoon,0,0
ORD103104,71,0,0.0,261.91,home,2,39.8,netbanking,2,2.0,mobile,late_night,0,0
ORD103105,135,3,0.4403,96.61,beauty,3,17.2,card,2,,mobile,late_night,0,0
ORD103106,104,2,0.1703,353.55,fashion,2,25.35,card,3,,tablet,morning,0,0
ORD103107,195,1,0.1251,6056.41,electronics,2,34.2,card,1,1.0,mobile,morning,0,1
ORD103108,610,6,0.441,250.88,beauty,4,2.75,card,5,4.0,tablet,evening,0,0
ORD103109,0,0,0.0,4059.46,electronics,1,25.53,cod,3,1.0,tablet,evening,1,0
ORD103110,601,4,0.4746,1411.49,electronics,3,14.48,wallet,1,1.0,mobile,afternoon,0,0
ORD103111,202,1,0.3363,2087.61,home,1,21.48,card,2,2.0,desktop,late_night,0,0
ORD103112,2342,22,0.4088,473.75,grocery,3,35.18,cod,4,3.0,mobile,morning,0,0
ORD103113,257,2,0.3169,739.83,grocery,4,15.38,cod,3,2.0,desktop,late_night,0,0
ORD103114,162,2,0.4782,316.02,beauty,1,50.63,upi,3,2.0,mobile,afternoon,0,0
ORD103115,341,6,0.3897,354.38,grocery,3,19.12,card,2,6.0,mobile,evening,0,0
ORD103116,125,0,0.0,719.47,fashion,4,8.05,cod,1,2.0,mobile,afternoon,0,0
ORD103117,25,0,0.0,3914.53,fashion,4,1.38,upi,1,1.0,tablet,evening,0,0
ORD103118,139,1,0.4965,551.58,grocery,4,8.85,card,5,4.0,mobile,late_night,0,0
ORD103119,136,1,0.2531,1528.72,electronics,3,7.92,wallet,5,5.0,mobile,evening,0,0
ORD103120,31,1,0.1099,3051.22,footwear,4,19.74,upi,4,5.0,tablet,afternoon,0,0
ORD103121,167,3,0.231,2910.23,fashion,1,19.87,card,5,4.0,mobile,afternoon,0,0
ORD103122,18,0,0.0,562.42,home,4,8.89,card,7,8.0,desktop,evening,0,0
ORD103123,123,2,0.3633,1072.69,home,1,31.25,card,3,2.0,desktop,late_night,0,0
ORD103124,236,3,0.2286,1294.7,electronics,2,36.86,card,2,6.0,mobile,morning,0,0
ORD103125,201,2,0.2665,561.95,electronics,3,10.24,card,7,6.0,mobile,morning,0,0
ORD103126,115,0,0.0,1086.46,sports,6,18.29,cod,3,4.0,mobile,evening,0,0
ORD103127,164,2,0.1369,86.7,footwear,3,12.14,card,5,6.0,mobile,late_night,0,0
ORD103128,76,0,0.0,1788.89,electronics,2,31.63,cod,5,6.0,desktop,afternoon,0,0
ORD103129,0,0,0.0,1630.37,electronics,2,21.96,card,6,6.0,tablet,evening,1,0
ORD103130,193,0,0.0,843.81,home,2,5.06,upi,3,9.0,desktop,afternoon,0,0
ORD103131,0,0,0.0,443.29,toys,2,46.21,card,6,5.0,mobile,afternoon,1,0
ORD103132,243,2,0.147,706.49,sports,1,19.46,card,5,5.0,desktop,late_night,0,1
ORD103133,241,5,0.1633,511.2,electronics,1,1.33,card,6,6.0,mobile,afternoon,0,1
ORD103134,150,0,0.0,634.2,electronics,3,20.35,card,3,4.0,desktop,evening,0,0
ORD103135,2599,17,0.5622,423.76,beauty,4,72.19,wallet,3,2.0,desktop,evening,0,0
ORD103136,0,0,0.0,496.9,toys,5,2.76,card,5,5.0,tablet,evening,1,0
ORD103137,133,0,0.0,1207.95,fashion,5,2.93,card,3,,mobile,afternoon,0,1
ORD103138,113,0,0.0,685.29,sports,1,8.56,upi,2,3.0,tablet,late_night,0,0
ORD103139,62,1,0.3745,138.63,grocery,1,11.71,card,3,7.0,mobile,evening,0,0
ORD103140,385,4,0.0477,709.45,home,7,52.05,netbanking,4,2.0,mobile,evening,0,0
ORD103141,85,1,0.1797,94.54,beauty,1,17.4,upi,7,6.0,desktop,evening,0,0
ORD103142,0,0,0.0,1081.41,sports,2,27.84,card,2,3.0,mobile,morning,1,0
ORD103143,100,2,0.2293,1097.4,footwear,1,29.67,card,1,1.0,desktop,afternoon,0,0
ORD103144,0,0,0.0,2408.48,sports,3,21.47,card,1,3.0,desktop,late_night,1,1
ORD103145,26,1,0.07,891.76,footwear,4,38.64,wallet,6,11.0,mobile,morning,0,0
ORD103146,108,1,0.1327,433.7,sports,1,0.59,upi,4,5.0,mobile,evening,0,0
ORD103147,473,3,0.273,407.47,fashion,3,32.13,card,5,7.0,mobile,afternoon,0,0
ORD103148,0,0,0.0,258.4,grocery,3,9.07,card,7,7.0,desktop,afternoon,1,0
ORD103149,1008,11,0.2637,404.12,fashion,4,4.12,upi,2,2.0,desktop,evening,0,0
ORD103150,414,2,0.4606,387.72,home,1,38.34,cod,4,3.0,mobile,evening,0,0
ORD103151,322,2,0.3718,432.24,fashion,3,46.88,upi,2,2.0,desktop,evening,0,0
ORD103152,1437,9,0.384,1302.19,fashion,4,9.9,upi,6,5.0,desktop,evening,0,0
ORD103153,162,3,0.1374,381.46,grocery,5,30.8,wallet,3,4.0,mobile,evening,0,1
ORD103154,194,2,0.2718,1734.87,sports,2,24.97,card,5,6.0,mobile,afternoon,0,0
ORD103155,179,3,0.3781,169.2,grocery,1,18.83,card,5,6.0,mobile,late_night,0,0
ORD103156,990,14,0.2781,1343.13,toys,3,24.73,card,1,1.0,mobile,afternoon,0,0
ORD103157,181,1,0.4289,842.6,fashion,3,26.05,card,6,6.0,desktop,evening,0,0
ORD103158,0,0,0.0,584.41,beauty,2,22.06,card,5,5.0,mobile,evening,1,0
ORD103159,346,1,0.2187,847.27,home,5,22.93,card,2,1.0,desktop,afternoon,0,0
ORD103160,0,0,0.0,90.91,toys,1,0.96,card,1,1.0,desktop,evening,1,0
ORD103161,0,0,0.0,2312.93,home,3,35.17,card,1,1.0,tablet,afternoon,1,1
ORD103162,285,5,0.2262,1181.83,sports,5,11.35,netbanking,1,1.0,mobile,afternoon,0,0
ORD103163,147,0,0.0,251.86,toys,2,32.4,upi,6,6.0,mobile,morning,0,0
ORD103164,337,4,0.0807,7198.37,electronics,4,36.86,card,2,1.0,mobile,afternoon,0,1
ORD103165,35,1,0.2739,297.54,grocery,3,32.95,card,3,2.0,mobile,afternoon,0,0
ORD103166,216,1,0.0749,396.05,toys,2,19.07,card,6,4.0,tablet,evening,0,0
ORD103167,108,2,0.7006,852.63,electronics,1,15.31,upi,1,1.0,desktop,morning,0,0
ORD103168,3000,28,0.1657,188.92,grocery,2,24.54,card,7,8.0,tablet,late_night,0,0
ORD103169,215,1,0.4779,214.38,fashion,2,40.86,card,2,1.0,mobile,afternoon,0,0
ORD103170,0,0,0.0,1235.34,electronics,3,45.1,upi,5,4.0,desktop,evening,1,0
ORD103171,39,1,0.1102,403.03,beauty,2,10.67,card,3,3.0,mobile,afternoon,0,0
ORD103172,762,4,0.3477,2489.0,electronics,2,29.53,upi,4,3.0,desktop,morning,0,0
ORD103173,0,0,0.0,143.78,toys,1,32.5,netbanking,1,1.0,mobile,late_night,1,0
ORD103174,75,2,0.0958,250.81,beauty,6,15.36,card,3,2.0,desktop,evening,0,0
ORD103175,262,3,0.1461,371.18,home,1,28.95,upi,4,5.0,mobile,evening,0,0
ORD103176,0,0,0.0,968.21,toys,3,30.04,cod,4,3.0,mobile,afternoon,1,0
ORD103177,364,4,0.1256,470.77,grocery,3,16.41,upi,7,12.0,mobile,evening,0,0
ORD103178,185,3,0.2495,192.84,footwear,2,31.74,wallet,7,7.0,desktop,evening,0,0
ORD103179,215,1,0.2094,242.12,grocery,1,26.1,netbanking,1,1.0,mobile,evening,0,0
ORD103180,0,0,0.0,2347.61,home,3,7.07,cod,6,5.0,desktop,afternoon,1,1
ORD103181,262,2,0.0349,1230.53,footwear,2,46.16,upi,4,9.0,mobile,evening,0,1
ORD103182,289,3,0.2236,748.93,sports,3,21.99,cod,7,8.0,desktop,evening,0,0
ORD103183,604,7,0.0248,2278.72,electronics,5,8.88,card,1,1.0,desktop,late_night,0,0
ORD103184,192,2,0.5459,1155.1,fashion,2,14.66,cod,2,1.0,tablet,afternoon,0,0
ORD103185,73,1,0.2245,3281.63,sports,5,36.66,cod,2,1.0,mobile,late_night,0,0
ORD103186,154,0,0.0,487.98,fashion,2,28.09,card,4,5.0,mobile,afternoon,0,1
ORD103187,0,0,0.0,2286.68,home,2,25.71,cod,6,6.0,mobile,afternoon,1,0
ORD103188,25,1,0.0301,600.06,home,3,22.21,card,2,3.0,desktop,afternoon,0,0
ORD103189,25,0,0.0,193.3,grocery,3,36.83,cod,2,2.0,desktop,evening,0,0
ORD103190,497,5,0.3779,581.73,fashion,3,46.16,upi,1,,mobile,morning,0,0
ORD103191,965,11,0.047,328.78,grocery,3,40.58,upi,6,5.0,mobile,afternoon,0,0
ORD103192,45,0,0.0,498.53,grocery,1,32.91,card,5,5.0,desktop,evening,0,0
ORD103193,202,2,0.4299,1580.34,electronics,4,21.34,cod,4,,desktop,afternoon,0,0
ORD103194,116,0,0.0,205.86,grocery,1,32.57,upi,3,3.0,tablet,afternoon,0,0
ORD103195,136,0,0.0,403.35,footwear,2,9.7,cod,1,3.0,mobile,late_night,0,0
ORD103196,253,1,0.1948,1447.34,sports,2,37.11,card,5,10.0,tablet,morning,0,0
ORD103197,43,0,0.0,981.99,sports,1,28.49,upi,7,6.0,desktop,afternoon,0,1
ORD103198,53,0,0.0,542.33,beauty,5,8.0,upi,1,1.0,mobile,evening,0,0
ORD103199,0,0,0.0,2228.76,electronics,1,22.84,card,1,2.0,mobile,evening,1,0
ORD103200,154,0,0.0,4487.74,electronics,2,29.97,netbanking,2,2.0,mobile,morning,0,0
ORD103201,0,0,0.0,643.63,grocery,2,7.53,card,6,6.0,desktop,morning,1,0
ORD103202,0,0,0.0,1241.22,footwear,4,3.14,card,7,6.0,mobile,afternoon,1,1
ORD103203,114,1,0.1694,1520.34,electronics,3,27.72,card,4,4.0,mobile,evening,0,0
ORD103204,0,0,0.0,360.24,home,2,10.41,upi,2,1.0,mobile,evening,1,1
ORD103205,247,1,0.2014,210.06,grocery,2,34.39,upi,4,3.0,tablet,evening,0,0
ORD103206,157,1,0.3889,620.57,fashion,4,42.19,card,3,4.0,mobile,late_night,0,0
ORD103207,455,5,0.1344,410.02,fashion,4,6.55,upi,2,2.0,desktop,late_night,0,0
ORD103208,64,1,0.2035,764.12,toys,4,9.76,upi,1,4.0,tablet,afternoon,0,0
ORD103209,38,0,0.0,1001.57,sports,1,53.76,card,7,12.0,desktop,evening,0,1
ORD103210,128,0,0.0,470.34,home,2,6.26,upi,2,2.0,mobile,evening,0,0
ORD103211,193,3,0.1021,761.78,grocery,4,5.32,upi,3,7.0,mobile,afternoon,0,1
ORD103212,0,0,0.0,1001.42,footwear,2,14.02,card,6,5.0,mobile,morning,1,1
ORD103213,39,0,0.0,552.26,toys,2,8.26,upi,1,1.0,tablet,afternoon,0,1
ORD103214,221,2,0.0861,1102.1,toys,2,20.69,wallet,7,7.0,tablet,evening,0,0
ORD103215,78,1,0.4651,381.3,fashion,2,27.89,netbanking,6,6.0,desktop,evening,0,0
ORD103216,36,0,0.0,190.17,grocery,3,20.89,card,3,3.0,mobile,evening,0,0
ORD103217,524,1,0.4669,571.77,footwear,3,11.46,cod,6,5.0,mobile,late_night,0,0
ORD103218,90,1,0.2664,1273.29,home,5,32.44,card,3,6.0,mobile,evening,0,0
ORD103219,642,3,0.2783,2130.17,electronics,2,34.68,card,5,6.0,desktop,late_night,0,0
ORD103220,187,1,0.2807,4595.99,toys,3,9.31,upi,6,5.0,tablet,evening,0,0
ORD103221,0,0,0.0,447.55,home,4,19.6,netbanking,6,5.0,mobile,afternoon,1,1
ORD103222,143,2,0.0524,546.83,toys,3,46.72,netbanking,6,5.0,mobile,evening,0,0
ORD103223,9,2,0.3263,366.23,beauty,6,12.86,upi,7,7.0,mobile,evening,0,0
ORD103224,51,1,0.1769,1202.42,home,1,58.88,wallet,2,4.0,desktop,afternoon,0,0
ORD103225,0,0,0.0,809.61,beauty,4,0.83,upi,5,8.0,desktop,evening,1,1
ORD103226,270,0,0.0,778.82,fashion,2,31.1,card,3,3.0,desktop,evening,0,0
ORD103227,25,0,0.0,1141.87,home,2,20.52,card,2,1.0,desktop,evening,0,1
ORD103228,170,1,0.3916,571.62,footwear,3,2.91,card,7,8.0,mobile,evening,0,0
ORD103229,52,0,0.0,923.04,grocery,3,44.99,upi,6,7.0,mobile,evening,0,0
ORD103230,234,2,0.2162,369.91,toys,3,9.57,card,1,1.0,mobile,evening,0,0
ORD103231,177,1,0.1387,32.83,grocery,1,13.71,card,7,8.0,mobile,morning,0,0
ORD103232,410,4,0.0845,628.69,sports,5,35.61,card,4,4.0,mobile,afternoon,0,0
ORD103233,586,4,0.1981,3507.08,fashion,1,38.27,card,3,4.0,mobile,morning,0,0
ORD103234,300,2,0.3174,321.19,footwear,4,36.47,card,4,8.0,mobile,evening,0,1
ORD103235,467,2,0.1992,411.91,grocery,2,35.86,card,3,4.0,mobile,evening,0,0
ORD103236,0,0,0.0,378.35,fashion,2,21.61,cod,7,7.0,desktop,morning,1,0
ORD103237,3000,27,0.1414,1221.96,home,7,15.15,upi,2,6.0,mobile,evening,0,1
ORD103238,47,0,0.0,956.67,beauty,2,2.97,card,2,3.0,desktop,evening,0,0
ORD103239,101,2,0.0804,533.47,footwear,3,10.55,netbanking,2,2.0,desktop,late_night,0,1
ORD103240,0,0,0.0,4141.37,electronics,1,0.75,card,4,4.0,mobile,morning,1,0
ORD103241,414,3,0.2148,627.58,grocery,2,54.71,upi,3,7.0,desktop,evening,0,0
ORD103242,0,0,0.0,2113.61,electronics,3,42.25,upi,2,2.0,tablet,morning,1,0
ORD103243,381,4,0.2432,279.54,grocery,3,10.18,upi,6,5.0,mobile,morning,0,0
ORD103244,18,0,0.0,817.62,sports,2,16.17,card,1,1.0,mobile,afternoon,0,0
ORD103245,1041,10,0.3492,166.33,grocery,3,2.05,upi,6,6.0,mobile,evening,0,0
ORD103246,144,0,0.0,133.91,grocery,3,11.92,card,6,4.0,mobile,evening,0,0
ORD103247,0,0,0.0,2545.25,electronics,6,7.17,wallet,2,4.0,desktop,evening,1,1
ORD103248,0,0,0.0,935.48,footwear,2,20.07,upi,6,5.0,mobile,afternoon,1,0
ORD103249,240,3,0.2606,393.33,grocery,1,33.99,cod,1,1.0,mobile,afternoon,0,0
ORD103250,0,0,0.0,1788.06,home,3,12.45,cod,6,5.0,mobile,evening,1,0
ORD103251,340,2,0.4048,289.28,grocery,1,21.81,upi,7,10.0,desktop,evening,0,0
ORD103252,256,1,0.2486,4309.66,electronics,5,12.58,netbanking,4,5.0,mobile,morning,0,0
ORD103253,271,2,0.4222,234.86,footwear,3,9.59,upi,7,6.0,mobile,late_night,0,0
ORD103254,56,2,0.4224,3102.79,home,4,21.79,upi,2,5.0,desktop,afternoon,0,0
ORD103255,0,0,0.0,647.28,fashion,4,12.87,card,1,1.0,desktop,evening,1,0
ORD103256,148,2,0.3439,538.67,home,3,28.37,card,2,3.0,mobile,late_night,0,0
ORD103257,312,3,0.1834,679.51,footwear,3,8.08,card,7,,desktop,evening,0,1
ORD103258,538,4,0.2927,2001.99,fashion,2,12.54,card,7,9.0,mobile,afternoon,0,0
ORD103259,213,1,0.4114,555.41,home,2,12.29,upi,4,5.0,mobile,evening,0,0
ORD103260,44,2,0.2986,472.63,beauty,6,4.84,cod,2,2.0,mobile,evening,0,1
ORD103261,204,2,0.2307,142.49,grocery,1,63.46,upi,1,2.0,mobile,afternoon,0,1
ORD103262,3000,17,0.0934,2239.83,electronics,2,32.0,netbanking,3,4.0,mobile,morning,0,0
ORD103263,1108,11,0.1321,1060.05,beauty,3,16.71,netbanking,5,6.0,mobile,evening,0,0
ORD103264,6,0,0.0,539.24,beauty,3,21.65,upi,1,5.0,tablet,late_night,0,0
ORD103265,194,2,0.1566,570.57,footwear,5,18.98,upi,2,1.0,desktop,morning,0,0
ORD103266,505,2,0.1382,496.84,fashion,5,12.22,card,3,3.0,desktop,afternoon,0,0
ORD103267,148,3,0.2384,477.19,beauty,5,11.8,card,2,2.0,mobile,evening,0,1
ORD103268,0,0,0.0,1294.34,home,2,21.76,card,7,6.0,mobile,late_night,1,0
ORD103269,135,1,0.2616,1756.34,sports,3,21.16,upi,5,5.0,mobile,evening,0,0
ORD103270,0,0,0.0,212.88,beauty,3,26.43,card,2,2.0,mobile,morning,1,0
ORD103271,51,1,0.3447,523.62,footwear,2,27.47,cod,1,1.0,mobile,evening,0,0
ORD103272,670,2,0.4847,810.31,grocery,4,11.32,card,5,4.0,mobile,late_night,0,0
ORD103273,170,4,0.253,937.5,fashion,3,61.44,card,4,2.0,desktop,evening,0,0
ORD103274,64,0,0.0,326.03,grocery,3,54.65,netbanking,3,3.0,mobile,evening,0,0
ORD103275,0,0,0.0,508.84,grocery,4,8.74,upi,2,2.0,mobile,late_night,1,0
ORD103276,33,1,0.2325,142.97,footwear,2,38.11,upi,6,,desktop,afternoon,0,0
ORD103277,98,1,0.2244,2708.5,electronics,4,31.18,upi,4,4.0,mobile,evening,0,0
ORD103278,96,0,0.0,3874.47,fashion,3,23.71,upi,2,2.0,desktop,late_night,0,1
ORD103279,1916,13,0.2349,774.95,footwear,3,15.46,upi,4,4.0,desktop,evening,0,0
ORD103280,85,0,0.0,893.98,footwear,5,49.81,card,2,2.0,desktop,afternoon,0,1
ORD103281,16,1,0.1022,1345.69,electronics,3,16.3,card,7,6.0,desktop,morning,0,0
ORD103282,95,0,0.0,452.02,home,2,71.05,upi,5,4.0,desktop,afternoon,0,1
ORD103283,299,4,0.3798,674.92,sports,3,34.03,card,7,6.0,mobile,evening,0,0
ORD103284,429,6,0.1853,1239.39,fashion,4,7.99,card,2,1.0,mobile,afternoon,0,0
ORD103285,2217,26,0.0492,2513.37,electronics,3,53.63,card,5,4.0,tablet,evening,0,0
ORD103286,852,4,0.0627,399.47,footwear,1,51.99,card,5,4.0,mobile,morning,0,1
ORD103287,222,1,0.0978,188.89,grocery,2,7.69,wallet,1,1.0,mobile,afternoon,0,1
ORD103288,67,1,0.172,622.39,sports,2,12.79,card,7,5.0,mobile,afternoon,0,0
ORD103289,1081,17,0.36,990.86,home,3,43.31,card,2,3.0,mobile,evening,0,0
ORD103290,120,1,0.0866,447.86,toys,1,5.0,upi,5,5.0,mobile,evening,0,0
ORD103291,87,1,0.2886,490.16,toys,3,14.67,upi,4,4.0,mobile,evening,0,0
ORD103292,114,2,0.2342,797.12,electronics,2,22.62,netbanking,2,2.0,desktop,afternoon,0,0
ORD103293,45,0,0.0,2061.28,fashion,5,41.89,card,6,5.0,desktop,evening,0,0
ORD103294,108,1,0.2386,1178.63,sports,3,27.38,card,4,6.0,tablet,evening,0,0
ORD103295,0,0,0.0,203.95,grocery,4,25.99,cod,1,2.0,mobile,evening,1,0
ORD103296,404,4,0.0801,168.47,grocery,2,23.01,card,2,8.0,mobile,evening,0,0
ORD103297,118,1,0.1258,673.9,home,2,38.87,card,5,3.0,mobile,morning,0,1
ORD103298,44,0,0.0,1668.55,footwear,2,20.01,card,3,7.0,desktop,evening,0,0
ORD103299,31,0,0.0,4861.68,electronics,1,14.67,card,2,2.0,mobile,evening,0,0
ORD103300,0,0,0.0,566.0,home,4,16.91,netbanking,6,6.0,desktop,evening,1,0
ORD103301,196,2,0.1429,324.63,beauty,1,33.17,netbanking,7,8.0,mobile,evening,0,0
ORD103302,98,1,0.2934,205.27,fashion,5,13.57,cod,1,2.0,mobile,afternoon,0,0
ORD103303,0,0,0.0,95.21,grocery,3,15.18,card,1,2.0,desktop,late_night,1,0
ORD103304,277,0,0.0,322.88,grocery,4,6.75,upi,4,5.0,desktop,afternoon,0,0
ORD103305,836,9,0.2409,766.85,sports,2,15.98,card,4,4.0,mobile,afternoon,0,1
ORD103306,76,1,0.3258,228.64,grocery,2,48.07,wallet,4,3.0,mobile,morning,0,0
ORD103307,199,0,0.0,675.54,sports,5,22.59,card,2,2.0,mobile,evening,0,0
ORD103308,520,8,0.2633,828.25,fashion,3,1.06,cod,2,7.0,mobile,afternoon,0,1
ORD103309,77,0,0.0,1046.54,sports,2,1.23,card,7,6.0,mobile,afternoon,0,0
ORD103310,0,0,0.0,609.36,grocery,5,14.6,card,1,6.0,desktop,afternoon,1,0
ORD103311,0,0,0.0,5449.53,home,4,5.05,card,5,3.0,tablet,afternoon,1,1
ORD103312,42,0,0.0,799.2,electronics,4,40.71,netbanking,1,1.0,mobile,evening,0,0
ORD103313,218,0,0.0,278.62,fashion,2,8.03,netbanking,3,4.0,mobile,late_night,0,0
ORD103314,187,1,0.2583,2050.16,fashion,2,12.05,wallet,7,11.0,desktop,afternoon,0,0
ORD103315,333,1,0.2119,1624.0,electronics,2,24.85,wallet,2,1.0,tablet,evening,0,1
ORD103316,49,0,0.0,2974.91,electronics,3,53.64,upi,2,2.0,mobile,evening,0,0
ORD103317,183,4,0.3807,134.08,grocery,4,4.23,card,1,1.0,desktop,morning,0,0
ORD103318,828,8,0.1858,350.09,footwear,3,15.62,card,7,7.0,desktop,late_night,0,0
ORD103319,1781,20,0.4526,3103.02,electronics,3,5.0,cod,6,7.0,mobile,morning,0,0
ORD103320,741,8,0.1216,306.29,footwear,4,14.76,cod,2,1.0,mobile,afternoon,0,0
ORD103321,49,1,0.2238,2611.47,sports,4,8.3,upi,1,1.0,mobile,evening,0,0
ORD103322,297,4,0.3477,1194.66,fashion,1,30.6,wallet,1,2.0,desktop,evening,0,0
ORD103323,0,0,0.0,545.63,home,3,13.95,cod,2,1.0,mobile,evening,1,0
ORD103324,247,2,0.5655,5031.9,electronics,4,36.58,card,1,2.0,desktop,evening,0,0
ORD103325,0,0,0.0,1291.32,home,1,15.39,card,5,5.0,tablet,morning,1,1
ORD103326,27,0,0.0,575.18,fashion,1,16.04,wallet,5,7.0,mobile,morning,0,0
ORD103327,0,0,0.0,550.02,toys,1,10.61,card,6,6.0,mobile,evening,1,0
ORD103328,401,3,0.4019,437.17,electronics,1,47.53,card,4,5.0,desktop,evening,0,0
ORD103329,248,4,0.0712,288.97,footwear,1,72.44,card,3,2.0,desktop,morning,0,0
ORD103330,0,0,0.0,2909.81,electronics,2,8.72,card,7,11.0,mobile,evening,1,1
ORD103331,229,0,0.0,1115.73,sports,2,34.6,upi,5,9.0,desktop,evening,0,0
ORD103332,282,2,0.2532,4716.75,electronics,2,27.5,upi,3,4.0,mobile,evening,0,1
ORD103333,324,5,0.1934,1165.55,home,2,19.03,card,6,6.0,mobile,afternoon,0,0
ORD103334,134,2,0.152,222.82,toys,2,42.92,card,1,3.0,desktop,morning,0,0
ORD103335,198,2,0.0749,464.17,sports,3,6.76,netbanking,5,7.0,desktop,afternoon,0,0
ORD103336,1233,10,0.0154,539.5,sports,2,11.48,upi,2,3.0,desktop,afternoon,0,0
ORD103337,0,0,0.0,440.0,fashion,1,16.13,card,4,5.0,mobile,morning,1,0
ORD103338,189,0,0.0,983.81,home,3,49.59,card,4,4.0,mobile,afternoon,0,0
ORD103339,202,2,0.4429,1014.29,beauty,2,17.7,card,1,1.0,desktop,late_night,0,0
ORD103340,142,0,0.0,456.44,grocery,5,47.57,netbanking,2,3.0,mobile,evening,0,1
ORD103341,0,0,0.0,2135.0,home,3,29.8,card,4,6.0,mobile,late_night,1,0
ORD103342,228,2,0.0283,1171.6,home,1,16.77,netbanking,5,5.0,mobile,late_night,0,0
ORD103343,103,0,0.0,1260.66,electronics,2,4.91,upi,2,2.0,mobile,morning,0,0
ORD103344,154,2,0.2899,111.43,grocery,2,29.25,card,1,1.0,tablet,evening,0,0
ORD103345,75,1,0.1067,686.11,beauty,3,10.26,cod,1,1.0,mobile,evening,0,0
ORD103346,0,0,0.0,894.59,sports,1,9.39,upi,5,5.0,mobile,afternoon,1,0
ORD103347,344,0,0.0,768.24,beauty,1,10.37,card,7,8.0,mobile,evening,0,0
ORD103348,143,1,0.1301,626.21,sports,2,12.54,cod,4,3.0,desktop,evening,0,1
ORD103349,19,0,0.0,2999.05,sports,3,5.23,upi,3,4.0,mobile,evening,0,0
ORD103350,347,2,0.4047,2082.67,fashion,3,32.62,cod,6,6.0,mobile,afternoon,0,0
ORD103351,206,3,0.1419,359.31,fashion,2,26.24,card,1,6.0,mobile,evening,0,0
ORD103352,60,2,0.3981,1203.18,sports,2,3.81,card,2,8.0,desktop,evening,0,1
ORD103353,424,2,0.2133,146.97,beauty,3,9.62,card,7,8.0,desktop,evening,0,0
ORD103354,38,0,0.0,952.17,electronics,3,36.45,netbanking,4,5.0,mobile,evening,0,0
ORD103355,572,5,0.3205,478.58,home,5,16.14,netbanking,1,2.0,desktop,evening,0,0
ORD103356,170,1,0.2509,578.1,home,1,7.54,card,3,8.0,desktop,evening,0,0
ORD103357,14,0,0.0,546.75,fashion,3,9.19,upi,7,13.0,mobile,afternoon,0,0
ORD103358,220,2,0.3141,554.52,sports,2,42.78,card,6,6.0,mobile,evening,0,0
ORD103359,115,1,0.1907,1882.48,electronics,4,23.11,card,1,1.0,tablet,late_night,0,1
ORD103360,98,0,0.0,302.18,home,2,19.39,upi,3,3.0,mobile,morning,0,0
ORD103361,80,0,0.0,1031.03,toys,3,23.66,wallet,1,1.0,tablet,evening,0,0
ORD103362,157,2,0.0552,244.53,toys,3,23.28,card,5,9.0,desktop,afternoon,0,0
ORD103363,106,1,0.3737,658.68,footwear,3,28.99,card,7,7.0,desktop,afternoon,0,0
ORD103364,23,0,0.0,546.0,footwear,5,34.56,card,4,4.0,mobile,afternoon,0,1
ORD103365,734,6,0.1683,1359.42,fashion,4,33.88,card,1,2.0,tablet,afternoon,0,0
ORD103366,138,2,0.0157,584.18,footwear,1,69.09,netbanking,1,,desktop,morning,0,0
ORD103367,81,0,0.0,4692.58,electronics,3,15.38,card,6,4.0,desktop,afternoon,0,0
ORD103368,52,0,0.0,377.79,grocery,1,13.12,card,4,4.0,mobile,afternoon,0,1
ORD103369,423,2,0.0933,343.76,fashion,2,19.85,card,2,2.0,mobile,morning,0,0
ORD103370,0,0,0.0,633.22,footwear,6,23.27,card,7,5.0,desktop,afternoon,1,0
ORD103371,210,0,0.0,1639.28,electronics,1,34.16,upi,7,7.0,mobile,morning,0,0
ORD103372,0,0,0.0,1106.26,fashion,1,9.28,cod,5,9.0,desktop,morning,1,1
ORD103373,101,2,0.532,827.15,footwear,5,14.28,card,1,1.0,tablet,morning,0,1
ORD103374,53,1,0.4697,755.27,home,3,3.44,card,6,5.0,mobile,afternoon,0,0
ORD103375,91,0,0.0,516.57,home,1,12.51,upi,6,8.0,mobile,evening,0,1
ORD103376,183,1,0.0737,616.15,beauty,4,3.31,cod,1,3.0,desktop,afternoon,0,0
ORD103377,0,0,0.0,1320.39,electronics,6,40.06,netbanking,7,9.0,desktop,afternoon,1,0
ORD103378,76,0,0.0,532.41,home,1,5.52,card,5,5.0,desktop,evening,0,0
ORD103379,0,0,0.0,250.47,toys,2,9.91,cod,2,3.0,mobile,evening,1,0
ORD103380,481,3,0.4494,602.8,grocery,3,58.17,upi,5,,tablet,morning,0,0
ORD103381,0,0,0.0,155.9,beauty,3,13.78,upi,4,4.0,mobile,afternoon,1,1
ORD103382,0,0,0.0,411.52,grocery,4,0.89,card,1,5.0,desktop,late_night,1,0
ORD103383,63,1,0.4511,1716.0,electronics,3,0.06,netbanking,6,9.0,desktop,late_night,0,0
ORD103384,56,1,0.2036,651.8,sports,3,55.12,cod,2,7.0,desktop,afternoon,0,1
ORD103385,241,3,0.3818,267.0,beauty,1,9.81,netbanking,1,1.0,tablet,evening,0,1
ORD103386,99,0,0.0,446.73,beauty,4,21.78,card,5,4.0,mobile,afternoon,0,0
ORD103387,0,0,0.0,201.84,grocery,2,19.03,card,5,4.0,desktop,afternoon,1,0
ORD103388,777,7,0.152,441.77,fashion,2,11.33,card,3,3.0,desktop,evening,0,0
ORD103389,498,2,0.2225,1326.63,fashion,2,2.34,card,6,6.0,tablet,afternoon,0,0
ORD103390,21,0,0.0,395.95,beauty,2,21.53,wallet,5,6.0,desktop,morning,0,1
ORD103391,35,0,0.0,443.37,beauty,4,1.54,wallet,2,1.0,tablet,afternoon,0,1
ORD103392,0,0,0.0,293.49,toys,1,0.37,cod,7,7.0,mobile,afternoon,1,0
ORD103393,132,0,0.0,1769.82,home,1,8.84,card,2,2.0,desktop,afternoon,0,0
ORD103394,944,6,0.2536,1728.59,footwear,4,17.26,upi,4,6.0,mobile,afternoon,0,0
ORD103395,0,0,0.0,1027.92,home,2,23.42,upi,7,12.0,mobile,afternoon,1,0
ORD103396,251,1,0.1464,4591.75,electronics,2,24.73,cod,1,2.0,mobile,morning,0,1
ORD103397,58,0,0.0,301.43,beauty,2,37.02,card,5,4.0,mobile,afternoon,0,0
ORD103398,311,4,0.1082,839.39,beauty,5,25.15,wallet,7,8.0,mobile,evening,0,0
ORD103399,44,0,0.0,563.66,footwear,2,26.84,cod,4,4.0,mobile,evening,0,0
ORD103400,761,6,0.4206,1206.36,electronics,1,5.13,upi,2,2.0,desktop,evening,0,0
ORD103401,0,0,0.0,1173.96,beauty,2,31.14,cod,6,6.0,tablet,afternoon,1,0
ORD103402,73,1,0.1593,741.32,sports,2,29.72,card,7,9.0,desktop,late_night,0,0
ORD103403,0,0,0.0,865.92,electronics,5,43.63,card,4,4.0,mobile,afternoon,1,1
ORD103404,0,0,0.0,82.55,grocery,3,7.45,card,2,4.0,desktop,afternoon,1,0
ORD103405,0,0,0.0,1700.46,electronics,5,3.95,card,7,7.0,desktop,morning,1,0
ORD103406,332,1,0.0947,824.34,electronics,3,19.09,cod,3,2.0,desktop,morning,0,0
ORD103407,112,1,0.3134,1757.18,beauty,3,13.32,card,7,,mobile,evening,0,1
ORD103408,199,1,0.2539,3230.76,sports,1,25.48,wallet,3,7.0,mobile,evening,0,0
ORD103409,34,0,0.0,207.14,electronics,4,22.26,upi,3,4.0,mobile,afternoon,0,0
ORD103410,181,0,0.0,2771.0,home,1,11.8,upi,5,6.0,mobile,evening,0,0
ORD103411,190,3,0.0928,382.74,fashion,3,16.79,wallet,2,1.0,mobile,evening,0,0
ORD103412,1311,11,0.2993,1059.6,beauty,3,25.08,upi,7,8.0,mobile,afternoon,0,0
ORD103413,25,0,0.0,3549.19,electronics,5,59.29,upi,2,5.0,desktop,evening,0,1
ORD103414,133,0,0.0,1691.78,fashion,1,8.47,card,5,4.0,tablet,morning,0,0
ORD103415,747,11,0.4028,1554.07,beauty,3,43.48,upi,3,4.0,mobile,afternoon,0,0
ORD103416,138,3,0.1376,196.12,beauty,2,22.84,upi,5,4.0,mobile,late_night,0,0
ORD103417,0,0,0.0,318.13,fashion,2,37.5,card,6,5.0,mobile,afternoon,1,0
ORD103418,72,1,0.2267,777.34,beauty,3,18.58,upi,3,5.0,mobile,late_night,0,1
ORD103419,0,0,0.0,556.68,toys,3,38.01,card,1,3.0,mobile,morning,1,0
ORD103420,0,0,0.0,1415.96,home,1,3.53,wallet,7,8.0,desktop,late_night,1,1
ORD103421,90,1,0.1298,230.16,grocery,3,6.37,upi,2,3.0,mobile,evening,0,0
ORD103422,61,4,0.1287,1639.08,home,6,0.86,card,7,6.0,desktop,evening,0,0
ORD103423,206,3,0.4522,296.8,footwear,3,31.0,card,5,6.0,desktop,evening,0,0
ORD103424,76,0,0.0,2609.76,fashion,2,30.81,upi,7,8.0,mobile,evening,0,1
ORD103425,106,1,0.2947,4139.28,footwear,4,23.74,card,7,6.0,desktop,afternoon,0,1
ORD103426,110,2,0.289,124.74,beauty,3,21.59,netbanking,1,1.0,desktop,evening,0,0
ORD103427,0,0,0.0,5051.46,electronics,1,50.22,card,7,,mobile,morning,1,1
ORD103428,0,0,0.0,261.51,home,1,1.46,upi,3,2.0,tablet,morning,1,0
ORD103429,0,0,0.0,441.89,grocery,1,27.68,netbanking,1,1.0,mobile,evening,1,0
ORD103430,199,3,0.135,339.2,fashion,2,8.54,card,5,4.0,desktop,late_night,0,0
ORD103431,586,6,0.1842,912.7,fashion,2,17.31,cod,5,5.0,desktop,morning,0,0
ORD103432,0,0,0.0,122.56,grocery,2,9.39,cod,5,5.0,mobile,afternoon,1,1
ORD103433,92,2,0.2903,879.76,fashion,3,23.79,upi,7,14.0,mobile,evening,0,0
ORD103434,158,1,0.2382,644.69,footwear,3,6.4,card,5,3.0,mobile,evening,0,0
ORD103435,18,1,0.1392,732.27,home,3,25.22,card,2,1.0,mobile,late_night,0,0
ORD103436,155,0,0.0,1228.05,sports,2,15.34,upi,2,1.0,mobile,morning,0,1
ORD103437,116,4,0.1903,266.92,home,2,31.57,card,5,5.0,desktop,morning,0,0
ORD103438,64,1,0.3828,1020.64,fashion,3,20.52,upi,5,7.0,desktop,afternoon,0,0
ORD103439,79,1,0.3334,354.21,beauty,2,3.55,card,7,10.0,tablet,late_night,0,0
ORD103440,115,1,0.4074,571.61,electronics,1,17.66,card,3,3.0,tablet,late_night,0,0
ORD103441,540,3,0.1381,1064.54,fashion,2,36.35,card,2,,desktop,late_night,0,0
ORD103442,602,6,0.5416,570.65,home,3,0.65,upi,5,5.0,mobile,evening,0,0
ORD103443,65,1,0.2514,424.9,beauty,3,12.47,upi,1,1.0,mobile,evening,0,0
ORD103444,0,0,0.0,1201.42,sports,3,40.88,card,5,4.0,desktop,afternoon,1,0
ORD103445,105,0,0.0,280.23,grocery,3,8.49,card,2,2.0,mobile,evening,0,0
ORD103446,441,1,0.3046,287.39,grocery,2,4.58,wallet,5,6.0,desktop,late_night,0,0
ORD103447,212,2,0.5094,1443.13,sports,6,12.06,upi,2,1.0,desktop,evening,0,0
ORD103448,200,4,0.2671,1394.14,electronics,2,3.02,card,3,3.0,mobile,evening,0,1
ORD103449,0,0,0.0,1805.0,home,7,22.36,wallet,7,7.0,desktop,afternoon,1,1
ORD103450,94,0,0.0,2132.94,sports,2,48.12,card,4,5.0,mobile,late_night,0,0
ORD103451,812,6,0.1142,585.61,home,5,8.64,cod,1,2.0,tablet,evening,0,0
ORD103452,180,0,0.0,446.99,fashion,3,0.36,upi,3,2.0,mobile,late_night,0,0
ORD103453,70,0,0.0,1480.75,sports,2,35.93,card,2,3.0,mobile,evening,0,0
ORD103454,0,0,0.0,5459.34,electronics,4,33.15,card,5,6.0,mobile,evening,1,0
ORD103455,0,0,0.0,1584.58,footwear,3,28.4,cod,3,5.0,desktop,afternoon,1,1
ORD103456,0,0,0.0,235.19,beauty,3,46.8,card,4,4.0,desktop,afternoon,1,0
ORD103457,0,0,0.0,1378.62,electronics,3,29.08,card,3,4.0,mobile,evening,1,0
ORD103458,91,1,0.436,954.12,electronics,3,38.71,card,4,3.0,mobile,evening,0,1
ORD103459,0,0,0.0,2055.78,footwear,2,33.02,upi,3,3.0,mobile,afternoon,1,1
ORD103460,374,3,0.1449,890.08,fashion,1,15.33,cod,4,4.0,mobile,afternoon,0,0
ORD103461,0,0,0.0,328.13,fashion,3,57.74,upi,2,2.0,mobile,afternoon,1,0
ORD103462,448,3,0.3827,1244.72,electronics,4,35.2,wallet,1,1.0,desktop,evening,0,0
ORD103463,266,2,0.3185,873.08,electronics,4,23.69,wallet,5,7.0,mobile,afternoon,0,0
ORD103464,69,0,0.0,388.96,toys,2,3.48,upi,5,5.0,mobile,late_night,0,0
ORD103465,0,0,0.0,1092.86,footwear,3,24.65,netbanking,4,,mobile,morning,1,1
ORD103466,99,2,0.0793,285.81,beauty,2,23.34,upi,1,2.0,desktop,morning,0,0
ORD103467,266,3,0.4229,1019.94,sports,3,7.75,card,3,1.0,mobile,morning,0,0
ORD103468,1446,16,0.1471,2100.29,electronics,5,42.62,card,1,2.0,mobile,late_night,0,0
ORD103469,0,0,0.0,250.98,sports,3,15.24,cod,7,7.0,mobile,morning,1,1
ORD103470,326,1,0.1033,133.82,beauty,3,41.58,upi,7,8.0,desktop,evening,0,0
ORD103471,186,0,0.0,683.29,sports,2,25.81,upi,5,5.0,mobile,afternoon,0,0
ORD103472,186,3,0.0471,906.08,electronics,6,54.51,upi,5,7.0,mobile,morning,0,0
ORD103473,151,0,0.0,588.4,beauty,3,7.74,upi,1,2.0,mobile,afternoon,0,1
ORD103474,70,0,0.0,518.9,fashion,3,42.01,cod,5,5.0,desktop,morning,0,1
ORD103475,262,1,0.2441,1578.51,sports,4,20.12,wallet,3,2.0,desktop,evening,0,0
ORD103476,0,0,0.0,2399.94,electronics,2,24.52,netbanking,2,4.0,tablet,evening,1,0
ORD103477,0,0,0.0,1208.87,fashion,3,6.72,upi,4,6.0,tablet,late_night,1,1
ORD103478,0,0,0.0,609.54,home,1,0.19,upi,6,6.0,desktop,evening,1,0
ORD103479,202,2,0.4363,630.01,footwear,5,18.12,cod,4,6.0,mobile,morning,0,0
ORD103480,141,1,0.4794,6893.7,electronics,3,26.77,card,2,4.0,desktop,afternoon,0,0
ORD103481,791,4,0.3285,811.91,electronics,3,10.65,card,7,7.0,mobile,morning,0,0
ORD103482,0,0,0.0,1056.17,fashion,5,10.58,netbanking,5,4.0,tablet,morning,1,1
ORD103483,735,8,0.093,1342.73,fashion,8,40.01,card,1,1.0,desktop,afternoon,0,0
ORD103484,68,1,0.1778,2356.35,electronics,3,2.0,upi,3,3.0,mobile,evening,0,0
ORD103485,228,1,0.258,1374.99,footwear,5,31.55,card,2,2.0,mobile,morning,0,0
ORD103486,94,1,0.3119,441.12,beauty,3,19.26,card,6,6.0,mobile,afternoon,0,0
ORD103487,65,0,0.0,927.73,fashion,4,31.66,card,7,7.0,mobile,evening,0,0
ORD103488,769,8,0.2795,515.39,beauty,3,1.7,upi,6,5.0,mobile,afternoon,0,0
ORD103489,1396,17,0.0855,329.16,home,1,23.89,upi,5,4.0,mobile,afternoon,0,0
ORD103490,142,2,0.3414,757.41,home,2,14.46,card,4,4.0,mobile,afternoon,0,0
ORD103491,262,1,0.2068,304.52,home,2,13.99,card,1,1.0,mobile,evening,0,0
ORD103492,0,0,0.0,1373.4,home,6,11.73,upi,1,2.0,mobile,evening,1,1
ORD103493,1216,10,0.4166,1031.19,home,3,29.49,card,5,9.0,mobile,afternoon,0,0
ORD103494,17,0,0.0,1718.98,home,1,27.88,upi,4,4.0,mobile,evening,0,0
ORD103495,0,0,0.0,762.39,electronics,1,23.65,card,7,8.0,desktop,evening,1,0
ORD103496,81,2,0.156,1811.75,electronics,3,27.11,cod,6,6.0,mobile,evening,0,0
ORD103497,13,1,0.3486,726.01,fashion,3,16.79,upi,5,5.0,desktop,evening,0,0
ORD103498,121,2,0.1195,6912.58,electronics,5,46.54,card,7,7.0,mobile,afternoon,0,0
ORD103499,0,0,0.0,770.18,home,3,28.74,cod,2,2.0,desktop,morning,1,0
ORD103500,88,0,0.0,199.95,grocery,2,3.34,card,7,7.0,desktop,evening,0,0
ORD103501,432,3,0.326,902.09,home,3,5.09,card,3,,desktop,evening,0,0
ORD103502,677,5,0.5239,934.34,grocery,3,31.64,wallet,2,2.0,mobile,afternoon,0,1
ORD103503,178,0,0.0,536.1,grocery,2,25.12,card,4,6.0,desktop,afternoon,0,0
ORD103504,206,2,0.2209,2669.98,electronics,2,29.21,wallet,7,6.0,mobile,evening,0,0
ORD103505,27,0,0.0,749.29,home,2,5.27,cod,1,3.0,mobile,morning,0,0
ORD103506,82,1,0.2275,1449.09,electronics,3,25.55,upi,1,1.0,mobile,afternoon,0,0
ORD103507,0,0,0.0,1879.75,fashion,3,24.84,netbanking,2,2.0,desktop,afternoon,1,1
ORD103508,193,2,0.2229,383.77,toys,3,31.96,netbanking,5,3.0,desktop,morning,0,0
ORD103509,271,1,0.4977,363.17,toys,5,20.21,netbanking,3,3.0,desktop,evening,0,0
ORD103510,0,0,0.0,204.24,fashion,2,9.05,wallet,3,2.0,desktop,late_night,1,0
ORD103511,2020,19,0.2141,148.26,beauty,2,24.77,card,6,10.0,desktop,evening,0,0
ORD103512,0,0,0.0,1140.62,toys,3,58.57,upi,2,4.0,desktop,evening,1,0
ORD103513,0,0,0.0,160.22,fashion,2,25.72,card,2,1.0,mobile,evening,1,0
ORD103514,0,0,0.0,5219.68,electronics,3,38.62,card,3,2.0,mobile,evening,1,0
ORD103515,1168,8,0.4229,614.58,footwear,1,18.71,card,4,3.0,mobile,evening,0,0
ORD103516,47,0,0.0,1141.74,home,2,37.89,upi,1,5.0,mobile,afternoon,0,0
ORD103517,222,3,0.2236,1391.32,fashion,2,31.35,upi,4,4.0,tablet,afternoon,0,0
ORD103518,117,0,0.0,433.92,fashion,1,20.82,card,4,6.0,desktop,afternoon,0,0
ORD103519,211,4,0.4182,1006.15,fashion,4,15.49,card,4,3.0,desktop,evening,0,1
ORD103520,695,6,0.1984,466.78,sports,2,8.75,card,6,7.0,tablet,afternoon,0,0
ORD103521,0,0,0.0,422.43,fashion,4,41.03,card,7,14.0,desktop,afternoon,1,1
ORD103522,693,9,0.2043,998.6,footwear,2,8.84,card,7,7.0,desktop,evening,0,0
ORD103523,86,1,0.2735,590.38,beauty,4,26.16,netbanking,5,7.0,mobile,morning,0,0
ORD103524,73,0,0.0,567.92,beauty,2,2.16,card,4,2.0,mobile,afternoon,0,0
ORD103525,184,1,0.4356,1860.88,fashion,3,62.73,card,6,8.0,mobile,evening,0,0
ORD103526,173,0,0.0,835.74,home,3,6.91,card,1,2.0,desktop,evening,0,0
ORD103527,147,0,0.0,2718.91,home,1,65.71,card,7,7.0,mobile,afternoon,0,0
ORD103528,0,0,0.0,766.8,footwear,5,43.94,upi,3,5.0,tablet,late_night,1,1
ORD103529,677,2,0.1467,448.51,grocery,2,19.83,card,7,6.0,desktop,late_night,0,0
ORD103530,121,0,0.0,1596.25,sports,7,10.9,card,1,2.0,mobile,late_night,0,0
ORD103531,870,4,0.2216,1187.23,electronics,1,37.55,upi,6,6.0,desktop,morning,0,0
ORD103532,183,0,0.0,851.65,footwear,2,26.66,card,6,6.0,mobile,afternoon,0,0
ORD103533,369,4,0.0971,611.67,electronics,2,6.26,cod,5,6.0,mobile,afternoon,0,0
ORD103534,334,2,0.2701,555.08,toys,3,24.07,upi,1,1.0,desktop,late_night,0,0
ORD103535,0,0,0.0,308.83,grocery,1,21.98,card,2,3.0,desktop,evening,1,0
ORD103536,271,1,0.2671,428.43,grocery,3,23.97,upi,5,7.0,mobile,morning,0,0
ORD103537,1511,11,0.4078,471.85,toys,5,7.63,card,2,1.0,mobile,late_night,0,0
ORD103538,239,3,0.1155,2564.51,footwear,2,21.9,card,4,5.0,mobile,afternoon,0,0
ORD103539,488,5,0.1037,156.71,toys,2,23.87,card,4,10.0,desktop,afternoon,0,0
ORD103540,0,0,0.0,419.82,sports,4,38.7,cod,4,3.0,mobile,evening,1,0
ORD103541,254,4,0.188,150.48,grocery,2,0.58,card,4,2.0,mobile,afternoon,0,0
ORD103542,0,0,0.0,1643.88,electronics,3,30.72,netbanking,3,4.0,tablet,late_night,1,1
ORD103543,330,5,0.0749,298.2,toys,4,15.8,card,4,4.0,mobile,evening,0,1
ORD103544,419,4,0.3254,291.35,fashion,3,31.92,upi,5,6.0,mobile,morning,0,0
ORD103545,40,1,0.2245,1187.7,electronics,1,32.44,cod,1,5.0,desktop,afternoon,0,1
ORD103546,237,4,0.1919,235.96,fashion,1,5.09,upi,1,1.0,mobile,morning,0,0
ORD103547,0,0,0.0,2180.42,electronics,3,1.39,card,5,4.0,mobile,morning,1,0
ORD103548,117,1,0.2182,364.44,grocery,3,12.44,upi,4,5.0,mobile,afternoon,0,0
ORD103549,0,0,0.0,695.5,electronics,3,2.4,wallet,6,6.0,mobile,evening,1,1
ORD103550,0,0,0.0,1622.94,home,3,19.31,upi,7,6.0,mobile,afternoon,1,0
ORD103551,39,0,0.0,664.45,electronics,3,4.9,upi,5,6.0,tablet,afternoon,0,1
ORD103552,434,4,0.2689,453.49,fashion,1,14.21,card,3,2.0,mobile,afternoon,0,0
ORD103553,37,0,0.0,774.85,fashion,4,41.24,wallet,5,6.0,tablet,evening,0,0
ORD103554,21,0,0.0,692.58,fashion,3,9.63,card,6,11.0,mobile,morning,0,0
ORD103555,0,0,0.0,98.46,grocery,4,23.52,upi,4,4.0,mobile,late_night,1,1
ORD103556,215,3,0.3162,903.59,fashion,2,23.03,upi,6,7.0,mobile,afternoon,0,0
ORD103557,0,0,0.0,1635.37,electronics,4,34.17,card,5,4.0,mobile,morning,1,1
ORD103558,111,0,0.0,3322.43,home,4,44.35,card,5,5.0,mobile,evening,0,0
ORD103559,39,1,0.2214,1337.85,home,1,51.39,upi,1,4.0,mobile,morning,0,1
ORD103560,49,1,0.279,1234.74,beauty,1,7.0,upi,4,3.0,desktop,afternoon,0,0
ORD103561,134,1,0.1417,456.03,home,3,44.32,upi,1,3.0,mobile,late_night,0,0
ORD103562,0,0,0.0,292.34,home,2,16.26,card,2,1.0,desktop,morning,1,0
ORD103563,254,4,0.1165,1115.51,beauty,4,29.66,card,3,5.0,desktop,afternoon,0,0
ORD103564,0,0,0.0,2157.3,electronics,2,34.76,netbanking,2,5.0,mobile,morning,1,1
ORD103565,0,0,0.0,3171.68,home,2,35.99,cod,4,9.0,mobile,evening,1,1
ORD103566,0,0,0.0,1938.22,home,4,14.12,card,5,3.0,desktop,afternoon,1,0
ORD103567,277,2,0.0611,3571.24,electronics,1,40.25,cod,2,2.0,mobile,afternoon,0,0
ORD103568,0,0,0.0,1314.82,sports,3,16.44,upi,4,3.0,tablet,morning,1,1
ORD103569,124,2,0.6536,282.51,toys,2,67.94,cod,6,8.0,mobile,afternoon,0,1
ORD103570,221,3,0.3175,217.35,beauty,2,43.93,netbanking,5,5.0,mobile,afternoon,0,0
ORD103571,235,3,0.065,71.17,grocery,3,36.81,netbanking,5,7.0,desktop,evening,0,0
ORD103572,12,0,0.0,356.67,toys,1,2.73,card,3,4.0,mobile,morning,0,0
ORD103573,369,5,0.3239,1678.49,electronics,3,14.96,cod,4,4.0,mobile,afternoon,0,0
ORD103574,213,3,0.0974,822.21,home,3,14.56,card,7,8.0,mobile,evening,0,0
ORD103575,337,6,0.1185,1710.36,electronics,4,23.46,wallet,2,1.0,desktop,evening,0,0
ORD103576,0,0,0.0,115.97,toys,1,46.07,netbanking,6,5.0,mobile,evening,1,1
ORD103577,128,0,0.0,506.58,beauty,2,24.58,upi,3,4.0,desktop,morning,0,0
ORD103578,54,2,0.1364,2572.1,home,3,66.95,card,4,5.0,desktop,late_night,0,0
ORD103579,411,2,0.0455,505.32,home,3,8.9,card,1,1.0,desktop,afternoon,0,0
ORD103580,38,1,0.3123,161.6,beauty,3,26.94,card,3,3.0,mobile,afternoon,0,1
ORD103581,0,0,0.0,561.81,electronics,2,65.13,upi,1,1.0,desktop,late_night,1,0
ORD103582,326,1,0.2154,566.48,home,1,8.89,upi,4,5.0,mobile,evening,0,0
ORD103583,90,1,0.3255,564.75,footwear,2,55.91,card,1,,desktop,evening,0,1
ORD103584,0,0,0.0,837.92,footwear,5,2.65,upi,7,8.0,mobile,late_night,1,1
ORD103585,0,0,0.0,1258.23,footwear,1,13.43,card,1,4.0,desktop,morning,1,0
ORD103586,514,6,0.2151,373.09,footwear,4,0.45,card,4,3.0,mobile,morning,0,1
ORD103587,401,2,0.3023,612.1,home,8,20.15,upi,6,8.0,mobile,evening,0,1
ORD103588,461,2,0.0852,209.24,fashion,4,7.2,upi,3,3.0,desktop,morning,0,0
ORD103589,140,0,0.0,2510.73,electronics,2,14.22,cod,1,2.0,desktop,evening,0,0
ORD103590,0,0,0.0,668.43,home,4,27.63,card,5,3.0,mobile,late_night,1,0
ORD103591,88,0,0.0,556.66,fashion,1,21.2,netbanking,4,5.0,desktop,evening,0,0
ORD103592,0,0,0.0,4188.46,electronics,3,37.38,card,3,4.0,desktop,evening,1,0
ORD103593,101,0,0.0,942.16,home,2,20.2,card,2,2.0,mobile,evening,0,0
ORD103594,112,1,0.5045,1669.66,toys,1,30.71,upi,3,1.0,tablet,morning,0,0
ORD103595,0,0,0.0,2828.16,electronics,3,20.02,card,1,2.0,mobile,morning,1,1
ORD103596,0,0,0.0,486.0,fashion,1,18.3,card,3,1.0,mobile,evening,1,0
ORD103597,0,0,0.0,200.23,beauty,3,17.06,upi,6,9.0,mobile,morning,1,0
ORD103598,0,0,0.0,847.51,sports,2,31.23,upi,5,5.0,desktop,afternoon,1,0
ORD103599,83,0,0.0,1935.16,sports,7,2.26,upi,7,7.0,mobile,late_night,0,0
ORD103600,24,0,0.0,330.71,home,1,24.41,upi,5,8.0,mobile,late_night,0,0
ORD103601,397,4,0.1242,477.26,footwear,4,25.71,card,6,7.0,mobile,evening,0,1
ORD103602,77,0,0.0,244.52,beauty,1,38.03,card,4,5.0,mobile,evening,0,0
ORD103603,134,2,0.2264,217.14,grocery,2,29.62,cod,6,5.0,desktop,afternoon,0,0
ORD103604,0,0,0.0,1157.22,home,3,7.98,card,3,3.0,desktop,afternoon,1,0
ORD103605,67,1,0.3668,1929.86,electronics,3,4.14,card,7,6.0,mobile,afternoon,0,0
ORD103606,34,0,0.0,1902.9,electronics,1,5.33,upi,5,6.0,mobile,evening,0,0
ORD103607,112,1,0.1435,330.6,home,4,15.21,cod,1,2.0,mobile,afternoon,0,1
ORD103608,117,1,0.4697,1202.13,footwear,3,3.73,upi,4,4.0,mobile,late_night,0,0
ORD103609,200,3,0.3232,3383.02,electronics,1,17.58,card,4,3.0,desktop,late_night,0,0
ORD103610,708,5,0.3569,433.41,toys,4,32.24,upi,6,6.0,tablet,afternoon,0,0
ORD103611,381,1,0.2247,469.66,home,2,2.65,upi,4,5.0,mobile,evening,0,0
ORD103612,30,0,0.0,1296.63,footwear,2,35.22,card,5,5.0,mobile,evening,0,0
ORD103613,0,0,0.0,747.93,grocery,2,25.06,wallet,6,5.0,mobile,evening,1,0
ORD103614,204,5,0.0613,2198.75,electronics,3,1.01,upi,4,3.0,mobile,evening,0,0
ORD103615,162,1,0.224,441.35,footwear,5,19.37,wallet,1,2.0,mobile,afternoon,0,0
ORD103616,176,0,0.0,314.3,fashion,2,4.47,upi,1,2.0,desktop,morning,0,0
ORD103617,227,5,0.0487,764.0,toys,5,1.4,upi,3,3.0,mobile,late_night,0,0
ORD103618,84,0,0.0,294.73,home,3,0.17,card,1,2.0,mobile,afternoon,0,0
ORD103619,0,0,0.0,248.81,fashion,2,26.27,netbanking,7,6.0,mobile,morning,1,0
ORD103620,666,8,0.2093,1021.98,home,3,24.07,upi,4,4.0,mobile,afternoon,0,0
ORD103621,83,3,0.354,5069.86,electronics,5,6.77,upi,7,6.0,tablet,late_night,0,0
ORD103622,58,1,0.399,1643.53,footwear,4,38.97,netbanking,3,2.0,desktop,afternoon,0,0
ORD103623,0,0,0.0,1246.66,sports,2,10.48,cod,2,2.0,tablet,morning,1,1
ORD103624,52,1,0.3076,221.37,sports,3,8.45,upi,7,7.0,desktop,evening,0,0
ORD103625,27,0,0.0,52.66,grocery,6,23.56,wallet,2,2.0,mobile,evening,0,0
ORD103626,0,0,0.0,650.83,footwear,3,21.3,card,2,1.0,mobile,late_night,1,0
ORD103627,892,6,0.2065,2275.29,fashion,2,10.99,card,2,2.0,mobile,morning,0,0
ORD103628,173,1,0.2666,354.3,fashion,4,25.89,upi,2,1.0,mobile,afternoon,0,0
ORD103629,220,3,0.377,1209.96,fashion,2,51.51,card,5,5.0,desktop,morning,0,0
ORD103630,17,0,0.0,1186.27,sports,1,2.49,upi,6,5.0,mobile,evening,0,0
ORD103631,0,0,0.0,491.92,footwear,3,14.86,card,4,2.0,mobile,afternoon,1,0
ORD103632,200,2,0.4956,220.56,grocery,2,26.06,wallet,6,7.0,mobile,evening,0,1
ORD103633,87,0,0.0,520.21,electronics,2,2.95,upi,1,1.0,mobile,evening,0,0
ORD103634,220,2,0.3041,400.01,grocery,4,4.69,card,4,3.0,desktop,late_night,0,0
ORD103635,218,2,0.205,185.91,grocery,2,3.23,upi,2,1.0,mobile,evening,0,0
ORD103636,0,0,0.0,1331.49,footwear,3,7.92,cod,6,3.0,mobile,morning,1,1
ORD103637,261,3,0.1383,1443.89,electronics,4,8.09,wallet,2,2.0,mobile,afternoon,0,0
ORD103638,0,0,0.0,716.87,home,3,24.14,card,2,2.0,mobile,afternoon,1,0
ORD103639,141,1,0.0506,150.61,fashion,2,30.8,upi,4,4.0,mobile,evening,0,0
ORD103640,69,0,0.0,809.47,fashion,5,29.13,wallet,6,7.0,desktop,morning,0,0
ORD103641,149,2,0.1115,420.42,grocery,2,15.13,card,2,7.0,mobile,morning,0,0
ORD103642,0,0,0.0,2129.2,home,2,41.76,cod,4,2.0,desktop,afternoon,1,0
ORD103643,47,0,0.0,488.28,home,3,20.18,wallet,6,5.0,tablet,afternoon,0,0
ORD103644,342,2,0.247,530.95,beauty,2,4.79,card,2,2.0,desktop,evening,0,0
ORD103645,85,1,0.2371,2236.66,electronics,3,12.34,upi,1,1.0,desktop,afternoon,0,0
ORD103646,236,3,0.1799,120.34,grocery,1,54.86,wallet,3,2.0,mobile,evening,0,0
ORD103647,97,1,0.3239,426.81,fashion,2,2.05,upi,1,,mobile,morning,0,0
ORD103648,97,0,0.0,288.28,fashion,4,45.3,cod,1,1.0,desktop,late_night,0,0
ORD103649,0,0,0.0,441.51,sports,3,25.0,cod,3,3.0,mobile,afternoon,1,0
ORD103650,38,0,0.0,390.03,toys,2,22.06,card,5,5.0,mobile,late_night,0,0
ORD103651,309,6,0.1406,407.5,fashion,4,45.56,upi,3,5.0,mobile,evening,0,1
ORD103652,1217,11,0.206,871.6,home,6,19.99,card,6,7.0,desktop,afternoon,0,0
ORD103653,385,5,0.1757,455.91,grocery,3,17.16,card,2,1.0,mobile,morning,0,0
ORD103654,41,0,0.0,1112.7,footwear,1,31.96,upi,1,1.0,mobile,morning,0,1
ORD103655,44,0,0.0,1147.4,fashion,2,35.47,netbanking,5,6.0,desktop,afternoon,0,0
ORD103656,79,0,0.0,366.22,beauty,3,51.15,upi,4,4.0,mobile,evening,0,1
ORD103657,215,2,0.1382,205.03,grocery,4,13.3,card,2,2.0,mobile,evening,0,0
ORD103658,0,0,0.0,124.21,grocery,3,5.86,card,1,6.0,mobile,morning,1,0
ORD103659,44,0,0.0,1199.58,footwear,3,6.48,cod,1,1.0,tablet,late_night,0,0
ORD103660,69,1,0.5286,1747.25,home,2,12.83,card,5,3.0,desktop,evening,0,0
ORD103661,0,0,0.0,1767.09,footwear,3,33.2,card,2,2.0,desktop,late_night,1,1
ORD103662,0,0,0.0,549.59,beauty,3,27.64,upi,3,3.0,desktop,afternoon,1,1
ORD103663,1608,10,0.2707,636.26,home,2,46.65,card,3,2.0,mobile,morning,0,0
ORD103664,64,1,0.3657,206.17,beauty,4,22.5,card,3,5.0,mobile,late_night,0,0
ORD103665,61,0,0.0,661.55,electronics,2,34.16,upi,3,3.0,desktop,evening,0,0
ORD103666,52,0,0.0,223.46,home,1,13.46,card,1,1.0,mobile,evening,0,0
ORD103667,364,0,0.0,1811.62,home,3,28.08,wallet,2,1.0,mobile,morning,0,0
ORD103668,173,3,0.1576,960.71,footwear,3,30.13,card,7,7.0,mobile,evening,0,0
ORD103669,67,0,0.0,3394.55,fashion,6,5.13,cod,3,2.0,mobile,evening,0,1
ORD103670,121,1,0.1392,405.38,beauty,4,9.45,card,4,3.0,mobile,evening,0,1
ORD103671,75,2,0.0497,765.16,footwear,3,58.91,upi,1,2.0,desktop,late_night,0,0
ORD103672,251,1,0.216,1136.4,home,4,54.12,upi,2,2.0,mobile,evening,0,0
ORD103673,3000,20,0.2477,1005.69,fashion,4,20.03,cod,3,2.0,desktop,afternoon,0,0
ORD103674,0,0,0.0,458.17,footwear,4,36.9,upi,4,4.0,desktop,afternoon,1,0
ORD103675,0,0,0.0,642.47,fashion,4,10.31,upi,7,8.0,mobile,afternoon,1,1
ORD103676,87,1,0.2379,2900.74,electronics,3,3.95,wallet,3,5.0,mobile,morning,0,0
ORD103677,41,0,0.0,895.07,grocery,2,3.69,upi,5,4.0,mobile,late_night,0,0
ORD103678,406,1,0.2124,232.44,beauty,5,33.71,upi,5,3.0,mobile,afternoon,0,1
ORD103679,382,1,0.1053,842.53,footwear,1,4.06,card,2,2.0,mobile,afternoon,0,0
ORD103680,108,0,0.0,705.55,fashion,2,4.48,card,5,4.0,mobile,afternoon,0,0
ORD103681,688,4,0.2314,545.09,fashion,3,29.5,wallet,5,7.0,mobile,late_night,0,0
ORD103682,185,3,0.2521,1044.42,toys,4,14.54,card,6,9.0,mobile,late_night,0,0
ORD103683,425,4,0.3982,8341.39,electronics,5,9.94,cod,7,8.0,mobile,evening,0,0
ORD103684,251,6,0.4966,1235.01,sports,3,33.48,wallet,2,6.0,mobile,morning,0,0
ORD103685,149,2,0.5147,510.56,home,5,14.32,card,5,6.0,mobile,afternoon,0,1
ORD103686,63,2,0.2245,352.2,sports,2,40.94,card,4,4.0,mobile,evening,0,0
ORD103687,0,0,0.0,698.18,footwear,1,16.31,cod,3,5.0,mobile,evening,1,1
ORD103688,457,2,0.1299,1850.0,sports,3,16.28,cod,7,,mobile,morning,0,0
ORD103689,103,2,0.1281,826.36,sports,2,32.61,card,1,1.0,mobile,morning,0,0
ORD103690,294,5,0.1581,881.34,footwear,5,21.23,wallet,2,3.0,desktop,afternoon,0,1
ORD103691,55,0,0.0,3753.2,sports,2,12.26,upi,4,4.0,mobile,morning,0,0
ORD103692,427,3,0.0589,2661.54,electronics,3,39.56,card,5,4.0,mobile,afternoon,0,0
ORD103693,255,3,0.5623,688.35,fashion,2,21.53,upi,5,4.0,mobile,evening,0,0
ORD103694,48,0,0.0,659.43,electronics,1,36.94,card,4,3.0,desktop,evening,0,0
ORD103695,141,2,0.2836,1161.96,fashion,3,12.73,card,6,6.0,mobile,late_night,0,1
ORD103696,505,1,0.0704,651.9,beauty,3,17.41,upi,2,2.0,mobile,late_night,0,0
ORD103697,45,0,0.0,786.12,beauty,2,24.61,cod,3,3.0,desktop,afternoon,0,0
ORD103698,55,0,0.0,703.38,electronics,1,8.4,upi,6,9.0,mobile,afternoon,0,0
ORD103699,167,1,0.3896,1653.73,electronics,2,53.42,upi,4,5.0,desktop,afternoon,0,0
ORD103700,0,0,0.0,992.97,fashion,2,8.49,card,6,8.0,tablet,late_night,1,0
ORD103701,86,1,0.1169,157.89,beauty,4,14.86,upi,1,1.0,mobile,afternoon,0,0
ORD103702,312,3,0.1718,806.4,footwear,5,12.34,upi,4,8.0,desktop,morning,0,0
ORD103703,241,1,0.0611,1886.9,home,1,63.82,card,5,5.0,mobile,afternoon,0,0
ORD103704,94,0,0.0,562.89,home,3,11.54,upi,7,8.0,desktop,afternoon,0,1
ORD103705,216,2,0.3912,617.26,grocery,2,11.28,card,6,7.0,mobile,afternoon,0,1
ORD103706,110,2,0.4872,449.63,beauty,5,14.97,card,5,6.0,desktop,afternoon,0,0
ORD103707,122,0,0.0,1022.49,sports,1,11.87,cod,1,2.0,tablet,morning,0,0
ORD103708,29,0,0.0,878.37,beauty,2,10.94,cod,3,4.0,mobile,evening,0,0
ORD103709,176,1,0.1393,1048.27,electronics,1,22.92,card,7,8.0,desktop,evening,0,0
ORD103710,0,0,0.0,208.16,toys,2,9.14,card,4,4.0,tablet,evening,1,0
ORD103711,193,2,0.1982,732.45,home,3,20.81,card,2,1.0,desktop,evening,0,0
ORD103712,0,0,0.0,924.88,footwear,2,5.06,cod,3,3.0,desktop,afternoon,1,0
ORD103713,343,2,0.3864,1126.93,home,1,24.4,card,4,4.0,desktop,late_night,0,0
ORD103714,0,0,0.0,825.22,fashion,3,30.94,netbanking,1,1.0,mobile,morning,1,0
ORD103715,0,0,0.0,1004.19,electronics,2,1.69,cod,6,7.0,mobile,afternoon,1,0
ORD103716,106,1,0.3773,922.76,fashion,1,5.39,wallet,6,6.0,mobile,late_night,0,0
ORD103717,0,0,0.0,614.68,fashion,3,6.44,netbanking,2,3.0,desktop,evening,1,0
ORD103718,0,0,0.0,2140.33,footwear,3,9.74,upi,5,6.0,desktop,afternoon,1,0
ORD103719,212,0,0.0,821.98,beauty,4,7.31,upi,7,7.0,desktop,evening,0,0
ORD103720,1196,14,0.5281,1268.71,home,5,5.78,card,6,6.0,desktop,afternoon,0,0
ORD103721,324,5,0.16,776.98,home,4,5.85,card,7,8.0,mobile,evening,0,0
ORD103722,0,0,0.0,343.78,beauty,2,40.08,card,1,6.0,desktop,evening,1,0
ORD103723,37,0,0.0,627.31,footwear,3,30.57,card,6,8.0,mobile,late_night,0,1
ORD103724,0,0,0.0,534.76,beauty,4,15.42,card,1,1.0,mobile,morning,1,0
ORD103725,0,0,0.0,1749.86,home,3,13.93,upi,6,7.0,mobile,late_night,1,1
ORD103726,0,0,0.0,237.02,fashion,6,10.33,upi,7,6.0,mobile,morning,1,1
ORD103727,329,4,0.0831,621.12,home,1,5.69,card,2,4.0,mobile,evening,0,0
ORD103728,148,1,0.1197,1583.21,fashion,1,20.57,cod,6,6.0,tablet,afternoon,0,0
ORD103729,398,6,0.0588,295.89,beauty,2,33.7,netbanking,7,7.0,desktop,morning,0,0
ORD103730,0,0,0.0,406.54,footwear,4,49.07,card,2,2.0,desktop,afternoon,1,1
ORD103731,0,0,0.0,1397.18,fashion,2,27.84,cod,2,3.0,desktop,late_night,1,1
ORD103732,53,0,0.0,1044.33,footwear,1,1.01,upi,7,8.0,mobile,morning,0,0
ORD103733,434,3,0.1496,1029.62,home,2,29.61,cod,3,4.0,mobile,evening,0,0
ORD103734,134,1,0.2111,450.62,grocery,2,22.71,card,4,8.0,mobile,evening,0,0
ORD103735,0,0,0.0,1385.62,electronics,1,27.15,upi,2,1.0,tablet,afternoon,1,0
ORD103736,139,0,0.0,1731.94,electronics,4,4.16,card,4,4.0,mobile,evening,0,0
ORD103737,240,0,0.0,941.72,home,2,49.96,wallet,4,4.0,mobile,morning,0,0
ORD103738,0,0,0.0,409.74,toys,5,10.85,card,7,10.0,mobile,late_night,1,0
ORD103739,580,5,0.1375,233.15,grocery,2,26.11,upi,7,7.0,mobile,morning,0,0
ORD103740,852,8,0.3328,516.78,sports,1,50.21,card,1,2.0,mobile,evening,0,0
ORD103741,261,4,0.082,207.14,grocery,5,24.07,netbanking,5,5.0,tablet,evening,0,0
ORD103742,0,0,0.0,648.71,home,2,8.67,card,5,11.0,mobile,afternoon,1,1
ORD103743,200,2,0.086,119.3,beauty,3,18.81,cod,5,4.0,mobile,evening,0,0
ORD103744,592,2,0.1091,1344.27,home,1,40.64,card,5,4.0,mobile,morning,0,0
ORD103745,290,0,0.0,1151.79,sports,3,32.49,card,4,4.0,mobile,afternoon,0,0
ORD103746,99,1,0.1411,830.37,grocery,1,18.35,card,7,8.0,mobile,late_night,0,0
ORD103747,0,0,0.0,350.6,home,2,37.89,upi,2,1.0,mobile,evening,1,0
ORD103748,315,2,0.1557,216.89,beauty,2,38.21,cod,6,7.0,desktop,evening,0,0
ORD103749,174,2,0.2679,1838.81,sports,2,9.15,upi,1,1.0,desktop,morning,0,0
ORD103750,285,2,0.2776,315.2,footwear,2,10.52,upi,5,11.0,mobile,afternoon,0,0
ORD103751,469,3,0.289,924.17,sports,3,24.73,card,5,5.0,mobile,morning,0,0
ORD103752,176,3,0.0897,1423.27,electronics,2,17.32,card,4,2.0,mobile,evening,0,0
ORD103753,7,0,0.0,4936.6,electronics,3,8.31,card,2,1.0,mobile,afternoon,0,0
ORD103754,1148,8,0.2432,708.0,footwear,3,16.23,upi,3,4.0,mobile,late_night,0,0
ORD103755,130,0,0.0,1624.04,electronics,4,34.18,upi,1,2.0,tablet,evening,0,0
ORD103756,73,1,0.1429,1027.85,home,3,32.21,netbanking,2,1.0,mobile,evening,0,1
ORD103757,52,0,0.0,401.77,footwear,1,58.83,netbanking,6,8.0,tablet,afternoon,0,1
ORD103758,0,0,0.0,514.08,footwear,5,27.8,card,1,1.0,mobile,afternoon,1,1
ORD103759,97,0,0.0,782.08,electronics,2,6.51,upi,6,6.0,mobile,evening,0,0
ORD103760,0,0,0.0,1040.67,fashion,2,40.92,wallet,5,5.0,mobile,evening,1,1
ORD103761,85,1,0.3698,714.7,beauty,1,32.44,card,4,5.0,mobile,morning,0,0
ORD103762,324,2,0.2784,406.41,footwear,2,5.59,upi,4,,mobile,morning,0,0
ORD103763,1691,18,0.1795,429.26,toys,2,32.52,upi,6,6.0,mobile,afternoon,0,0
ORD103764,447,4,0.2139,1888.02,electronics,2,44.8,netbanking,6,6.0,mobile,morning,0,0
ORD103765,0,0,0.0,334.1,home,6,15.7,upi,5,8.0,mobile,morning,1,0
ORD103766,119,1,0.2222,1387.55,sports,2,28.81,netbanking,6,6.0,mobile,evening,0,1
ORD103767,203,1,0.3165,312.52,fashion,1,74.91,card,5,,desktop,morning,0,1
ORD103768,289,5,0.229,89.88,grocery,3,59.95,card,6,5.0,mobile,morning,0,0
ORD103769,87,0,0.0,918.66,home,2,9.55,card,3,5.0,mobile,morning,0,0
ORD103770,0,0,0.0,673.23,beauty,1,23.89,card,6,6.0,desktop,late_night,1,0
ORD103771,0,0,0.0,1791.3,sports,3,30.31,upi,5,3.0,desktop,morning,1,0
ORD103772,601,7,0.4586,913.21,fashion,2,23.76,netbanking,4,7.0,mobile,evening,0,1
ORD103773,0,0,0.0,273.53,beauty,3,1.51,wallet,5,5.0,mobile,afternoon,1,0
ORD103774,0,0,0.0,1071.82,grocery,4,18.8,card,7,8.0,desktop,morning,1,0
ORD103775,130,1,0.1735,921.87,home,2,41.93,wallet,2,3.0,mobile,afternoon,0,0
ORD103776,37,0,0.0,384.14,footwear,4,8.63,card,2,5.0,mobile,morning,0,0
ORD103777,196,1,0.0667,1446.54,footwear,3,20.75,card,7,10.0,mobile,late_night,0,0
ORD103778,240,1,0.1138,2070.7,electronics,2,6.17,card,3,2.0,mobile,afternoon,0,0
ORD103779,0,0,0.0,1828.7,beauty,4,15.01,card,5,6.0,mobile,afternoon,1,0
ORD103780,236,4,0.2447,2605.35,home,2,34.09,netbanking,4,4.0,desktop,evening,0,0
ORD103781,0,0,0.0,501.06,fashion,4,8.46,card,3,3.0,mobile,evening,1,0
ORD103782,0,0,0.0,281.43,fashion,1,19.34,card,4,4.0,mobile,evening,1,1
ORD103783,48,0,0.0,1192.2,electronics,1,36.52,card,3,4.0,tablet,morning,0,0
ORD103784,137,0,0.0,130.9,fashion,3,4.55,card,4,5.0,mobile,morning,0,0
ORD103785,0,0,0.0,678.18,fashion,2,32.29,card,3,1.0,desktop,morning,1,1
ORD103786,0,0,0.0,877.24,beauty,2,13.2,wallet,2,2.0,mobile,afternoon,1,0
ORD103787,134,1,0.2503,897.34,home,1,23.18,wallet,6,7.0,mobile,morning,0,0
ORD103788,332,3,0.0887,616.72,beauty,4,13.29,wallet,2,1.0,desktop,afternoon,0,0
ORD103789,476,3,0.347,2902.76,electronics,2,23.69,upi,3,3.0,mobile,late_night,0,0
ORD103790,146,3,0.2377,1882.62,fashion,4,17.25,card,1,2.0,desktop,afternoon,0,0
ORD103791,641,4,0.0169,742.92,fashion,2,18.37,upi,5,6.0,mobile,afternoon,0,1
ORD103792,680,3,0.0842,568.03,fashion,2,18.62,wallet,7,,mobile,evening,0,1
ORD103793,827,7,0.6041,345.08,toys,1,18.7,wallet,1,1.0,mobile,late_night,0,0
ORD103794,300,6,0.401,2934.11,sports,1,3.32,card,4,6.0,mobile,evening,0,0
ORD103795,2431,16,0.0106,437.35,fashion,4,24.28,cod,4,4.0,mobile,morning,0,0
ORD103796,92,0,0.0,3493.93,sports,2,6.62,upi,6,5.0,mobile,morning,0,0
ORD103797,1875,14,0.2556,583.46,footwear,2,7.72,card,4,4.0,tablet,evening,0,0
ORD103798,422,3,0.3059,245.67,beauty,3,16.3,card,7,8.0,desktop,late_night,0,0
ORD103799,791,5,0.2272,2280.72,electronics,3,55.48,upi,2,1.0,tablet,morning,0,0
ORD103800,127,2,0.19,523.84,beauty,3,31.69,cod,2,2.0,desktop,evening,0,1
ORD103801,458,2,0.1999,161.14,toys,1,15.44,card,4,9.0,desktop,afternoon,0,1
ORD103802,871,5,0.1273,838.74,toys,6,28.38,upi,2,3.0,tablet,late_night,0,0
ORD103803,54,1,0.4123,141.78,toys,2,1.5,card,7,11.0,desktop,evening,0,0
ORD103804,151,1,0.1062,2616.86,footwear,2,38.7,upi,6,7.0,desktop,morning,0,1
ORD103805,17,1,0.3649,108.82,grocery,2,39.97,upi,3,2.0,mobile,afternoon,0,0
ORD103806,148,0,0.0,2078.43,electronics,3,11.2,card,6,6.0,desktop,late_night,0,0
ORD103807,73,1,0.2137,1074.55,footwear,3,23.29,upi,2,3.0,mobile,afternoon,0,0
ORD103808,0,0,0.0,3318.12,electronics,2,41.73,card,5,6.0,mobile,evening,1,0
ORD103809,0,0,0.0,618.99,electronics,4,28.65,upi,5,6.0,desktop,evening,1,1
ORD103810,1199,11,0.353,1271.44,home,3,11.54,upi,6,,mobile,afternoon,0,0
ORD103811,37,2,0.0393,208.57,beauty,1,41.65,card,7,8.0,mobile,evening,0,0
ORD103812,334,3,0.5084,2014.93,electronics,3,26.15,upi,6,8.0,mobile,afternoon,0,0
ORD103813,436,5,0.337,132.64,toys,3,18.04,card,7,8.0,mobile,morning,0,0
ORD103814,124,0,0.0,954.73,fashion,4,7.79,netbanking,5,5.0,mobile,evening,0,0
ORD103815,220,0,0.0,1285.04,toys,6,4.74,card,4,9.0,desktop,afternoon,0,0
ORD103816,245,1,0.1891,241.05,grocery,3,17.46,cod,3,2.0,mobile,evening,0,1
ORD103817,41,0,0.0,1803.83,electronics,5,56.98,cod,1,1.0,mobile,afternoon,0,1
ORD103818,58,0,0.0,679.76,beauty,4,24.95,card,1,1.0,mobile,late_night,0,0
ORD103819,0,0,0.0,1119.06,home,1,1.33,card,5,6.0,mobile,evening,1,0
ORD103820,202,2,0.1729,216.02,fashion,2,53.22,card,4,3.0,mobile,evening,0,1
ORD103821,83,0,0.0,406.67,sports,1,3.68,wallet,7,8.0,mobile,afternoon,0,0
ORD103822,75,0,0.0,1273.9,electronics,2,5.29,card,4,3.0,desktop,evening,0,0
ORD103823,164,0,0.0,557.4,toys,3,11.16,wallet,4,4.0,desktop,late_night,0,0
ORD103824,480,4,0.4019,211.01,grocery,2,15.99,netbanking,6,8.0,mobile,afternoon,0,0
ORD103825,166,0,0.0,314.71,grocery,6,59.54,card,1,1.0,mobile,morning,0,0
ORD103826,1080,13,0.242,1340.78,fashion,3,21.13,upi,1,1.0,desktop,evening,0,1
ORD103827,84,0,0.0,399.58,toys,3,8.52,upi,6,6.0,desktop,evening,0,0
ORD103828,0,0,0.0,407.54,home,3,49.58,upi,7,10.0,mobile,morning,1,0
ORD103829,122,2,0.2185,729.32,toys,2,0.8,card,7,6.0,mobile,afternoon,0,0
ORD103830,346,3,0.3428,3988.43,electronics,2,12.67,cod,7,11.0,desktop,afternoon,0,0
ORD103831,76,0,0.0,539.14,beauty,2,20.96,upi,7,10.0,mobile,morning,0,0
ORD103832,1510,15,0.5127,1219.21,electronics,3,67.79,card,5,6.0,desktop,afternoon,0,0
ORD103833,28,1,0.1072,260.15,grocery,2,4.94,upi,3,2.0,desktop,evening,0,0
ORD103834,1196,14,0.2932,682.6,sports,2,2.07,card,6,6.0,tablet,afternoon,0,0
ORD103835,200,5,0.08,2070.52,electronics,3,2.62,upi,1,2.0,mobile,evening,0,0
ORD103836,332,2,0.1462,386.5,electronics,2,22.85,wallet,5,3.0,mobile,late_night,0,0
ORD103837,786,6,0.1614,314.46,grocery,2,18.06,upi,7,10.0,tablet,morning,0,0
ORD103838,0,0,0.0,780.27,home,5,42.69,upi,4,5.0,mobile,afternoon,1,0
ORD103839,81,0,0.0,3174.69,electronics,2,12.7,upi,6,8.0,mobile,late_night,0,0
ORD103840,350,4,0.1427,353.76,sports,1,9.72,wallet,1,3.0,mobile,afternoon,0,0
ORD103841,1414,9,0.4028,295.94,fashion,4,24.24,upi,2,2.0,desktop,morning,0,0
ORD103842,68,2,0.336,658.85,toys,2,47.15,upi,3,3.0,desktop,afternoon,0,0
ORD103843,1863,15,0.124,1646.15,fashion,3,55.38,card,6,6.0,mobile,evening,0,0
ORD103844,0,0,0.0,398.7,beauty,1,36.86,card,2,1.0,mobile,afternoon,1,1
ORD103845,112,2,0.2512,1437.76,electronics,3,32.73,cod,1,2.0,desktop,late_night,0,0
ORD103846,67,1,0.3756,255.0,beauty,4,20.27,wallet,1,1.0,mobile,evening,0,0
ORD103847,141,0,0.0,453.17,beauty,1,24.22,card,3,3.0,mobile,late_night,0,0
ORD103848,21,0,0.0,860.54,electronics,1,39.49,upi,2,3.0,mobile,evening,0,0
ORD103849,114,1,0.1293,667.56,electronics,4,35.43,wallet,5,6.0,mobile,late_night,0,0
ORD103850,135,0,0.0,429.33,grocery,3,10.58,card,3,5.0,mobile,afternoon,0,0
ORD103851,55,0,0.0,359.53,fashion,6,2.57,upi,6,13.0,mobile,morning,0,1
ORD103852,412,1,0.0949,2697.0,electronics,1,3.14,card,7,8.0,tablet,late_night,0,0
ORD103853,142,0,0.0,703.32,footwear,2,19.26,card,1,2.0,mobile,late_night,0,0
ORD103854,90,1,0.2195,1748.64,home,2,6.7,netbanking,6,6.0,tablet,morning,0,0
ORD103855,126,1,0.0202,344.2,footwear,3,11.52,card,7,6.0,tablet,evening,0,0
ORD103856,0,0,0.0,513.42,grocery,3,18.15,card,3,3.0,desktop,evening,1,0
ORD103857,196,0,0.0,295.74,grocery,2,49.24,card,7,6.0,mobile,morning,0,0
ORD103858,83,0,0.0,600.48,electronics,2,13.06,upi,1,1.0,mobile,morning,0,0
ORD103859,208,2,0.736,533.01,home,1,4.38,wallet,1,2.0,mobile,late_night,0,0
ORD103860,171,2,0.1624,544.19,home,2,33.94,upi,6,6.0,mobile,morning,0,0
ORD103861,51,0,0.0,967.86,footwear,2,6.01,upi,1,2.0,tablet,morning,0,0
ORD103862,131,0,0.0,150.75,grocery,3,4.43,card,6,6.0,mobile,evening,0,0
ORD103863,342,3,0.1569,713.08,electronics,5,26.12,cod,6,6.0,mobile,morning,0,0
ORD103864,0,0,0.0,332.35,beauty,3,40.62,netbanking,1,4.0,mobile,afternoon,1,1
ORD103865,140,1,0.0445,981.81,toys,3,8.51,cod,2,3.0,desktop,morning,0,0
ORD103866,381,5,0.1752,481.18,beauty,2,36.72,wallet,7,13.0,mobile,late_night,0,0
ORD103867,61,0,0.0,1381.52,electronics,1,39.65,cod,7,12.0,tablet,morning,0,1
ORD103868,63,0,0.0,1329.01,home,2,23.88,cod,5,6.0,mobile,evening,0,0
ORD103869,137,1,0.4438,260.29,toys,4,58.87,upi,7,9.0,mobile,evening,0,0
ORD103870,941,6,0.0532,1542.77,beauty,1,64.86,upi,7,8.0,desktop,evening,0,1
ORD103871,216,2,0.2096,2822.7,home,2,30.55,card,5,3.0,mobile,afternoon,0,0
ORD103872,133,0,0.0,1214.11,electronics,4,1.42,card,6,6.0,mobile,morning,0,0
ORD103873,990,8,0.3351,311.97,grocery,2,29.93,upi,6,11.0,desktop,late_night,0,0
ORD103874,0,0,0.0,675.55,footwear,3,66.99,upi,1,1.0,desktop,evening,1,0
ORD103875,2117,19,0.4571,202.03,grocery,1,46.36,card,4,4.0,mobile,evening,0,0
ORD103876,103,1,0.4875,1659.9,home,3,38.81,netbanking,2,1.0,desktop,afternoon,0,0
ORD103877,0,0,0.0,235.28,fashion,4,12.72,upi,3,5.0,desktop,morning,1,0
ORD103878,150,4,0.3443,392.56,toys,2,47.47,card,1,6.0,tablet,afternoon,0,0
ORD103879,137,1,0.1291,623.18,beauty,4,10.4,upi,4,4.0,desktop,morning,0,0
ORD103880,74,0,0.0,1295.74,beauty,2,13.31,card,3,3.0,mobile,afternoon,0,0
ORD103881,0,0,0.0,1129.28,beauty,4,25.17,wallet,4,5.0,tablet,evening,1,1
ORD103882,257,2,0.2234,583.22,sports,4,24.05,card,6,6.0,desktop,evening,0,0
ORD103883,302,2,0.2206,502.34,home,3,26.24,wallet,1,1.0,mobile,afternoon,0,1
ORD103884,0,0,0.0,216.23,grocery,2,34.9,card,2,3.0,mobile,morning,1,0
ORD103885,96,0,0.0,2366.37,home,5,1.71,card,5,9.0,mobile,afternoon,0,0
ORD103886,0,0,0.0,384.35,grocery,1,32.94,upi,5,3.0,mobile,evening,1,0
ORD103887,0,0,0.0,2124.37,grocery,2,42.48,upi,4,5.0,mobile,late_night,1,0
ORD103888,0,0,0.0,1463.82,sports,2,17.35,card,5,,desktop,evening,1,0
ORD103889,138,2,0.1131,1411.93,beauty,3,14.52,card,2,2.0,mobile,evening,0,0
ORD103890,801,8,0.1302,1559.27,electronics,2,2.95,upi,7,5.0,mobile,morning,0,0
ORD103891,120,1,0.4363,284.97,toys,2,23.08,upi,2,2.0,mobile,evening,0,1
ORD103892,286,2,0.3611,2334.08,beauty,2,4.01,card,7,7.0,mobile,evening,0,0
ORD103893,186,0,0.0,172.24,beauty,1,6.87,card,1,2.0,mobile,evening,0,0
ORD103894,0,0,0.0,351.25,grocery,5,27.99,upi,7,6.0,desktop,evening,1,0
ORD103895,31,0,0.0,944.5,home,6,5.75,upi,6,6.0,mobile,afternoon,0,0
ORD103896,407,6,0.1339,191.45,grocery,2,6.1,upi,7,9.0,mobile,evening,0,0
ORD103897,145,1,0.3907,1210.93,sports,5,23.0,card,5,3.0,desktop,late_night,0,0
ORD103898,501,5,0.4194,260.6,grocery,2,33.79,upi,7,,desktop,afternoon,0,0
ORD103899,73,0,0.0,157.62,grocery,1,55.1,upi,2,4.0,desktop,evening,0,1
ORD103900,186,3,0.3602,117.54,grocery,3,25.6,card,1,5.0,desktop,evening,0,0
ORD103901,0,0,0.0,590.92,beauty,3,33.03,card,2,3.0,desktop,afternoon,1,0
ORD103902,60,0,0.0,250.85,beauty,3,6.05,card,5,,mobile,morning,0,0
ORD103903,44,0,0.0,652.56,sports,5,4.45,wallet,5,5.0,mobile,afternoon,0,0
ORD103904,95,1,0.1352,243.64,beauty,2,7.81,netbanking,1,1.0,mobile,evening,0,0
ORD103905,209,1,0.1417,372.43,fashion,3,2.55,upi,1,1.0,desktop,afternoon,0,0
ORD103906,0,0,0.0,651.33,footwear,1,19.56,card,3,2.0,mobile,late_night,1,0
ORD103907,0,0,0.0,695.73,electronics,2,8.82,netbanking,4,5.0,mobile,morning,1,0
ORD103908,22,0,0.0,347.85,beauty,1,63.77,card,7,7.0,mobile,evening,0,0
ORD103909,0,0,0.0,1079.53,footwear,2,26.44,wallet,2,1.0,mobile,evening,1,1
ORD103910,558,8,0.4086,773.99,toys,1,6.24,card,6,6.0,mobile,evening,0,0
ORD103911,393,3,0.3478,508.48,footwear,1,35.55,card,2,3.0,desktop,afternoon,0,0
ORD103912,0,0,0.0,302.71,toys,6,21.57,netbanking,7,7.0,desktop,evening,1,0
ORD103913,236,0,0.0,2155.88,sports,4,23.94,upi,6,4.0,mobile,afternoon,0,0
ORD103914,72,0,0.0,1246.91,sports,3,16.7,card,7,8.0,mobile,morning,0,0
ORD103915,1082,11,0.4671,931.59,fashion,2,45.4,card,7,6.0,desktop,evening,0,1
ORD103916,1762,12,0.1678,2087.06,home,2,32.51,card,2,4.0,mobile,afternoon,0,0
ORD103917,217,0,0.0,601.21,grocery,2,38.43,wallet,2,2.0,mobile,evening,0,0
ORD103918,3000,25,0.2564,1742.79,sports,3,44.44,card,3,4.0,mobile,afternoon,0,0
ORD103919,85,0,0.0,251.44,home,1,18.67,card,7,5.0,mobile,evening,0,0
ORD103920,45,1,0.2735,484.59,footwear,2,4.95,wallet,5,5.0,desktop,evening,0,0
ORD103921,0,0,0.0,644.07,electronics,2,42.26,card,7,6.0,mobile,late_night,1,0
ORD103922,142,0,0.0,4276.21,electronics,1,11.47,card,2,1.0,mobile,late_night,0,0
ORD103923,0,0,0.0,225.92,grocery,1,25.33,wallet,7,7.0,desktop,evening,1,0
ORD103924,133,0,0.0,551.23,sports,2,1.66,wallet,7,7.0,mobile,afternoon,0,0
ORD103925,70,1,0.2036,1079.16,home,3,46.48,netbanking,1,1.0,mobile,afternoon,0,0
ORD103926,67,2,0.3014,1459.95,sports,3,15.79,cod,1,1.0,mobile,evening,0,0
ORD103927,0,0,0.0,403.87,grocery,4,24.45,netbanking,7,6.0,mobile,morning,1,0
ORD103928,542,2,0.0345,879.36,home,4,21.74,netbanking,1,2.0,mobile,afternoon,0,0
ORD103929,0,0,0.0,1506.78,fashion,2,40.64,netbanking,2,2.0,tablet,afternoon,1,1
ORD103930,23,0,0.0,687.6,home,3,8.82,upi,7,10.0,mobile,morning,0,0
ORD103931,52,0,0.0,581.22,electronics,1,3.34,upi,1,1.0,mobile,late_night,0,1
ORD103932,1203,9,0.4766,494.59,fashion,2,12.6,cod,6,6.0,mobile,evening,0,0
ORD103933,386,3,0.2478,374.32,toys,5,18.42,upi,4,5.0,mobile,morning,0,0
ORD103934,194,0,0.0,1021.6,fashion,2,11.8,card,3,3.0,mobile,late_night,0,1
ORD103935,1416,15,0.2272,1810.56,sports,2,45.24,wallet,1,1.0,desktop,late_night,0,1
ORD103936,1562,18,0.2808,384.28,fashion,5,7.34,card,4,2.0,mobile,evening,0,0
ORD103937,174,5,0.2964,161.78,footwear,4,5.37,upi,1,2.0,desktop,afternoon,0,0
ORD103938,177,2,0.0879,1154.94,grocery,3,6.63,netbanking,3,7.0,mobile,evening,0,0
ORD103939,95,1,0.2103,1087.81,sports,2,13.4,card,6,6.0,mobile,morning,0,1
ORD103940,132,1,0.1404,155.22,fashion,2,5.21,upi,7,6.0,mobile,afternoon,0,0
ORD103941,35,0,0.0,232.21,footwear,2,20.19,upi,2,2.0,desktop,evening,0,0
ORD103942,35,0,0.0,513.44,beauty,4,14.93,upi,7,8.0,mobile,morning,0,0
ORD103943,27,1,0.2091,662.26,sports,2,19.08,card,7,5.0,mobile,late_night,0,1
ORD103944,597,5,0.1105,4004.86,electronics,3,17.07,netbanking,2,8.0,desktop,late_night,0,0
ORD103945,0,0,0.0,306.48,beauty,2,25.08,upi,6,6.0,mobile,afternoon,1,0
ORD103946,1548,7,0.1149,1596.19,electronics,3,17.63,netbanking,4,8.0,mobile,afternoon,0,0
ORD103947,81,1,0.251,432.52,fashion,2,20.39,card,4,3.0,mobile,late_night,0,0
ORD103948,0,0,0.0,597.98,fashion,2,41.68,cod,7,8.0,desktop,evening,1,0
ORD103949,121,1,0.1775,458.47,beauty,4,20.27,card,7,5.0,mobile,evening,0,0
ORD103950,32,0,0.0,1309.52,toys,4,33.62,netbanking,6,6.0,desktop,late_night,0,0
ORD103951,0,0,0.0,904.99,footwear,3,19.25,cod,7,8.0,mobile,late_night,1,0
ORD103952,0,0,0.0,466.89,beauty,1,2.77,cod,4,4.0,mobile,late_night,1,0
ORD103953,66,0,0.0,494.37,grocery,2,15.21,upi,4,5.0,desktop,evening,0,0
ORD103954,125,0,0.0,4225.66,electronics,5,24.14,card,5,5.0,tablet,late_night,0,0
ORD103955,66,2,0.095,664.6,electronics,2,27.05,card,1,1.0,mobile,afternoon,0,0
ORD103956,0,0,0.0,599.97,sports,4,9.5,upi,6,8.0,desktop,late_night,1,0
ORD103957,0,0,0.0,1948.95,electronics,4,59.17,wallet,2,2.0,mobile,late_night,1,1
ORD103958,123,0,0.0,733.79,footwear,2,3.27,card,6,5.0,mobile,afternoon,0,0
ORD103959,24,1,0.3846,430.11,fashion,2,36.99,card,2,5.0,mobile,morning,0,0
ORD103960,95,1,0.0208,112.01,beauty,2,36.58,netbanking,1,2.0,mobile,evening,0,0
ORD103961,393,4,0.4606,722.65,home,4,26.62,card,1,1.0,desktop,afternoon,0,0
ORD103962,144,0,0.0,1241.83,sports,4,0.8,card,1,1.0,desktop,morning,0,0
ORD103963,126,0,0.0,1208.44,beauty,3,26.19,card,3,3.0,tablet,evening,0,0
ORD103964,65,1,0.1782,749.41,footwear,5,13.66,card,5,6.0,mobile,afternoon,0,0
ORD103965,92,1,0.5056,664.69,fashion,4,5.95,upi,4,4.0,mobile,morning,0,0
ORD103966,853,8,0.3728,297.21,toys,1,25.2,upi,5,6.0,mobile,evening,0,0
ORD103967,51,0,0.0,294.36,grocery,5,30.32,upi,5,5.0,desktop,evening,0,0
ORD103968,400,0,0.0,311.21,beauty,2,20.05,card,3,2.0,desktop,late_night,0,0
ORD103969,190,2,0.2883,1309.58,home,1,12.75,card,4,5.0,mobile,afternoon,0,0
ORD103970,0,0,0.0,910.53,fashion,3,14.56,wallet,2,4.0,desktop,evening,1,0
ORD103971,80,0,0.0,1186.34,beauty,4,23.03,upi,7,6.0,mobile,evening,0,0
ORD103972,123,0,0.0,806.18,fashion,4,7.36,netbanking,6,6.0,mobile,evening,0,0
ORD103973,180,2,0.3993,429.04,grocery,2,10.78,netbanking,5,5.0,mobile,late_night,0,0
ORD103974,102,1,0.3635,197.14,toys,5,4.49,card,7,7.0,mobile,late_night,0,0
ORD103975,261,1,0.2432,1210.95,sports,2,7.06,cod,2,1.0,mobile,evening,0,0
ORD103976,299,1,0.0865,1110.13,fashion,7,18.32,card,7,6.0,desktop,morning,0,0
ORD103977,1978,10,0.3331,955.99,home,2,7.35,netbanking,3,5.0,desktop,evening,0,0
ORD103978,246,1,0.1476,427.56,beauty,1,9.21,upi,1,1.0,mobile,late_night,0,1
ORD103979,22,1,0.4351,778.83,home,3,7.25,card,2,1.0,desktop,morning,0,0
ORD103980,651,8,0.3159,1396.04,beauty,2,11.62,cod,3,3.0,mobile,morning,0,0
ORD103981,144,0,0.0,282.19,home,3,15.25,card,2,5.0,mobile,evening,0,0
ORD103982,1657,15,0.2104,1594.16,fashion,3,33.0,netbanking,2,2.0,mobile,morning,0,0
ORD103983,914,6,0.0768,877.34,fashion,3,6.14,cod,2,2.0,tablet,evening,0,0
ORD103984,103,0,0.0,313.25,beauty,2,21.44,netbanking,3,3.0,mobile,morning,0,0
ORD103985,401,6,0.0553,428.79,grocery,3,35.01,upi,1,1.0,desktop,late_night,0,0
ORD103986,94,0,0.0,883.01,fashion,1,56.32,card,5,6.0,mobile,afternoon,0,0
ORD103987,181,1,0.4807,846.23,electronics,2,20.84,upi,4,5.0,desktop,evening,0,1
ORD103988,0,0,0.0,1543.32,footwear,4,22.72,card,7,10.0,desktop,afternoon,1,1
ORD103989,0,0,0.0,1105.68,sports,1,44.94,card,2,3.0,mobile,morning,1,1
ORD103990,0,0,0.0,979.5,electronics,3,9.18,upi,2,2.0,desktop,morning,1,0
ORD103991,196,2,0.0932,2597.95,home,5,5.13,card,7,11.0,tablet,evening,0,0
ORD103992,2784,19,0.2816,450.53,grocery,3,19.81,upi,3,1.0,desktop,late_night,0,0
ORD103993,121,1,0.3075,871.41,fashion,3,41.64,upi,5,8.0,mobile,morning,0,1
ORD103994,30,0,0.0,3509.81,electronics,4,63.31,upi,7,5.0,mobile,morning,0,0
ORD103995,38,1,0.5283,526.43,toys,2,17.52,netbanking,6,11.0,mobile,evening,0,0
ORD103996,917,9,0.5861,810.19,beauty,3,9.59,upi,4,8.0,mobile,morning,0,0
ORD103997,166,0,0.0,1551.86,home,2,13.2,cod,4,9.0,mobile,late_night,0,0
ORD103998,215,1,0.2483,302.21,beauty,3,28.18,card,2,2.0,desktop,afternoon,0,0
ORD103999,99,1,0.1677,395.66,beauty,3,11.03,wallet,1,1.0,mobile,morning,0,0
ORD104000,110,1,0.4323,533.99,footwear,3,53.28,card,7,8.0,tablet,evening,0,0
ORD104001,76,0,0.0,2545.7,sports,5,15.61,card,2,2.0,mobile,afternoon,0,0
ORD104002,0,0,0.0,602.39,electronics,3,17.52,card,7,7.0,mobile,evening,1,0
ORD104003,162,0,0.0,2169.9,electronics,2,21.13,wallet,3,2.0,tablet,afternoon,0,0
ORD104004,292,0,0.0,1728.48,fashion,3,50.48,netbanking,6,7.0,mobile,evening,0,0
ORD104005,263,1,0.228,377.57,home,4,9.33,card,3,2.0,desktop,evening,0,0
ORD104006,113,1,0.2168,462.23,beauty,1,52.62,cod,1,5.0,desktop,evening,0,0
ORD104007,36,0,0.0,2063.43,home,4,17.01,upi,3,4.0,mobile,morning,0,0
ORD104008,33,2,0.1922,229.23,grocery,4,27.43,card,3,2.0,mobile,morning,0,0
ORD104009,3000,27,0.2115,1876.43,electronics,3,46.24,card,7,7.0,mobile,afternoon,0,0
ORD104010,921,7,0.3324,378.96,beauty,3,23.82,upi,4,6.0,desktop,afternoon,0,0
ORD104011,791,7,0.1693,379.18,footwear,2,36.75,cod,3,3.0,mobile,evening,0,1
ORD104012,0,0,0.0,735.39,sports,5,8.04,wallet,7,5.0,desktop,evening,1,0
ORD104013,183,0,0.0,187.69,grocery,2,14.85,card,1,1.0,desktop,morning,0,0
ORD104014,73,1,0.2352,250.55,footwear,2,62.29,wallet,1,5.0,tablet,afternoon,0,0
ORD104015,42,2,0.4259,1822.07,fashion,4,30.01,wallet,3,3.0,desktop,late_night,0,1
ORD104016,94,0,0.0,1005.54,footwear,3,29.23,card,3,2.0,mobile,evening,0,1
ORD104017,779,4,0.1272,506.31,fashion,3,52.22,cod,2,4.0,desktop,late_night,0,1
ORD104018,457,4,0.1247,210.93,grocery,1,12.19,cod,5,6.0,mobile,afternoon,0,0
ORD104019,62,0,0.0,492.31,fashion,3,38.77,wallet,7,13.0,mobile,evening,0,0
ORD104020,128,2,0.5168,434.42,footwear,1,25.22,upi,2,1.0,desktop,evening,0,1
ORD104021,413,3,0.3711,1288.98,electronics,5,10.6,card,5,4.0,desktop,evening,0,0
ORD104022,96,0,0.0,350.17,fashion,4,13.0,card,7,6.0,mobile,morning,0,0
ORD104023,0,0,0.0,1201.46,footwear,1,45.32,card,1,6.0,mobile,late_night,1,1
ORD104024,0,0,0.0,79.89,grocery,2,18.48,cod,6,8.0,mobile,morning,1,1
ORD104025,0,0,0.0,592.71,toys,1,34.49,upi,1,1.0,mobile,afternoon,1,1
ORD104026,239,3,0.2377,475.2,home,6,30.47,upi,5,6.0,tablet,late_night,0,0
ORD104027,88,1,0.3475,556.24,grocery,3,10.25,card,7,5.0,mobile,evening,0,1
ORD104028,98,1,0.2025,456.34,toys,4,40.72,card,2,3.0,mobile,morning,0,0
ORD104029,0,0,0.0,847.91,fashion,3,18.33,upi,7,8.0,mobile,afternoon,1,0
ORD104030,32,0,0.0,190.18,grocery,3,19.95,wallet,2,1.0,mobile,evening,0,0
ORD104031,159,1,0.3278,1278.18,toys,1,12.5,upi,4,10.0,mobile,evening,0,0
ORD104032,444,4,0.1977,123.14,grocery,1,32.92,upi,5,5.0,mobile,afternoon,0,0
ORD104033,39,0,0.0,1061.12,electronics,3,10.16,card,3,1.0,desktop,evening,0,0
ORD104034,244,3,0.4087,443.38,home,3,12.28,card,7,6.0,tablet,morning,0,0
ORD104035,429,5,0.3457,630.97,fashion,2,35.79,upi,7,6.0,tablet,morning,0,0
ORD104036,24,0,0.0,313.24,grocery,2,24.03,upi,6,5.0,desktop,afternoon,0,0
ORD104037,0,0,0.0,121.47,grocery,4,10.13,netbanking,2,2.0,mobile,afternoon,1,0
ORD104038,1108,4,0.4216,210.75,beauty,2,36.28,card,1,2.0,mobile,late_night,0,0
ORD104039,0,0,0.0,236.65,toys,4,8.44,cod,4,4.0,desktop,evening,1,0
ORD104040,23,0,0.0,237.19,fashion,3,44.78,card,1,1.0,mobile,afternoon,0,0
ORD104041,373,1,0.4738,545.57,home,4,29.22,wallet,1,3.0,desktop,afternoon,0,0
ORD104042,79,0,0.0,5704.94,electronics,2,5.85,card,3,3.0,mobile,evening,0,0
ORD104043,0,0,0.0,486.57,beauty,1,28.96,cod,7,7.0,desktop,evening,1,0
ORD104044,84,1,0.244,415.82,fashion,2,29.05,netbanking,1,1.0,mobile,afternoon,0,0
ORD104045,171,0,0.0,1400.91,electronics,2,5.89,card,7,6.0,mobile,afternoon,0,0
ORD104046,100,0,0.0,222.22,fashion,3,22.99,cod,2,1.0,mobile,afternoon,0,1
ORD104047,181,1,0.1757,308.98,home,1,54.72,card,5,5.0,mobile,evening,0,0
ORD104048,97,0,0.0,524.93,sports,4,5.96,card,1,2.0,mobile,evening,0,0
ORD104049,141,1,0.1459,271.88,fashion,6,18.24,card,7,7.0,desktop,late_night,0,0
ORD104050,0,0,0.0,1740.78,sports,2,58.23,card,7,7.0,mobile,afternoon,1,1
ORD104051,310,1,0.2537,1104.73,grocery,2,20.74,wallet,3,4.0,desktop,evening,0,1
ORD104052,219,0,0.0,941.3,toys,5,19.03,card,2,1.0,mobile,late_night,0,1
ORD104053,30,1,0.3487,168.88,grocery,4,35.01,upi,5,6.0,mobile,afternoon,0,1
ORD104054,0,0,0.0,1701.16,electronics,2,10.98,upi,4,6.0,desktop,evening,1,0
ORD104055,0,0,0.0,1263.22,home,2,8.83,upi,3,2.0,mobile,afternoon,1,0
ORD104056,216,0,0.0,874.18,fashion,3,54.13,wallet,7,6.0,desktop,morning,0,1
ORD104057,0,0,0.0,2505.86,home,1,26.83,upi,3,9.0,desktop,evening,1,1
ORD104058,260,1,0.1189,381.35,home,3,22.45,card,5,8.0,mobile,afternoon,0,0
ORD104059,0,0,0.0,326.59,grocery,3,9.09,card,2,4.0,mobile,afternoon,1,1
ORD104060,0,0,0.0,849.9,home,4,29.88,upi,1,1.0,desktop,late_night,1,0
ORD104061,565,3,0.2365,1333.3,electronics,1,18.53,upi,5,6.0,desktop,evening,0,0
ORD104062,207,0,0.0,246.89,footwear,3,11.19,wallet,7,11.0,mobile,afternoon,0,0
ORD104063,316,4,0.2454,105.9,grocery,1,2.18,card,1,5.0,desktop,evening,0,0
ORD104064,282,2,0.2773,2176.0,home,1,11.3,card,1,1.0,mobile,evening,0,0
ORD104065,0,0,0.0,1202.16,fashion,3,10.78,cod,7,8.0,mobile,morning,1,1
ORD104066,400,2,0.1833,132.18,grocery,1,17.81,upi,5,4.0,mobile,evening,0,0
ORD104067,111,1,0.3463,476.9,electronics,2,14.37,upi,1,,mobile,late_night,0,0
ORD104068,0,0,0.0,1724.26,electronics,1,13.52,card,7,8.0,mobile,afternoon,1,1
ORD104069,171,4,0.2508,625.61,fashion,2,21.43,upi,1,1.0,mobile,evening,0,1
ORD104070,78,2,0.1,237.2,footwear,2,28.65,netbanking,4,5.0,mobile,afternoon,0,0
ORD104071,56,2,0.4183,2790.16,fashion,3,32.44,netbanking,2,7.0,desktop,evening,0,0
ORD104072,17,0,0.0,700.52,grocery,3,7.69,cod,3,2.0,mobile,late_night,0,0
ORD104073,32,0,0.0,207.15,beauty,2,45.78,cod,1,1.0,desktop,late_night,0,1
ORD104074,1609,15,0.2201,2393.58,sports,3,6.13,wallet,5,6.0,mobile,late_night,0,0
ORD104075,88,0,0.0,862.92,footwear,4,12.54,card,7,6.0,tablet,afternoon,0,0
ORD104076,1471,10,0.029,2806.78,electronics,3,8.89,card,7,7.0,mobile,afternoon,0,0
ORD104077,282,3,0.1806,244.5,beauty,2,32.07,netbanking,4,5.0,mobile,evening,0,0
ORD104078,171,2,0.2625,1360.82,home,3,31.94,card,4,3.0,mobile,morning,0,1
ORD104079,34,0,0.0,4177.05,home,3,7.74,card,5,5.0,mobile,evening,0,0
ORD104080,182,0,0.0,1511.4,fashion,1,13.2,upi,6,5.0,desktop,afternoon,0,0
ORD104081,1453,16,0.0454,1109.89,fashion,3,9.78,upi,7,7.0,mobile,afternoon,0,0
ORD104082,1005,9,0.177,80.35,grocery,2,9.1,upi,2,2.0,desktop,afternoon,0,0
ORD104083,245,2,0.3892,534.54,grocery,3,4.48,card,7,7.0,mobile,afternoon,0,0
ORD104084,51,4,0.1681,912.5,fashion,2,51.12,upi,1,1.0,desktop,evening,0,0
ORD104085,0,0,0.0,290.87,toys,4,43.27,upi,1,1.0,mobile,afternoon,1,0
ORD104086,70,1,0.0544,234.39,grocery,5,50.1,wallet,5,5.0,mobile,evening,0,0
ORD104087,739,10,0.1986,691.08,footwear,2,18.72,card,4,4.0,mobile,evening,0,0
ORD104088,1091,9,0.1329,1283.68,home,5,15.11,card,7,8.0,desktop,evening,0,0
ORD104089,224,2,0.3225,267.72,footwear,4,34.11,card,1,1.0,mobile,late_night,0,0
ORD104090,129,1,0.0719,533.79,toys,5,4.43,netbanking,1,1.0,mobile,afternoon,0,0
ORD104091,995,12,0.5777,2174.04,footwear,4,54.85,card,2,1.0,tablet,morning,0,0
ORD104092,0,0,0.0,747.62,toys,4,32.29,netbanking,1,1.0,mobile,evening,1,0
ORD104093,191,0,0.0,207.7,beauty,4,54.51,card,5,3.0,mobile,morning,0,0
ORD104094,301,4,0.3148,888.37,footwear,3,8.08,upi,2,4.0,desktop,evening,0,0
ORD104095,70,0,0.0,721.6,toys,3,27.76,card,1,2.0,desktop,afternoon,0,0
ORD104096,90,0,0.0,121.14,toys,4,37.02,card,5,3.0,mobile,evening,0,0
ORD104097,82,1,0.1567,546.19,beauty,3,16.64,card,6,5.0,mobile,morning,0,0
ORD104098,861,4,0.2054,891.63,home,2,3.4,cod,4,3.0,mobile,afternoon,0,0
ORD104099,0,0,0.0,147.03,beauty,3,16.67,cod,6,5.0,mobile,evening,1,0
ORD104100,205,3,0.2162,1683.23,beauty,3,20.81,upi,1,2.0,mobile,evening,0,0
ORD104101,134,2,0.2568,822.15,fashion,5,16.76,card,2,2.0,mobile,evening,0,0
ORD104102,93,1,0.3791,1463.52,electronics,2,11.93,card,6,4.0,mobile,late_night,0,0
ORD104103,181,3,0.2851,523.17,sports,2,23.62,card,2,3.0,mobile,afternoon,0,1
ORD104104,0,0,0.0,317.77,grocery,2,16.77,cod,7,6.0,desktop,afternoon,1,0
ORD104105,162,2,0.553,886.84,fashion,3,28.99,card,6,6.0,desktop,evening,0,0
ORD104106,285,3,0.2836,1304.27,toys,4,42.75,card,3,3.0,mobile,afternoon,0,1
ORD104107,116,0,0.0,609.9,fashion,4,20.15,upi,5,6.0,mobile,afternoon,0,0
ORD104108,0,0,0.0,171.38,beauty,3,15.1,wallet,5,8.0,mobile,afternoon,1,0
ORD104109,147,1,0.0708,1599.54,electronics,5,15.04,wallet,4,3.0,mobile,afternoon,0,0
ORD104110,127,0,0.0,1590.2,electronics,3,3.75,card,4,4.0,mobile,morning,0,0
ORD104111,0,0,0.0,2781.72,home,3,12.82,card,2,7.0,mobile,evening,1,0
ORD104112,419,4,0.3145,810.3,fashion,2,53.57,card,2,6.0,mobile,afternoon,0,0
ORD104113,25,0,0.0,1249.2,sports,2,19.35,upi,1,1.0,tablet,late_night,0,0
ORD104114,1024,4,0.133,650.56,sports,1,30.43,upi,3,4.0,desktop,late_night,0,0
ORD104115,210,2,0.5039,941.05,footwear,2,14.34,card,7,7.0,tablet,evening,0,0
ORD104116,354,1,0.1983,530.69,sports,4,16.58,wallet,3,5.0,mobile,evening,0,0
ORD104117,0,0,0.0,1071.69,sports,2,19.57,upi,7,,mobile,morning,1,0
ORD104118,83,0,0.0,1152.72,fashion,3,19.89,netbanking,7,6.0,desktop,evening,0,1
ORD104119,66,2,0.1082,655.38,fashion,3,27.41,card,1,1.0,mobile,evening,0,0
ORD104120,0,0,0.0,1909.15,home,6,55.75,card,6,5.0,mobile,afternoon,1,0
ORD104121,0,0,0.0,4477.4,electronics,3,27.8,netbanking,7,7.0,mobile,afternoon,1,0
ORD104122,0,0,0.0,1954.06,home,1,13.41,card,1,2.0,tablet,morning,1,1
ORD104123,95,1,0.4199,920.89,home,1,3.17,card,4,5.0,desktop,evening,0,0
ORD104124,0,0,0.0,153.04,grocery,3,31.05,card,5,5.0,mobile,morning,1,0
ORD104125,13,0,0.0,219.7,beauty,3,8.81,upi,6,7.0,mobile,afternoon,0,0
ORD104126,118,1,0.2179,1290.51,home,1,19.92,upi,5,5.0,mobile,evening,0,0
ORD104127,654,9,0.4358,1064.19,home,4,17.58,card,5,4.0,desktop,morning,0,0
ORD104128,0,0,0.0,917.44,sports,2,9.59,netbanking,3,5.0,mobile,afternoon,1,0
ORD104129,0,0,0.0,1166.17,electronics,3,50.32,card,4,3.0,mobile,afternoon,1,0
ORD104130,88,1,0.2898,741.72,footwear,1,6.73,card,3,3.0,desktop,morning,0,0
ORD104131,6,0,0.0,644.22,electronics,3,31.0,wallet,1,1.0,desktop,late_night,0,0
ORD104132,59,0,0.0,187.36,grocery,1,19.97,cod,7,7.0,desktop,evening,0,0
ORD104133,579,5,0.3204,1467.17,electronics,4,22.02,cod,4,5.0,mobile,late_night,0,1
ORD104134,95,0,0.0,720.42,beauty,2,39.1,card,4,10.0,mobile,late_night,0,1
ORD104135,108,0,0.0,3343.61,electronics,1,41.63,wallet,1,,mobile,afternoon,0,0
ORD104136,13,3,0.458,433.76,electronics,5,8.8,card,7,11.0,tablet,evening,0,0
ORD104137,0,0,0.0,96.67,grocery,2,1.4,card,4,7.0,mobile,evening,1,1
ORD104138,671,3,0.3119,1212.84,footwear,2,37.4,cod,3,2.0,mobile,afternoon,0,1
ORD104139,0,0,0.0,474.0,beauty,4,2.76,upi,4,5.0,mobile,evening,1,1
ORD104140,43,1,0.1874,684.68,beauty,3,47.94,card,6,8.0,mobile,morning,0,0
ORD104141,90,0,0.0,190.22,grocery,3,25.32,upi,4,3.0,mobile,morning,0,0
ORD104142,175,1,0.3043,642.77,sports,2,13.51,netbanking,5,7.0,desktop,afternoon,0,0
ORD104143,48,1,0.4941,394.95,fashion,3,11.15,wallet,3,4.0,mobile,evening,0,1
ORD104144,19,0,0.0,112.81,footwear,3,16.94,upi,4,3.0,mobile,morning,0,1
ORD104145,152,2,0.2587,302.07,fashion,5,7.62,netbanking,2,3.0,mobile,evening,0,0
ORD104146,340,0,0.0,452.71,sports,3,5.37,netbanking,6,6.0,mobile,late_night,0,1
ORD104147,347,1,0.3524,230.54,beauty,2,14.83,card,5,4.0,mobile,afternoon,0,0
ORD104148,474,4,0.2157,483.62,sports,1,19.39,cod,2,3.0,mobile,evening,0,0
ORD104149,32,0,0.0,502.24,sports,3,9.64,card,5,4.0,mobile,afternoon,0,0
ORD104150,193,1,0.4219,436.09,toys,2,19.42,upi,5,4.0,desktop,afternoon,0,0
ORD104151,134,0,0.0,1080.6,footwear,1,13.31,upi,6,7.0,mobile,late_night,0,1
ORD104152,164,4,0.663,117.9,home,2,19.32,upi,1,1.0,mobile,morning,0,0
ORD104153,143,1,0.2477,380.6,footwear,4,14.76,cod,7,8.0,desktop,evening,0,1
ORD104154,87,1,0.2205,468.68,home,3,16.23,card,1,3.0,mobile,evening,0,0
ORD104155,6,1,0.1319,578.14,electronics,3,10.1,upi,6,6.0,desktop,evening,0,0
ORD104156,0,0,0.0,2074.35,sports,2,19.22,wallet,6,5.0,mobile,evening,1,1
ORD104157,260,2,0.0236,135.08,grocery,2,47.62,card,7,8.0,mobile,afternoon,0,0
ORD104158,35,0,0.0,392.46,grocery,4,8.18,upi,1,1.0,mobile,morning,0,0
ORD104159,305,2,0.3324,168.85,grocery,2,32.36,netbanking,6,5.0,desktop,evening,0,0
ORD104160,110,1,0.4171,2138.59,home,2,23.89,upi,2,4.0,mobile,afternoon,0,0
ORD104161,114,0,0.0,932.68,electronics,6,17.07,upi,7,5.0,mobile,morning,0,0
ORD104162,0,0,0.0,270.01,toys,2,18.86,card,6,6.0,desktop,morning,1,0
ORD104163,327,5,0.2905,1484.24,electronics,2,37.79,upi,6,6.0,desktop,late_night,0,0
ORD104164,75,1,0.2531,2514.59,home,1,24.39,wallet,5,5.0,desktop,evening,0,1
ORD104165,54,1,0.2828,931.19,fashion,4,64.62,upi,1,2.0,desktop,afternoon,0,1
ORD104166,629,8,0.2205,276.28,beauty,4,0.53,netbanking,6,9.0,mobile,evening,0,0
ORD104167,148,0,0.0,995.73,home,3,37.76,wallet,1,1.0,tablet,afternoon,0,0
ORD104168,154,0,0.0,342.99,toys,1,13.0,card,6,7.0,desktop,late_night,0,0
ORD104169,388,3,0.4013,4762.03,electronics,2,34.37,card,1,2.0,desktop,afternoon,0,0
ORD104170,0,0,0.0,2907.19,electronics,2,18.48,card,7,11.0,mobile,afternoon,1,0
ORD104171,108,1,0.1559,642.73,fashion,1,46.19,upi,1,1.0,desktop,afternoon,0,0
ORD104172,0,0,0.0,1004.92,home,4,5.25,netbanking,2,2.0,desktop,evening,1,1
ORD104173,33,1,0.0279,187.91,grocery,2,74.45,upi,5,4.0,desktop,evening,0,0
ORD104174,0,0,0.0,440.51,beauty,4,5.08,upi,7,8.0,mobile,late_night,1,0
ORD104175,78,1,0.0713,988.96,fashion,5,34.08,card,6,10.0,mobile,late_night,0,1
ORD104176,464,5,0.1892,3140.37,electronics,3,6.22,card,6,5.0,desktop,afternoon,0,1
ORD104177,0,0,0.0,1250.54,electronics,3,28.43,card,2,4.0,mobile,evening,1,0
ORD104178,286,2,0.5674,97.77,beauty,2,44.48,wallet,1,3.0,desktop,morning,0,0
ORD104179,0,0,0.0,477.48,grocery,1,28.83,netbanking,7,6.0,mobile,afternoon,1,0
ORD104180,161,3,0.1924,614.84,sports,3,39.99,card,1,3.0,mobile,evening,0,0
ORD104181,49,1,0.257,1323.2,footwear,3,37.07,cod,1,1.0,mobile,late_night,0,1
ORD104182,174,5,0.0601,252.58,footwear,3,55.23,upi,5,5.0,desktop,morning,0,1
ORD104183,14,1,0.2143,2118.02,electronics,2,20.26,upi,3,2.0,tablet,late_night,0,0
ORD104184,0,0,0.0,381.45,beauty,2,39.62,card,7,6.0,mobile,evening,1,0
ORD104185,0,0,0.0,214.7,grocery,5,11.86,card,1,1.0,mobile,evening,1,0
ORD104186,272,1,0.3181,1421.0,toys,1,32.52,upi,7,6.0,mobile,afternoon,0,0
ORD104187,122,1,0.2791,1014.07,electronics,1,3.91,card,6,6.0,desktop,evening,0,0
ORD104188,66,0,0.0,1331.65,toys,1,23.93,upi,1,1.0,desktop,afternoon,0,0
ORD104189,54,0,0.0,2017.33,beauty,2,22.7,card,3,1.0,desktop,evening,0,1
ORD104190,225,4,0.4375,273.44,fashion,3,22.89,upi,5,4.0,mobile,morning,0,0
ORD104191,124,0,0.0,504.6,sports,3,10.75,upi,5,6.0,mobile,evening,0,0
ORD104192,993,6,0.2497,655.95,footwear,2,13.35,upi,1,1.0,desktop,afternoon,0,0
ORD104193,0,0,0.0,564.54,fashion,2,33.42,card,6,5.0,mobile,late_night,1,0
ORD104194,193,3,0.1302,1911.09,home,3,7.08,wallet,3,2.0,desktop,afternoon,0,0
ORD104195,39,0,0.0,1907.86,home,2,30.33,card,2,1.0,desktop,afternoon,0,0
ORD104196,121,1,0.1776,625.41,home,1,50.69,upi,6,9.0,desktop,evening,0,0
ORD104197,0,0,0.0,169.72,grocery,5,20.96,card,6,8.0,mobile,afternoon,1,0
ORD104198,120,2,0.4065,524.65,fashion,5,25.12,card,5,5.0,desktop,afternoon,0,0
ORD104199,106,1,0.1989,342.37,grocery,2,7.3,netbanking,7,6.0,desktop,morning,0,0
ORD104200,259,1,0.1586,394.98,home,4,13.38,upi,2,2.0,mobile,afternoon,0,0
ORD104201,0,0,0.0,274.01,fashion,3,3.14,card,5,6.0,mobile,evening,1,0
ORD104202,212,2,0.3587,564.02,sports,1,46.26,card,3,4.0,tablet,late_night,0,0
ORD104203,638,7,0.0263,373.67,toys,4,4.33,netbanking,1,1.0,mobile,morning,0,1
ORD104204,359,5,0.0903,1301.44,electronics,5,33.0,upi,6,7.0,desktop,evening,0,0
ORD104205,597,6,0.2737,216.42,home,3,5.62,cod,7,6.0,mobile,afternoon,0,0
ORD104206,92,0,0.0,544.65,footwear,2,0.13,upi,2,3.0,tablet,morning,0,0
ORD104207,144,0,0.0,353.23,home,4,25.62,card,2,5.0,tablet,afternoon,0,0
ORD104208,145,0,0.0,770.11,footwear,5,13.23,card,4,5.0,mobile,evening,0,0
ORD104209,330,3,0.2478,697.63,electronics,2,5.43,netbanking,2,2.0,mobile,late_night,0,0
ORD104210,433,4,0.2441,2120.59,electronics,2,16.81,card,5,6.0,mobile,morning,0,0
ORD104211,208,1,0.2219,780.66,home,2,9.14,upi,5,6.0,desktop,evening,0,1
ORD104212,475,4,0.0329,1788.11,fashion,3,38.53,upi,7,7.0,mobile,evening,0,0
ORD104213,97,2,0.0945,1075.86,home,1,18.57,cod,7,8.0,mobile,evening,0,0
ORD104214,480,6,0.1235,640.25,footwear,3,42.46,cod,2,3.0,desktop,evening,0,1
ORD104215,554,3,0.3559,706.62,footwear,3,27.85,card,3,4.0,mobile,afternoon,0,0
ORD104216,381,4,0.1139,1750.71,electronics,2,8.04,card,1,1.0,mobile,evening,0,0
ORD104217,210,1,0.1448,193.6,grocery,3,25.04,wallet,3,4.0,mobile,afternoon,0,0
ORD104218,0,0,0.0,1411.81,electronics,2,26.55,card,5,,desktop,afternoon,1,1
ORD104219,67,1,0.059,205.54,grocery,3,23.04,upi,5,6.0,mobile,late_night,0,0
ORD104220,225,3,0.18,742.11,sports,3,12.68,card,1,1.0,desktop,afternoon,0,0
ORD104221,252,3,0.4381,691.89,sports,1,45.64,netbanking,1,6.0,mobile,evening,0,0
ORD104222,41,0,0.0,565.76,footwear,3,27.91,card,6,5.0,mobile,afternoon,0,0
ORD104223,305,4,0.1904,923.39,sports,3,2.43,cod,7,6.0,desktop,morning,0,0
ORD104224,45,2,0.1499,756.49,toys,2,19.84,upi,6,10.0,desktop,evening,0,0
ORD104225,0,0,0.0,1253.71,fashion,4,43.4,upi,5,6.0,tablet,morning,1,1
ORD104226,189,0,0.0,613.92,sports,3,4.88,card,6,6.0,desktop,afternoon,0,1
ORD104227,81,0,0.0,354.08,sports,2,3.52,upi,2,2.0,tablet,afternoon,0,0
ORD104228,198,6,0.3799,506.58,grocery,4,4.74,upi,3,3.0,mobile,morning,0,0
ORD104229,195,1,0.3548,1991.87,beauty,2,25.74,card,7,7.0,mobile,late_night,0,0
ORD104230,0,0,0.0,1376.89,sports,3,10.18,cod,7,8.0,desktop,late_night,1,0
ORD104231,338,3,0.2644,579.17,footwear,5,13.99,wallet,3,3.0,mobile,evening,0,0
ORD104232,78,1,0.2305,342.16,grocery,5,15.46,card,5,3.0,mobile,late_night,0,0
ORD104233,2245,23,0.542,571.05,toys,3,20.65,card,6,9.0,mobile,evening,0,0
ORD104234,160,1,0.4071,855.13,home,5,38.91,card,2,3.0,tablet,morning,0,0
ORD104235,49,2,0.0892,897.45,electronics,3,14.84,upi,4,4.0,tablet,evening,0,0
ORD104236,61,3,0.1702,1753.84,home,1,46.72,wallet,3,3.0,mobile,evening,0,0
ORD104237,0,0,0.0,546.17,sports,3,9.02,netbanking,1,7.0,mobile,afternoon,1,1
ORD104238,115,2,0.2343,573.82,grocery,4,25.58,wallet,3,2.0,desktop,evening,0,0
ORD104239,40,0,0.0,1281.91,home,1,12.51,card,6,7.0,tablet,afternoon,0,0
ORD104240,0,0,0.0,1776.28,fashion,2,20.95,cod,1,1.0,mobile,evening,1,0
ORD104241,0,0,0.0,484.6,grocery,4,10.84,cod,4,6.0,desktop,afternoon,1,0
ORD104242,371,3,0.4091,143.94,footwear,1,48.7,card,6,4.0,mobile,afternoon,0,1
ORD104243,507,3,0.5706,355.01,sports,4,5.37,card,2,2.0,mobile,evening,0,0
ORD104244,245,6,0.246,919.02,home,4,14.94,wallet,3,1.0,mobile,evening,0,0
ORD104245,2528,18,0.0501,1419.83,beauty,4,40.36,card,2,1.0,mobile,morning,0,0
ORD104246,0,0,0.0,720.76,sports,2,58.97,card,5,4.0,mobile,morning,1,0
ORD104247,73,0,0.0,111.79,grocery,4,9.43,upi,3,2.0,desktop,afternoon,0,0
ORD104248,136,3,0.1979,1532.24,home,4,38.1,wallet,4,4.0,mobile,evening,0,0
ORD104249,0,0,0.0,2756.15,home,6,7.83,card,3,2.0,desktop,late_night,1,0
ORD104250,1310,10,0.2321,293.6,toys,3,7.76,wallet,7,6.0,desktop,evening,0,1
ORD104251,748,7,0.2965,656.1,sports,2,6.07,wallet,4,5.0,desktop,afternoon,0,0
ORD104252,75,0,0.0,2759.15,home,1,8.05,cod,5,6.0,mobile,late_night,0,0
ORD104253,86,0,0.0,688.53,electronics,2,20.15,card,3,9.0,mobile,morning,0,0
ORD104254,0,0,0.0,138.7,grocery,3,6.55,upi,5,5.0,mobile,morning,1,0
ORD104255,76,0,0.0,308.86,fashion,3,24.41,netbanking,2,2.0,mobile,evening,0,0
ORD104256,936,12,0.1719,1894.01,electronics,7,17.93,card,7,7.0,desktop,afternoon,0,0
ORD104257,138,3,0.7472,540.03,fashion,1,36.81,card,5,7.0,mobile,evening,0,0
ORD104258,0,0,0.0,336.18,toys,5,31.92,wallet,5,6.0,mobile,evening,1,1
ORD104259,424,3,0.3388,1216.56,fashion,1,23.91,card,5,5.0,mobile,late_night,0,0
ORD104260,0,0,0.0,1561.14,home,4,30.82,cod,2,1.0,mobile,evening,1,1
ORD104261,0,0,0.0,2621.37,sports,3,34.86,upi,5,5.0,desktop,evening,1,1
ORD104262,54,0,0.0,1754.6,electronics,5,28.18,card,5,3.0,mobile,morning,0,0
ORD104263,0,0,0.0,503.26,grocery,4,28.35,upi,7,7.0,desktop,morning,1,0
ORD104264,95,1,0.2562,295.96,fashion,2,11.88,card,1,2.0,mobile,afternoon,0,0
ORD104265,89,0,0.0,1091.81,fashion,3,1.6,netbanking,1,2.0,mobile,late_night,0,0
ORD104266,232,2,0.2408,1255.3,footwear,3,32.06,card,7,6.0,mobile,morning,0,0
ORD104267,0,0,0.0,168.45,grocery,6,17.64,card,4,3.0,mobile,morning,1,0
ORD104268,0,0,0.0,670.91,beauty,3,13.02,cod,6,4.0,desktop,afternoon,1,0
ORD104269,272,1,0.3867,608.34,toys,4,8.42,card,7,6.0,tablet,afternoon,0,0
ORD104270,0,0,0.0,2328.83,electronics,2,7.61,upi,2,1.0,mobile,late_night,1,0
ORD104271,383,0,0.0,1423.73,footwear,6,7.97,upi,5,4.0,tablet,afternoon,0,1
ORD104272,0,0,0.0,995.03,home,1,33.51,upi,3,3.0,desktop,late_night,1,0
ORD104273,0,0,0.0,1486.17,fashion,4,2.73,card,5,5.0,mobile,evening,1,1
ORD104274,75,2,0.052,403.44,home,7,12.36,card,6,5.0,mobile,evening,0,0
ORD104275,138,2,0.0291,521.13,sports,5,20.76,cod,6,4.0,mobile,late_night,0,0
ORD104276,1418,6,0.5908,393.25,beauty,2,17.48,wallet,7,4.0,desktop,evening,0,0
ORD104277,0,0,0.0,513.41,home,4,23.99,upi,7,11.0,tablet,evening,1,0
ORD104278,51,1,0.0611,879.77,footwear,1,21.89,cod,5,5.0,mobile,afternoon,0,1
ORD104279,498,2,0.0581,695.59,home,3,23.17,card,7,10.0,mobile,morning,0,0
ORD104280,107,0,0.0,714.76,home,4,51.6,upi,5,3.0,mobile,evening,0,0
ORD104281,247,3,0.2054,700.4,home,2,6.4,cod,2,1.0,desktop,late_night,0,1
ORD104282,93,2,0.3779,1041.21,home,2,62.87,card,2,2.0,tablet,evening,0,1
ORD104283,741,4,0.2907,950.58,sports,4,56.74,card,6,8.0,mobile,morning,0,0
ORD104284,0,0,0.0,949.4,footwear,4,53.06,wallet,4,5.0,desktop,morning,1,1
ORD104285,843,11,0.3113,1286.0,electronics,3,11.64,cod,2,3.0,mobile,afternoon,0,0
ORD104286,0,0,0.0,181.52,fashion,2,32.11,card,5,5.0,desktop,afternoon,1,1
ORD104287,131,3,0.1105,2834.76,electronics,3,6.29,card,3,4.0,tablet,afternoon,0,0
ORD104288,0,0,0.0,382.71,fashion,2,0.18,card,3,2.0,mobile,evening,1,0
ORD104289,218,1,0.2341,2055.46,electronics,2,12.36,upi,4,5.0,desktop,evening,0,1
ORD104290,2205,14,0.1242,1686.42,electronics,4,41.19,card,1,1.0,mobile,morning,0,0
ORD104291,134,3,0.2685,1381.54,grocery,2,40.86,upi,5,5.0,desktop,morning,0,0
ORD104292,240,2,0.0465,146.14,sports,1,25.72,netbanking,7,7.0,tablet,morning,0,0
ORD104293,1473,10,0.1522,555.99,home,5,66.55,card,2,1.0,desktop,afternoon,0,0
ORD104294,0,0,0.0,381.83,grocery,4,21.55,upi,6,5.0,desktop,late_night,1,0
ORD104295,29,0,0.0,549.41,electronics,2,19.56,card,7,7.0,tablet,morning,0,0
ORD104296,75,1,0.0586,1636.94,electronics,5,16.88,cod,2,3.0,mobile,late_night,0,0
ORD104297,443,5,0.2495,204.23,fashion,6,14.37,upi,6,8.0,mobile,morning,0,1
ORD104298,30,0,0.0,1676.34,electronics,2,6.13,upi,3,3.0,mobile,afternoon,0,0
ORD104299,349,2,0.2575,301.2,grocery,3,32.42,wallet,3,2.0,mobile,late_night,0,0
ORD104300,323,2,0.4107,723.67,beauty,1,9.49,wallet,6,7.0,desktop,morning,0,0
ORD104301,1662,17,0.3009,887.2,footwear,1,7.07,card,7,7.0,desktop,evening,0,0
ORD104302,0,0,0.0,148.87,grocery,2,57.1,upi,2,3.0,mobile,evening,1,0
ORD104303,270,1,0.59,686.63,fashion,2,15.39,card,4,2.0,mobile,afternoon,0,0
ORD104304,808,7,0.1699,824.09,fashion,2,12.61,upi,6,6.0,mobile,late_night,0,0
ORD104305,327,0,0.0,387.69,footwear,4,0.26,card,4,4.0,mobile,morning,0,0
ORD104306,109,2,0.4203,868.77,beauty,3,24.9,upi,5,4.0,desktop,afternoon,0,0
ORD104307,51,0,0.0,2498.07,electronics,2,44.01,netbanking,2,1.0,desktop,morning,0,0
ORD104308,0,0,0.0,164.0,toys,3,14.5,card,3,5.0,mobile,evening,1,1
ORD104309,173,2,0.1858,668.88,fashion,1,44.95,wallet,7,7.0,mobile,evening,0,1
ORD104310,219,3,0.3472,462.37,sports,3,25.13,card,6,4.0,mobile,late_night,0,0
ORD104311,0,0,0.0,164.22,fashion,1,16.79,card,3,4.0,mobile,morning,1,1
ORD104312,142,1,0.3122,636.91,sports,2,15.05,card,2,2.0,tablet,afternoon,0,0
ORD104313,0,0,0.0,505.74,fashion,2,10.58,card,3,3.0,desktop,afternoon,1,0
ORD104314,331,2,0.2548,2917.07,fashion,2,8.67,netbanking,1,2.0,desktop,morning,0,0
ORD104315,1085,15,0.1523,499.33,footwear,2,17.71,card,5,4.0,mobile,late_night,0,0
ORD104316,0,0,0.0,1727.78,electronics,2,10.13,card,4,4.0,tablet,late_night,1,0
ORD104317,0,0,0.0,361.53,grocery,3,11.81,card,2,3.0,mobile,evening,1,0
ORD104318,0,0,0.0,395.8,toys,2,1.62,cod,3,3.0,mobile,evening,1,0
ORD104319,385,1,0.0611,2028.5,electronics,2,3.36,card,6,9.0,mobile,afternoon,0,0
ORD104320,0,0,0.0,441.22,footwear,3,16.54,cod,7,8.0,mobile,late_night,1,1
ORD104321,470,11,0.0197,775.17,electronics,2,2.71,upi,6,,mobile,afternoon,0,0
ORD104322,843,7,0.0952,338.09,toys,3,3.34,card,4,3.0,mobile,afternoon,0,0
ORD104323,33,0,0.0,266.62,fashion,1,15.91,cod,1,5.0,mobile,morning,0,0
ORD104324,333,3,0.4352,1324.51,home,3,23.29,cod,7,8.0,mobile,afternoon,0,0
ORD104325,751,2,0.1529,687.53,footwear,2,7.92,cod,1,1.0,mobile,late_night,0,0
ORD104326,556,0,0.0,1177.12,electronics,5,23.48,card,4,6.0,mobile,afternoon,0,0
ORD104327,18,0,0.0,1081.84,footwear,4,5.59,card,5,5.0,desktop,evening,0,1
ORD104328,0,0,0.0,189.56,grocery,3,30.89,upi,5,5.0,desktop,evening,1,0
ORD104329,0,0,0.0,88.35,footwear,4,11.88,card,5,5.0,desktop,afternoon,1,1
ORD104330,322,4,0.2441,345.22,toys,4,52.42,cod,4,7.0,desktop,evening,0,0
ORD104331,0,0,0.0,488.15,grocery,4,25.42,card,7,6.0,mobile,evening,1,0
ORD104332,9,0,0.0,3324.7,electronics,4,26.5,netbanking,6,7.0,desktop,afternoon,0,1
ORD104333,130,3,0.1974,273.17,fashion,4,22.35,card,4,1.0,mobile,morning,0,1
ORD104334,0,0,0.0,474.15,footwear,3,31.73,card,6,5.0,mobile,evening,1,1
ORD104335,213,5,0.4641,1430.18,home,1,23.96,upi,7,7.0,mobile,late_night,0,0
ORD104336,212,1,0.3197,176.3,toys,3,24.7,upi,4,6.0,mobile,late_night,0,1
ORD104337,121,1,0.3598,1323.49,electronics,3,69.38,netbanking,7,,mobile,evening,0,0
ORD104338,56,1,0.1596,2044.28,electronics,2,7.45,card,3,4.0,mobile,morning,0,0
ORD104339,0,0,0.0,2476.82,sports,3,18.57,upi,4,4.0,desktop,evening,1,0
ORD104340,191,1,0.6081,1188.66,electronics,1,32.11,cod,4,4.0,mobile,afternoon,0,0
ORD104341,356,2,0.2245,266.42,footwear,1,15.49,card,1,1.0,mobile,morning,0,1
ORD104342,390,3,0.2681,412.28,footwear,2,12.11,cod,2,1.0,mobile,morning,0,0
ORD104343,199,2,0.2463,2665.28,toys,2,45.08,cod,6,5.0,mobile,evening,0,0
ORD104344,604,5,0.0302,1064.77,home,3,30.46,netbanking,7,7.0,mobile,evening,0,0
ORD104345,0,0,0.0,669.76,grocery,3,22.44,card,7,6.0,tablet,morning,1,0
ORD104346,37,0,0.0,424.28,beauty,3,31.01,upi,3,2.0,mobile,afternoon,0,0
ORD104347,0,0,0.0,408.61,footwear,3,44.1,upi,1,1.0,mobile,evening,1,1
ORD104348,208,2,0.3275,337.29,footwear,1,3.44,upi,5,4.0,desktop,evening,0,1
ORD104349,0,0,0.0,463.53,fashion,1,11.67,upi,2,4.0,mobile,morning,1,0
ORD104350,45,0,0.0,1063.12,fashion,1,28.41,netbanking,7,8.0,desktop,morning,0,1
ORD104351,1299,15,0.2011,171.1,beauty,5,25.62,upi,5,5.0,desktop,evening,0,1
ORD104352,396,2,0.4236,472.99,grocery,2,6.54,upi,6,5.0,mobile,afternoon,0,0
ORD104353,132,2,0.4058,190.03,beauty,3,10.3,card,1,1.0,mobile,morning,0,0
ORD104354,0,0,0.0,403.36,toys,3,26.34,card,4,5.0,mobile,evening,1,0
ORD104355,592,6,0.0793,478.39,toys,4,19.77,wallet,5,2.0,mobile,late_night,0,0
ORD104356,0,0,0.0,1413.78,sports,3,26.76,wallet,4,5.0,desktop,afternoon,1,1
ORD104357,2180,22,0.2648,231.91,grocery,3,73.24,netbanking,2,3.0,tablet,afternoon,0,0
ORD104358,92,0,0.0,1233.3,home,2,17.18,card,7,13.0,tablet,afternoon,0,0
ORD104359,1202,11,0.1467,1313.2,electronics,4,3.39,cod,5,4.0,mobile,afternoon,0,0
ORD104360,147,2,0.0536,839.72,fashion,3,4.93,card,1,1.0,desktop,afternoon,0,0
ORD104361,1031,5,0.4005,909.64,sports,3,43.18,card,1,1.0,mobile,late_night,0,0
ORD104362,80,2,0.2481,1874.98,electronics,1,35.18,card,3,3.0,mobile,afternoon,0,0
ORD104363,0,0,0.0,726.44,fashion,1,23.07,card,6,9.0,desktop,late_night,1,0
ORD104364,439,3,0.4349,596.05,fashion,1,25.55,card,2,3.0,desktop,evening,0,0
ORD104365,375,6,0.0149,1606.68,footwear,4,15.65,card,1,3.0,desktop,evening,0,0
ORD104366,608,6,0.3185,753.71,toys,3,34.08,upi,6,7.0,desktop,late_night,0,0
ORD104367,106,0,0.0,1042.24,sports,2,5.03,upi,4,4.0,desktop,evening,0,0
ORD104368,198,1,0.3175,485.92,footwear,3,42.15,upi,6,6.0,mobile,evening,0,0
ORD104369,715,9,0.1526,2705.35,toys,4,7.96,upi,4,4.0,tablet,afternoon,0,0
ORD104370,83,1,0.2234,1253.59,beauty,4,6.32,wallet,6,7.0,desktop,afternoon,0,0
ORD104371,340,4,0.3046,814.49,electronics,3,20.47,cod,2,2.0,mobile,afternoon,0,0
ORD104372,142,1,0.2046,2502.15,electronics,3,22.27,card,4,5.0,mobile,morning,0,0
ORD104373,227,2,0.453,3925.79,electronics,1,6.64,card,3,3.0,desktop,evening,0,0
ORD104374,198,2,0.0788,908.53,fashion,1,6.36,wallet,4,4.0,mobile,late_night,0,0
ORD104375,76,1,0.1684,426.45,beauty,2,37.52,upi,3,2.0,tablet,late_night,0,1
ORD104376,136,2,0.1626,418.4,fashion,1,0.32,cod,1,3.0,desktop,afternoon,0,0
ORD104377,212,0,0.0,696.7,toys,2,5.75,card,7,8.0,tablet,evening,0,0
ORD104378,0,0,0.0,151.7,grocery,2,25.21,netbanking,5,6.0,mobile,afternoon,1,0
ORD104379,1022,8,0.3587,1261.77,electronics,3,46.78,card,7,8.0,mobile,evening,0,0
ORD104380,550,4,0.1396,595.5,home,2,17.83,upi,1,1.0,mobile,afternoon,0,0
ORD104381,249,4,0.2675,2355.64,electronics,2,20.95,upi,4,3.0,mobile,evening,0,0
ORD104382,78,0,0.0,2414.51,sports,4,8.48,upi,5,6.0,desktop,evening,0,0
ORD104383,73,1,0.0923,613.22,home,4,44.34,card,2,2.0,desktop,afternoon,0,0
ORD104384,0,0,0.0,711.13,sports,2,5.9,wallet,2,8.0,mobile,evening,1,0
ORD104385,0,0,0.0,707.4,grocery,2,35.28,card,3,3.0,mobile,late_night,1,0
ORD104386,205,1,0.3951,196.91,grocery,5,14.22,wallet,3,4.0,mobile,afternoon,0,0
ORD104387,269,5,0.1076,39.74,grocery,1,18.87,card,5,5.0,mobile,evening,0,1
ORD104388,128,3,0.5749,1573.39,beauty,4,51.32,netbanking,3,2.0,mobile,evening,0,1
ORD104389,60,0,0.0,3329.94,electronics,6,10.08,cod,4,,mobile,evening,0,1
ORD104390,76,0,0.0,1131.22,fashion,2,44.12,card,4,4.0,desktop,late_night,0,0
ORD104391,99,1,0.1693,1116.35,home,3,10.52,upi,4,4.0,desktop,afternoon,0,0
ORD104392,83,0,0.0,270.76,grocery,2,56.14,cod,3,2.0,mobile,morning,0,0
ORD104393,780,4,0.2311,174.28,fashion,3,20.48,card,6,6.0,mobile,afternoon,0,1
ORD104394,179,6,0.2828,737.75,home,1,23.29,card,3,3.0,mobile,evening,0,0
ORD104395,101,0,0.0,604.94,footwear,4,27.46,upi,4,2.0,mobile,afternoon,0,0
ORD104396,203,3,0.3873,782.49,home,1,5.89,upi,7,5.0,desktop,evening,0,0
ORD104397,377,3,0.203,1069.99,footwear,3,18.6,upi,7,8.0,mobile,evening,0,1
ORD104398,124,1,0.3716,1232.61,beauty,3,10.95,netbanking,5,3.0,mobile,evening,0,0
ORD104399,488,3,0.5039,406.49,beauty,6,7.38,card,3,3.0,desktop,evening,0,0
ORD104400,0,0,0.0,1422.48,electronics,1,20.89,card,2,3.0,mobile,afternoon,1,1
ORD104401,657,5,0.019,2047.99,footwear,3,68.14,card,4,2.0,mobile,afternoon,0,0
ORD104402,179,0,0.0,942.41,electronics,6,37.71,card,6,6.0,mobile,evening,0,0
ORD104403,171,1,0.4656,698.67,footwear,2,44.66,card,6,,desktop,afternoon,0,1
ORD104404,84,0,0.0,947.1,sports,3,28.85,wallet,7,7.0,mobile,evening,0,0
ORD104405,46,1,0.406,409.96,footwear,3,15.27,upi,4,3.0,mobile,morning,0,0
ORD104406,0,0,0.0,1294.14,electronics,4,19.17,card,2,1.0,mobile,afternoon,1,1
ORD104407,78,0,0.0,681.14,home,2,9.62,card,2,1.0,mobile,afternoon,0,0
ORD104408,0,0,0.0,737.59,beauty,3,32.31,netbanking,3,2.0,mobile,morning,1,1
ORD104409,62,1,0.3015,233.22,grocery,3,28.4,wallet,6,4.0,tablet,evening,0,0
ORD104410,33,0,0.0,1367.35,electronics,2,17.23,card,4,3.0,desktop,late_night,0,0
ORD104411,66,2,0.0673,1193.88,home,1,13.33,upi,2,3.0,mobile,morning,0,0
ORD104412,118,1,0.4899,355.69,toys,2,8.27,upi,1,2.0,desktop,morning,0,0
ORD104413,123,2,0.3663,340.4,fashion,4,12.66,cod,2,2.0,desktop,late_night,0,0
ORD104414,157,0,0.0,5493.54,home,4,54.89,upi,4,5.0,mobile,afternoon,0,0
ORD104415,564,6,0.2857,688.4,footwear,2,32.2,card,5,10.0,mobile,afternoon,0,0
ORD104416,716,3,0.3433,754.09,fashion,2,7.25,upi,7,11.0,mobile,evening,0,1
ORD104417,1645,19,0.2306,533.43,fashion,1,62.76,cod,3,2.0,desktop,morning,0,1
ORD104418,30,0,0.0,249.69,footwear,3,1.79,upi,2,1.0,desktop,morning,0,0
ORD104419,70,1,0.2238,597.72,home,2,11.43,card,2,2.0,desktop,evening,0,0
ORD104420,390,3,0.1188,131.08,grocery,4,1.37,upi,4,8.0,mobile,evening,0,0
ORD104421,110,0,0.0,1361.61,sports,2,52.39,upi,6,4.0,mobile,late_night,0,0
ORD104422,467,4,0.2979,1244.64,sports,3,33.4,card,6,7.0,mobile,late_night,0,1
ORD104423,227,2,0.5255,751.74,toys,2,2.47,wallet,4,6.0,mobile,evening,0,0
ORD104424,1029,6,0.4908,431.11,home,1,3.98,card,5,6.0,desktop,late_night,0,0
ORD104425,570,0,0.0,406.15,electronics,1,19.09,netbanking,4,4.0,mobile,evening,0,1
ORD104426,582,5,0.2446,175.14,home,6,32.11,upi,6,6.0,mobile,late_night,0,0
ORD104427,115,0,0.0,1229.98,sports,3,33.38,upi,2,2.0,desktop,late_night,0,0
ORD104428,162,3,0.0941,325.2,beauty,1,18.47,upi,3,6.0,mobile,afternoon,0,0
ORD104429,129,2,0.2197,116.9,grocery,1,45.19,card,2,4.0,mobile,evening,0,0
ORD104430,34,1,0.6154,945.13,fashion,2,13.31,upi,2,2.0,desktop,morning,0,0
ORD104431,0,0,0.0,1708.04,sports,2,6.66,card,7,7.0,desktop,late_night,1,0
ORD104432,0,0,0.0,822.52,home,4,34.74,cod,1,1.0,mobile,afternoon,1,0
ORD104433,124,1,0.1421,285.03,beauty,3,6.65,card,1,1.0,mobile,evening,0,0
ORD104434,761,4,0.1697,244.35,grocery,3,15.35,upi,6,5.0,desktop,evening,0,0
ORD104435,90,0,0.0,1458.52,fashion,2,4.64,upi,4,5.0,tablet,afternoon,0,0
ORD104436,0,0,0.0,1347.22,fashion,2,10.65,card,6,5.0,mobile,afternoon,1,0
ORD104437,549,6,0.2489,791.96,sports,4,6.55,card,5,5.0,mobile,late_night,0,0
ORD104438,44,0,0.0,785.49,footwear,5,4.67,card,3,5.0,mobile,evening,0,0
ORD104439,146,1,0.1355,15511.88,fashion,3,15.15,wallet,4,3.0,desktop,evening,0,0
ORD104440,227,0,0.0,4078.7,sports,4,3.42,card,6,4.0,desktop,morning,0,0
ORD104441,276,3,0.2378,1696.88,electronics,2,7.73,card,1,3.0,mobile,afternoon,0,0
ORD104442,0,0,0.0,1361.66,toys,6,63.14,upi,1,1.0,mobile,afternoon,1,0
ORD104443,0,0,0.0,1216.31,sports,2,24.85,card,6,,mobile,morning,1,1
ORD104444,331,7,0.3979,2019.03,footwear,3,3.35,upi,7,9.0,desktop,evening,0,1
ORD104445,75,0,0.0,390.61,fashion,2,5.68,upi,7,5.0,mobile,evening,0,1
ORD104446,250,0,0.0,1081.84,fashion,3,10.59,cod,4,3.0,mobile,morning,0,0
ORD104447,34,1,0.0935,3369.85,electronics,2,51.34,card,7,7.0,desktop,afternoon,0,0
ORD104448,1010,7,0.124,706.71,footwear,3,20.58,card,3,1.0,mobile,late_night,0,0
ORD104449,38,1,0.2212,372.72,toys,5,77.09,wallet,1,1.0,mobile,evening,0,0
ORD104450,0,0,0.0,1093.58,sports,1,8.82,netbanking,1,1.0,desktop,morning,1,0
ORD104451,0,0,0.0,333.67,home,4,48.46,card,3,4.0,mobile,afternoon,1,1
ORD104452,81,2,0.2445,1254.29,electronics,3,21.16,upi,3,6.0,mobile,afternoon,0,0
ORD104453,183,1,0.314,1124.12,electronics,5,54.54,card,2,1.0,mobile,morning,0,0
ORD104454,101,2,0.2874,914.84,toys,2,3.73,upi,2,1.0,mobile,afternoon,0,0
ORD104455,638,6,0.176,927.48,fashion,4,44.94,upi,7,8.0,desktop,late_night,0,1
ORD104456,232,2,0.1101,1016.39,fashion,3,82.01,upi,5,6.0,mobile,late_night,0,0
ORD104457,108,0,0.0,3769.41,electronics,2,45.2,card,4,4.0,mobile,afternoon,0,0
ORD104458,156,0,0.0,197.31,beauty,4,16.27,upi,5,5.0,desktop,afternoon,0,0
ORD104459,0,0,0.0,892.39,grocery,3,25.97,upi,6,6.0,mobile,afternoon,1,0
ORD104460,492,1,0.2211,1773.85,sports,2,47.73,card,3,2.0,desktop,morning,0,0
ORD104461,51,0,0.0,247.39,fashion,1,22.99,cod,5,5.0,desktop,afternoon,0,0
ORD104462,85,1,0.0633,2851.7,electronics,2,10.28,wallet,5,7.0,mobile,evening,0,1
ORD104463,0,0,0.0,2462.08,electronics,3,40.36,wallet,6,6.0,mobile,morning,1,1
ORD104464,267,1,0.2314,863.77,fashion,3,9.07,netbanking,7,,mobile,evening,0,0
ORD104465,57,0,0.0,150.14,grocery,3,58.68,netbanking,3,2.0,mobile,afternoon,0,0
ORD104466,413,3,0.7151,1642.64,electronics,9,12.29,upi,1,1.0,mobile,evening,0,0
ORD104467,68,0,0.0,688.09,beauty,3,26.07,upi,6,6.0,mobile,late_night,0,1
ORD104468,0,0,0.0,890.43,home,3,6.63,wallet,3,4.0,tablet,afternoon,1,0
ORD104469,324,1,0.4406,658.91,electronics,2,24.75,card,6,5.0,mobile,morning,0,0
ORD104470,0,0,0.0,505.2,fashion,1,42.81,card,2,3.0,desktop,afternoon,1,1
ORD104471,101,1,0.2196,648.9,toys,1,1.85,card,5,5.0,mobile,late_night,0,0
ORD104472,99,1,0.0753,572.79,fashion,2,24.6,upi,1,2.0,desktop,evening,0,0
ORD104473,216,2,0.2568,1619.88,beauty,1,35.77,wallet,2,1.0,mobile,afternoon,0,1
ORD104474,144,0,0.0,1593.36,sports,3,12.23,cod,7,8.0,mobile,evening,0,0
ORD104475,51,1,0.6458,2743.32,electronics,2,19.04,wallet,6,11.0,mobile,morning,0,0
ORD104476,39,0,0.0,987.44,home,2,61.19,card,1,1.0,mobile,late_night,0,0
ORD104477,331,4,0.2963,213.61,grocery,2,33.3,upi,7,11.0,desktop,evening,0,0
ORD104478,0,0,0.0,2384.3,footwear,3,32.16,netbanking,7,9.0,mobile,afternoon,1,1
ORD104479,0,0,0.0,561.64,footwear,2,19.77,upi,2,2.0,tablet,afternoon,1,1
ORD104480,244,1,0.2124,689.88,fashion,1,16.09,upi,7,6.0,desktop,late_night,0,0
ORD104481,91,1,0.2305,619.22,fashion,3,6.52,upi,7,7.0,desktop,evening,0,0
ORD104482,0,0,0.0,638.02,electronics,1,21.62,upi,3,4.0,mobile,morning,1,1
ORD104483,2958,20,0.2419,597.64,beauty,1,17.95,upi,1,1.0,mobile,late_night,0,0
ORD104484,0,0,0.0,1301.55,fashion,2,24.49,card,4,8.0,desktop,late_night,1,1
ORD104485,131,6,0.3172,195.77,grocery,3,26.22,card,3,3.0,mobile,morning,0,0
ORD104486,101,0,0.0,1367.41,electronics,5,3.25,card,1,2.0,mobile,afternoon,0,0
ORD104487,7,1,0.2015,494.04,home,5,6.41,wallet,2,2.0,tablet,afternoon,0,0
ORD104488,587,6,0.2017,5908.52,electronics,2,39.85,wallet,6,6.0,mobile,afternoon,0,0
ORD104489,430,6,0.2187,594.25,beauty,2,36.27,upi,2,3.0,desktop,afternoon,0,0
ORD104490,99,4,0.4908,735.79,grocery,6,51.94,cod,1,1.0,mobile,evening,0,0
ORD104491,0,0,0.0,493.55,fashion,2,30.11,upi,2,1.0,mobile,evening,1,1
ORD104492,0,0,0.0,756.69,toys,1,12.41,wallet,2,,desktop,evening,1,0
ORD104493,295,1,0.2813,147.02,beauty,2,11.13,netbanking,5,3.0,desktop,afternoon,0,0
ORD104494,164,0,0.0,288.88,beauty,2,27.88,card,2,2.0,tablet,evening,0,0
ORD104495,387,3,0.1031,3648.04,home,5,43.34,wallet,7,10.0,tablet,evening,0,0
ORD104496,199,0,0.0,879.06,fashion,3,17.18,card,6,8.0,desktop,evening,0,0
ORD104497,525,4,0.5051,699.83,home,2,22.05,upi,3,3.0,desktop,evening,0,0
ORD104498,0,0,0.0,202.5,footwear,1,14.76,card,2,3.0,desktop,morning,1,0
ORD104499,451,2,0.2563,1000.97,home,1,34.87,cod,6,9.0,mobile,late_night,0,0
ORD104500,18,0,0.0,383.12,toys,2,6.99,upi,1,1.0,mobile,evening,0,0
ORD104501,46,1,0.1886,1596.31,home,3,12.25,card,7,7.0,mobile,afternoon,0,0
ORD104502,121,0,0.0,265.74,footwear,2,26.23,card,7,7.0,tablet,afternoon,0,1
ORD104503,594,7,0.1216,1644.38,home,2,4.98,card,7,6.0,tablet,afternoon,0,0
ORD104504,1434,8,0.2138,1230.68,electronics,3,4.95,upi,7,8.0,desktop,evening,0,0
ORD104505,151,1,0.1129,462.42,sports,3,4.55,card,6,7.0,tablet,evening,0,0
ORD104506,92,1,0.1593,1923.84,electronics,2,27.82,cod,5,5.0,desktop,afternoon,0,0
ORD104507,21,0,0.0,1049.09,grocery,3,51.5,card,1,1.0,mobile,afternoon,0,0
ORD104508,468,1,0.2456,1462.44,home,5,26.16,upi,4,6.0,desktop,afternoon,0,0
ORD104509,98,3,0.3356,912.8,footwear,2,20.12,netbanking,6,6.0,tablet,evening,0,0
ORD104510,3000,32,0.2137,302.7,beauty,5,17.02,netbanking,2,1.0,mobile,late_night,0,0
ORD104511,80,0,0.0,1783.93,fashion,3,29.26,upi,3,5.0,mobile,afternoon,0,1
ORD104512,0,0,0.0,375.03,grocery,2,9.12,card,6,5.0,desktop,morning,1,0
ORD104513,412,4,0.2657,129.17,toys,1,27.46,card,5,7.0,desktop,late_night,0,1
ORD104514,58,1,0.3427,1503.03,home,4,28.17,wallet,7,7.0,mobile,morning,0,1
ORD104515,234,3,0.6015,869.11,footwear,4,10.46,card,5,4.0,mobile,evening,0,0
ORD104516,423,6,0.138,674.44,footwear,5,42.61,card,7,,mobile,evening,0,0
ORD104517,141,2,0.0857,700.06,grocery,1,6.5,upi,1,1.0,mobile,afternoon,0,0
ORD104518,455,5,0.2763,437.48,footwear,1,23.42,cod,1,2.0,mobile,morning,0,0
ORD104519,444,5,0.2088,608.17,home,5,21.55,wallet,6,6.0,desktop,afternoon,0,0
ORD104520,349,2,0.03,452.9,toys,5,9.58,netbanking,7,8.0,desktop,afternoon,0,0
ORD104521,178,2,0.1674,390.93,grocery,2,3.88,upi,1,1.0,mobile,evening,0,0
ORD104522,49,2,0.2005,429.81,fashion,3,10.71,upi,2,3.0,mobile,morning,0,1
ORD104523,0,0,0.0,145.81,grocery,6,10.32,card,1,1.0,mobile,morning,1,0
ORD104524,220,0,0.0,570.87,fashion,3,11.44,card,3,2.0,mobile,evening,0,1
ORD104525,23,0,0.0,1181.3,electronics,2,16.48,upi,4,10.0,desktop,evening,0,0
ORD104526,218,3,0.1495,5327.59,electronics,2,3.55,card,7,6.0,mobile,evening,0,0
ORD104527,162,1,0.4069,207.46,home,2,17.22,upi,1,2.0,desktop,evening,0,1
ORD104528,43,0,0.0,810.94,beauty,4,5.84,card,2,1.0,desktop,morning,0,1
ORD104529,125,2,0.295,226.0,sports,3,15.44,card,6,12.0,tablet,morning,0,0
ORD104530,128,0,0.0,686.95,footwear,2,18.14,upi,4,2.0,mobile,late_night,0,0
ORD104531,1514,14,0.0521,204.1,beauty,2,2.9,cod,5,6.0,mobile,afternoon,0,0
ORD104532,230,2,0.3012,244.8,footwear,3,6.86,card,3,4.0,mobile,late_night,0,0
ORD104533,566,7,0.2631,4205.69,electronics,4,39.28,upi,2,3.0,desktop,evening,0,0
ORD104534,159,1,0.2111,482.45,grocery,3,22.24,card,4,5.0,mobile,late_night,0,0
ORD104535,23,0,0.0,680.64,fashion,2,14.9,card,5,11.0,desktop,late_night,0,0
ORD104536,379,3,0.1618,713.95,fashion,4,6.87,upi,5,4.0,mobile,late_night,0,0
ORD104537,0,0,0.0,975.17,electronics,3,43.86,card,5,6.0,mobile,afternoon,1,1
ORD104538,125,0,0.0,629.21,home,4,51.55,card,2,3.0,mobile,morning,0,0
ORD104539,56,0,0.0,1027.53,electronics,2,8.02,card,6,5.0,mobile,evening,0,0
ORD104540,196,1,0.1195,300.69,beauty,7,21.92,upi,4,3.0,desktop,afternoon,0,0
ORD104541,585,5,0.5374,249.6,grocery,2,22.48,netbanking,5,6.0,mobile,evening,0,1
ORD104542,0,0,0.0,1102.5,beauty,4,65.57,card,7,7.0,mobile,evening,1,0
ORD104543,1037,4,0.4062,438.61,grocery,4,19.41,upi,7,9.0,mobile,evening,0,0
ORD104544,1212,8,0.3584,1079.9,home,2,22.14,wallet,6,10.0,tablet,evening,0,0
ORD104545,19,0,0.0,433.61,home,1,0.99,cod,4,4.0,mobile,afternoon,0,0
ORD104546,0,0,0.0,891.0,fashion,4,2.94,card,3,2.0,mobile,afternoon,1,0
ORD104547,24,1,0.0829,164.69,sports,2,14.11,card,5,4.0,desktop,afternoon,0,0
ORD104548,363,3,0.0526,267.4,beauty,5,38.18,wallet,5,4.0,mobile,late_night,0,1
ORD104549,84,2,0.2435,305.19,footwear,2,8.71,cod,5,5.0,mobile,evening,0,0
ORD104550,105,1,0.2959,334.69,beauty,2,18.78,cod,6,7.0,mobile,evening,0,0
ORD104551,142,0,0.0,710.2,home,4,26.36,card,1,5.0,mobile,late_night,0,1
ORD104552,276,2,0.0504,1228.14,electronics,2,5.71,netbanking,2,2.0,desktop,morning,0,0
ORD104553,35,0,0.0,428.55,beauty,2,18.85,card,4,3.0,desktop,morning,0,0
ORD104554,45,0,0.0,803.44,footwear,1,40.58,upi,3,5.0,desktop,evening,0,1
ORD104555,181,3,0.1683,2401.22,sports,3,9.93,upi,4,3.0,mobile,late_night,0,0
ORD104556,677,7,0.2377,492.39,home,3,5.41,netbanking,7,8.0,mobile,late_night,0,0
ORD104557,176,0,0.0,242.16,beauty,1,6.71,cod,2,1.0,mobile,morning,0,1
ORD104558,75,0,0.0,603.49,fashion,3,22.08,netbanking,4,5.0,desktop,afternoon,0,1
ORD104559,17,0,0.0,626.05,toys,2,14.05,card,4,4.0,desktop,morning,0,0
ORD104560,0,0,0.0,445.58,beauty,1,10.27,upi,5,3.0,mobile,evening,1,0
ORD104561,80,1,0.2147,2337.89,fashion,2,7.01,netbanking,7,6.0,desktop,evening,0,0
ORD104562,51,1,0.124,3008.8,electronics,5,9.06,cod,7,8.0,mobile,late_night,0,1
ORD104563,0,0,0.0,1891.43,footwear,3,25.55,card,7,8.0,mobile,evening,1,0
ORD104564,37,0,0.0,1190.99,home,2,18.16,card,3,3.0,mobile,morning,0,0
ORD104565,62,1,0.1901,1763.8,electronics,6,9.57,card,6,9.0,mobile,afternoon,0,0
ORD104566,139,4,0.206,49.15,grocery,2,40.89,upi,4,5.0,tablet,morning,0,0
ORD104567,47,1,0.2305,896.18,home,2,6.18,upi,1,2.0,desktop,afternoon,0,0
ORD104568,222,1,0.1377,688.28,home,4,23.34,card,2,1.0,desktop,morning,0,0
ORD104569,138,1,0.2679,584.16,footwear,4,25.53,card,4,5.0,mobile,late_night,0,0
ORD104570,2088,16,0.2072,1867.64,sports,3,25.92,netbanking,7,9.0,desktop,morning,0,0
ORD104571,0,0,0.0,652.79,electronics,2,39.05,upi,4,5.0,mobile,morning,1,0
ORD104572,216,2,0.1389,1383.87,fashion,3,28.48,netbanking,1,5.0,mobile,afternoon,0,0
ORD104573,219,2,0.133,2564.42,electronics,4,26.17,card,1,1.0,desktop,afternoon,0,1
ORD104574,0,0,0.0,836.69,footwear,5,6.82,cod,5,4.0,mobile,late_night,1,1
ORD104575,201,1,0.4635,2904.39,electronics,3,44.49,upi,3,4.0,tablet,evening,0,1
ORD104576,0,0,0.0,81.26,grocery,3,26.39,card,2,2.0,mobile,evening,1,1
ORD104577,201,0,0.0,2137.59,electronics,3,24.46,netbanking,6,7.0,tablet,evening,0,0
ORD104578,831,10,0.496,301.32,home,3,18.11,card,5,4.0,desktop,evening,0,0
ORD104579,16,1,0.1877,363.5,grocery,3,34.43,card,6,6.0,mobile,afternoon,0,0
ORD104580,71,0,0.0,366.25,home,4,11.89,upi,3,1.0,tablet,morning,0,0
ORD104581,0,0,0.0,161.71,grocery,4,14.79,card,1,5.0,mobile,afternoon,1,0
ORD104582,0,0,0.0,616.37,home,4,13.71,wallet,5,6.0,desktop,evening,1,0
ORD104583,0,0,0.0,1329.52,electronics,3,11.58,wallet,5,4.0,mobile,morning,1,0
ORD104584,703,9,0.2574,965.88,home,1,19.58,upi,3,2.0,mobile,afternoon,0,1
ORD104585,22,0,0.0,1501.9,sports,1,8.98,cod,7,10.0,mobile,late_night,0,1
ORD104586,434,3,0.5308,3397.38,fashion,6,39.82,card,5,5.0,mobile,afternoon,0,1
ORD104587,0,0,0.0,306.13,toys,2,20.11,card,7,14.0,mobile,evening,1,0
ORD104588,87,0,0.0,460.02,beauty,2,21.75,upi,2,1.0,mobile,evening,0,0
ORD104589,0,0,0.0,855.36,sports,2,54.11,card,7,7.0,mobile,afternoon,1,0
ORD104590,224,2,0.592,331.82,footwear,4,7.47,card,7,,desktop,afternoon,0,1
ORD104591,16,0,0.0,405.79,electronics,1,63.28,card,7,7.0,mobile,evening,0,0
ORD104592,275,2,0.2999,322.42,fashion,2,13.78,upi,3,1.0,desktop,afternoon,0,1
ORD104593,82,0,0.0,424.06,fashion,1,19.57,upi,5,13.0,mobile,evening,0,1
ORD104594,652,5,0.2212,640.03,home,1,9.4,wallet,2,2.0,desktop,evening,0,0
ORD104595,0,0,0.0,230.39,fashion,4,20.73,upi,5,4.0,mobile,late_night,1,0
ORD104596,93,1,0.2183,337.71,beauty,5,59.75,card,6,7.0,desktop,late_night,0,0
ORD104597,946,7,0.2755,737.93,home,3,25.87,netbanking,4,3.0,desktop,morning,0,0
ORD104598,509,2,0.344,481.5,sports,2,32.62,card,4,1.0,desktop,afternoon,0,0
ORD104599,72,0,0.0,1535.32,sports,3,34.74,upi,2,1.0,tablet,evening,0,0
ORD104600,153,2,0.1536,483.4,electronics,5,10.35,card,1,2.0,desktop,afternoon,0,0
ORD104601,0,0,0.0,1099.55,sports,2,32.93,upi,3,4.0,mobile,evening,1,0
ORD104602,0,0,0.0,533.75,fashion,2,11.04,upi,6,6.0,mobile,evening,1,0
ORD104603,125,1,0.1688,295.82,grocery,3,16.62,card,5,5.0,mobile,morning,0,0
ORD104604,188,2,0.3179,559.03,beauty,1,0.63,netbanking,2,5.0,desktop,evening,0,0
ORD104605,56,2,0.0384,1967.94,electronics,2,30.65,card,7,6.0,mobile,evening,0,1
ORD104606,0,0,0.0,123.91,toys,3,18.64,netbanking,7,6.0,desktop,afternoon,1,1
ORD104607,235,0,0.0,1339.73,electronics,2,30.41,card,6,5.0,mobile,morning,0,0
ORD104608,20,1,0.0703,1159.16,home,5,62.58,wallet,3,6.0,desktop,late_night,0,0
ORD104609,0,0,0.0,593.39,beauty,5,8.12,cod,2,2.0,mobile,afternoon,1,0
ORD104610,0,0,0.0,398.79,footwear,5,28.22,card,5,4.0,tablet,afternoon,1,1
ORD104611,29,0,0.0,294.24,fashion,2,18.06,cod,3,4.0,desktop,morning,0,1
ORD104612,289,1,0.1295,415.75,grocery,6,7.8,card,7,6.0,mobile,afternoon,0,0
ORD104613,141,1,0.183,981.52,footwear,3,21.9,upi,2,2.0,mobile,evening,0,0
ORD104614,136,1,0.0694,327.55,footwear,1,17.51,upi,4,2.0,tablet,afternoon,0,1
ORD104615,42,1,0.4146,283.53,footwear,5,15.08,wallet,5,7.0,mobile,afternoon,0,0
ORD104616,88,0,0.0,209.24,grocery,2,2.88,card,6,5.0,mobile,late_night,0,0
ORD104617,274,3,0.2533,919.13,electronics,3,38.76,upi,3,7.0,mobile,evening,0,0
ORD104618,171,1,0.0508,300.15,grocery,3,48.64,card,3,4.0,desktop,evening,0,0
ORD104619,448,4,0.277,2114.13,home,1,31.74,netbanking,5,4.0,mobile,late_night,0,0
ORD104620,524,5,0.1012,342.27,home,4,34.46,upi,4,3.0,desktop,afternoon,0,0
ORD104621,0,0,0.0,432.92,toys,4,37.7,upi,2,1.0,desktop,afternoon,1,0
ORD104622,23,0,0.0,237.18,beauty,1,3.65,cod,5,5.0,desktop,afternoon,0,0
ORD104623,0,0,0.0,1149.34,footwear,2,18.74,card,5,4.0,mobile,afternoon,1,0
ORD104624,162,1,0.1603,1563.35,sports,2,9.66,card,1,1.0,mobile,late_night,0,0
ORD104625,77,0,0.0,824.12,electronics,4,69.56,wallet,6,6.0,mobile,afternoon,0,0
ORD104626,0,0,0.0,1742.04,home,3,3.26,upi,2,3.0,mobile,evening,1,1
ORD104627,195,1,0.0666,2772.56,electronics,2,11.04,cod,7,8.0,mobile,evening,0,0
ORD104628,2626,21,0.1221,239.14,grocery,3,4.58,wallet,6,5.0,mobile,afternoon,0,0
ORD104629,105,1,0.1128,1358.35,home,1,59.48,wallet,3,4.0,mobile,evening,0,0
ORD104630,180,3,0.1524,592.9,electronics,3,21.06,card,2,1.0,desktop,afternoon,0,0
ORD104631,42,0,0.0,1529.66,beauty,2,28.82,wallet,7,5.0,tablet,evening,0,0
ORD104632,711,7,0.2707,836.55,home,2,40.14,cod,4,5.0,desktop,evening,0,0
ORD104633,474,1,0.3661,1456.17,fashion,5,12.37,upi,6,10.0,desktop,morning,0,0
ORD104634,439,4,0.4942,264.29,beauty,5,15.01,cod,7,7.0,mobile,late_night,0,1
ORD104635,808,12,0.2446,199.11,fashion,3,20.68,upi,5,5.0,desktop,evening,0,1
ORD104636,113,1,0.02,1207.82,sports,2,9.57,card,4,3.0,mobile,afternoon,0,0
ORD104637,129,2,0.1982,159.35,grocery,2,13.79,card,4,3.0,mobile,afternoon,0,0
ORD104638,1188,14,0.4302,988.53,electronics,2,39.19,card,6,5.0,mobile,late_night,0,1
ORD104639,363,5,0.0905,711.8,fashion,3,17.7,card,7,7.0,mobile,evening,0,0
ORD104640,15,0,0.0,2759.77,electronics,2,14.77,card,5,5.0,mobile,evening,0,0
ORD104641,298,4,0.1643,515.05,beauty,4,5.57,card,1,2.0,mobile,afternoon,0,0
ORD104642,95,1,0.2764,980.1,toys,3,22.7,upi,1,1.0,desktop,late_night,0,0
ORD104643,486,3,0.3528,232.23,grocery,1,2.93,upi,6,5.0,desktop,afternoon,0,1
ORD104644,284,3,0.2881,693.02,grocery,3,11.63,card,6,6.0,desktop,morning,0,0
ORD104645,0,0,0.0,1070.07,fashion,3,3.38,upi,7,7.0,mobile,afternoon,1,0
ORD104646,0,0,0.0,312.41,footwear,2,14.35,netbanking,3,3.0,mobile,evening,1,0
ORD104647,228,2,0.3015,417.04,grocery,2,8.48,card,5,4.0,desktop,evening,0,1
ORD104648,270,2,0.0629,1564.65,electronics,3,34.1,cod,1,3.0,tablet,evening,0,0
ORD104649,341,2,0.1544,267.44,toys,3,11.72,cod,4,4.0,desktop,afternoon,0,0
ORD104650,0,0,0.0,897.29,fashion,2,29.95,wallet,7,9.0,desktop,morning,1,0
ORD104651,0,0,0.0,537.81,beauty,1,36.95,upi,4,5.0,mobile,afternoon,1,0
ORD104652,185,1,0.0606,1273.82,home,3,10.62,card,6,7.0,desktop,evening,0,0
ORD104653,640,5,0.6129,123.3,grocery,2,18.41,upi,4,3.0,mobile,morning,0,0
ORD104654,2136,16,0.2895,143.3,footwear,3,10.32,wallet,5,6.0,mobile,late_night,0,1
ORD104655,0,0,0.0,522.23,footwear,3,14.81,upi,7,7.0,mobile,evening,1,1
ORD104656,0,0,0.0,655.05,home,2,6.54,card,7,13.0,mobile,evening,1,0
ORD104657,291,0,0.0,555.51,beauty,3,71.91,upi,3,2.0,desktop,late_night,0,0
ORD104658,240,1,0.2875,100.02,footwear,2,31.55,upi,1,1.0,mobile,evening,0,0
ORD104659,185,2,0.4516,722.84,toys,3,13.13,netbanking,1,1.0,mobile,afternoon,0,0
ORD104660,1961,18,0.2673,823.26,toys,3,12.08,card,3,4.0,mobile,afternoon,0,0
ORD104661,0,0,0.0,1106.85,fashion,4,45.29,card,6,5.0,mobile,evening,1,1
ORD104662,645,2,0.2708,834.78,toys,1,74.09,upi,7,6.0,desktop,evening,0,0
ORD104663,157,3,0.125,400.77,sports,4,40.62,wallet,5,5.0,desktop,morning,0,0
ORD104664,35,0,0.0,360.14,footwear,1,46.34,cod,1,6.0,mobile,afternoon,0,1
ORD104665,147,1,0.3693,403.82,toys,6,11.98,upi,6,5.0,desktop,late_night,0,0
ORD104666,0,0,0.0,715.45,home,2,15.07,upi,3,3.0,mobile,evening,1,0
ORD104667,342,0,0.0,136.9,grocery,1,27.58,netbanking,5,6.0,mobile,late_night,0,1
ORD104668,0,0,0.0,451.76,beauty,1,34.39,card,1,1.0,mobile,evening,1,1
ORD104669,58,0,0.0,2121.43,electronics,1,27.33,card,5,5.0,desktop,afternoon,0,0
ORD104670,914,11,0.3678,340.01,grocery,1,4.38,netbanking,3,4.0,mobile,morning,0,0
ORD104671,601,2,0.1618,298.14,grocery,4,30.29,upi,6,7.0,mobile,evening,0,0
ORD104672,1037,6,0.115,356.35,grocery,2,17.11,card,6,,desktop,evening,0,0
ORD104673,235,5,0.1759,228.29,grocery,3,22.02,card,6,7.0,desktop,evening,0,0
ORD104674,174,2,0.1514,594.08,beauty,4,57.34,upi,6,7.0,desktop,morning,0,0
ORD104675,393,4,0.3351,1092.86,home,1,21.77,card,6,7.0,desktop,afternoon,0,1
ORD104676,96,0,0.0,908.36,electronics,5,17.9,cod,7,7.0,tablet,morning,0,1
ORD104677,209,1,0.1092,1746.55,toys,2,44.57,wallet,2,4.0,desktop,morning,0,0
ORD104678,149,2,0.2523,799.25,grocery,3,13.94,wallet,2,1.0,mobile,morning,0,0
ORD104679,0,0,0.0,784.27,toys,4,7.7,cod,2,2.0,mobile,afternoon,1,1
ORD104680,0,0,0.0,1376.48,fashion,3,6.04,card,6,5.0,mobile,evening,1,1
ORD104681,111,0,0.0,1980.8,electronics,3,29.29,upi,7,7.0,mobile,late_night,0,0
ORD104682,138,0,0.0,1254.14,electronics,2,32.2,card,4,4.0,mobile,afternoon,0,0
ORD104683,270,3,0.2308,1068.93,toys,4,33.18,netbanking,4,4.0,tablet,morning,0,0
ORD104684,0,0,0.0,1964.12,electronics,4,17.11,netbanking,7,8.0,desktop,afternoon,1,0
ORD104685,71,0,0.0,1500.16,sports,4,39.68,card,7,8.0,mobile,late_night,0,0
ORD104686,125,3,0.2066,826.7,grocery,3,11.02,upi,4,5.0,mobile,evening,0,0
ORD104687,78,0,0.0,166.76,toys,1,22.57,upi,3,,tablet,late_night,0,0
ORD104688,0,0,0.0,876.56,fashion,2,2.89,upi,2,2.0,mobile,morning,1,0
ORD104689,94,0,0.0,488.83,sports,1,16.76,card,3,4.0,mobile,afternoon,0,0
ORD104690,146,2,0.3333,1449.14,electronics,1,40.24,card,7,7.0,mobile,late_night,0,0
ORD104691,345,1,0.2539,372.31,fashion,2,19.2,netbanking,4,4.0,mobile,afternoon,0,0
ORD104692,257,4,0.0896,963.47,beauty,1,49.92,card,7,11.0,mobile,evening,0,0
ORD104693,0,0,0.0,689.4,toys,2,19.23,card,4,10.0,mobile,morning,1,1
ORD104694,752,6,0.376,296.34,grocery,3,8.5,upi,6,5.0,desktop,evening,0,1
ORD104695,512,3,0.0865,96.14,grocery,1,15.05,wallet,4,3.0,desktop,morning,0,0
ORD104696,67,0,0.0,636.27,sports,2,24.95,netbanking,6,7.0,mobile,afternoon,0,0
ORD104697,696,6,0.3128,663.19,sports,2,44.12,upi,7,7.0,desktop,morning,0,0
ORD104698,259,2,0.2964,615.45,toys,2,26.8,wallet,7,6.0,mobile,afternoon,0,0
ORD104699,152,0,0.0,210.32,grocery,6,18.45,upi,2,5.0,mobile,late_night,0,0
ORD104700,0,0,0.0,1306.75,electronics,3,58.15,upi,3,1.0,mobile,evening,1,1
ORD104701,176,1,0.1163,154.74,home,4,12.52,upi,3,4.0,desktop,evening,0,0
ORD104702,330,2,0.0633,1631.61,home,3,1.78,upi,5,4.0,desktop,evening,0,0
ORD104703,222,3,0.1352,372.09,home,3,21.96,upi,2,1.0,mobile,morning,0,0
ORD104704,125,0,0.0,174.02,grocery,1,6.23,wallet,2,2.0,mobile,evening,0,0
ORD104705,19,0,0.0,1327.69,sports,1,5.98,cod,6,7.0,mobile,morning,0,1
ORD104706,323,3,0.3667,1305.62,footwear,2,27.27,upi,2,2.0,mobile,late_night,0,1
ORD104707,120,0,0.0,286.28,grocery,3,21.17,upi,2,3.0,desktop,afternoon,0,0
ORD104708,426,2,0.1216,547.51,beauty,4,5.76,card,6,7.0,desktop,evening,0,1
ORD104709,307,2,0.3175,551.03,grocery,2,18.34,netbanking,1,1.0,mobile,late_night,0,0
ORD104710,0,0,0.0,135.93,home,1,15.91,card,4,9.0,desktop,morning,1,0
ORD104711,558,3,0.1321,522.91,grocery,4,31.94,upi,4,,desktop,afternoon,0,0
ORD104712,227,1,0.243,93.36,beauty,4,28.4,card,6,11.0,desktop,afternoon,0,0
ORD104713,0,0,0.0,337.62,beauty,3,28.34,upi,4,3.0,tablet,evening,1,1
ORD104714,155,3,0.1009,1227.89,sports,3,22.86,upi,7,7.0,mobile,afternoon,0,0
ORD104715,1155,5,0.374,320.6,fashion,2,2.49,upi,3,7.0,desktop,afternoon,0,1
ORD104716,82,0,0.0,1407.04,electronics,4,18.91,card,1,4.0,desktop,afternoon,0,0
ORD104717,127,2,0.1009,45.64,beauty,4,7.83,upi,3,3.0,mobile,late_night,0,0
ORD104718,46,1,0.3397,650.09,electronics,3,55.42,netbanking,1,2.0,desktop,evening,0,1
ORD104719,403,0,0.0,479.7,home,1,33.85,card,1,2.0,mobile,afternoon,0,0
ORD104720,95,1,0.2321,805.03,electronics,3,42.86,upi,6,6.0,mobile,evening,0,0
ORD104721,108,2,0.2384,251.84,grocery,3,19.73,upi,1,3.0,tablet,evening,0,0
ORD104722,102,0,0.0,2101.83,fashion,6,26.74,netbanking,1,1.0,mobile,late_night,0,0
ORD104723,194,1,0.3105,1524.73,home,3,2.23,upi,6,12.0,mobile,late_night,0,0
ORD104724,45,0,0.0,783.5,beauty,5,66.62,netbanking,6,7.0,desktop,morning,0,0
ORD104725,15,1,0.1581,2221.74,electronics,4,18.31,card,6,7.0,desktop,morning,0,0
ORD104726,0,0,0.0,232.22,fashion,3,41.47,card,1,1.0,mobile,evening,1,1
ORD104727,17,0,0.0,2087.06,sports,3,26.44,card,2,3.0,desktop,afternoon,0,1
ORD104728,463,2,0.1922,2097.51,electronics,3,4.41,wallet,4,4.0,desktop,afternoon,0,0
ORD104729,1006,13,0.1788,1313.01,sports,3,7.66,upi,2,3.0,mobile,evening,0,0
ORD104730,151,0,0.0,1603.52,sports,2,7.24,cod,2,2.0,mobile,afternoon,0,0
ORD104731,0,0,0.0,901.08,fashion,2,32.83,card,5,4.0,mobile,morning,1,0
ORD104732,176,6,0.1375,543.93,beauty,4,26.16,upi,6,7.0,mobile,evening,0,0
ORD104733,1052,21,0.1632,909.3,electronics,2,10.11,upi,3,3.0,mobile,evening,0,0
ORD104734,0,0,0.0,342.72,footwear,1,18.06,cod,5,5.0,desktop,late_night,1,0
ORD104735,13,1,0.0356,413.4,home,4,38.29,card,3,2.0,mobile,evening,0,1
ORD104736,166,2,0.1264,109.68,home,2,3.84,card,3,2.0,mobile,late_night,0,0
ORD104737,1186,11,0.0874,343.68,toys,3,13.96,card,2,2.0,desktop,morning,0,0
ORD104738,326,1,0.1303,614.15,beauty,2,23.72,card,1,1.0,desktop,morning,0,0
ORD104739,102,0,0.0,614.93,grocery,5,23.42,netbanking,5,5.0,desktop,morning,0,0
ORD104740,260,2,0.3259,168.63,grocery,5,7.11,cod,1,2.0,tablet,morning,0,0
ORD104741,527,5,0.3241,587.26,fashion,1,20.6,cod,7,7.0,mobile,late_night,0,1
ORD104742,164,2,0.3296,1131.02,electronics,1,42.6,upi,4,7.0,mobile,late_night,0,0
ORD104743,3000,28,0.0552,493.44,beauty,3,22.42,wallet,1,3.0,mobile,evening,0,0
ORD104744,102,1,0.5011,107.88,grocery,3,4.66,upi,4,3.0,desktop,evening,0,0
ORD104745,546,4,0.4516,194.21,grocery,5,61.85,wallet,6,8.0,mobile,evening,0,0
ORD104746,419,3,0.1426,281.21,toys,1,59.87,card,7,6.0,desktop,evening,0,0
ORD104747,83,1,0.4109,659.6,beauty,3,4.95,card,1,1.0,mobile,evening,0,0
ORD104748,0,0,0.0,191.89,fashion,3,7.65,card,2,2.0,desktop,afternoon,1,0
ORD104749,555,5,0.3231,2108.41,electronics,3,5.21,upi,4,6.0,mobile,afternoon,0,0
ORD104750,212,1,0.1987,809.23,beauty,2,13.31,card,3,5.0,desktop,evening,0,0
ORD104751,262,2,0.4788,153.67,beauty,2,28.58,netbanking,1,,desktop,evening,0,0
ORD104752,29,1,0.2794,410.26,fashion,2,19.87,upi,3,2.0,tablet,morning,0,0
ORD104753,373,5,0.557,470.79,home,2,9.17,card,6,9.0,mobile,afternoon,0,0
ORD104754,0,0,0.0,2850.04,sports,1,5.23,card,5,5.0,mobile,evening,1,0
ORD104755,168,0,0.0,1687.66,fashion,3,37.92,cod,7,9.0,mobile,evening,0,1
ORD104756,269,2,0.0639,3182.83,electronics,1,1.96,card,3,6.0,mobile,evening,0,0
ORD104757,0,0,0.0,580.92,beauty,3,8.35,upi,5,8.0,mobile,afternoon,1,0
ORD104758,94,3,0.2423,1761.35,sports,4,27.05,upi,4,8.0,desktop,morning,0,0
ORD104759,0,0,0.0,997.44,fashion,2,25.37,cod,7,7.0,mobile,afternoon,1,0
ORD104760,108,0,0.0,1567.96,toys,2,17.66,card,2,2.0,tablet,afternoon,0,0
ORD104761,1995,13,0.331,1740.71,electronics,4,19.73,card,5,4.0,desktop,late_night,0,0
ORD104762,0,0,0.0,299.73,electronics,3,17.24,wallet,2,2.0,mobile,late_night,1,0
ORD104763,62,0,0.0,1197.25,electronics,3,0.53,cod,2,3.0,mobile,evening,0,0
ORD104764,1702,13,0.1522,753.61,toys,3,43.08,wallet,4,4.0,mobile,afternoon,0,0
ORD104765,112,0,0.0,585.12,footwear,3,34.02,card,7,7.0,mobile,evening,0,0
ORD104766,187,3,0.039,1522.5,fashion,1,3.35,upi,7,7.0,desktop,late_night,0,1
ORD104767,486,5,0.4523,163.7,grocery,3,38.94,card,3,3.0,desktop,afternoon,0,0
ORD104768,20,0,0.0,966.39,toys,2,20.9,upi,4,5.0,mobile,afternoon,0,0
ORD104769,139,0,0.0,263.87,footwear,2,9.88,upi,2,2.0,mobile,morning,0,1
ORD104770,96,2,0.1078,1208.78,sports,3,18.36,wallet,6,8.0,mobile,morning,0,0
ORD104771,227,2,0.4,542.01,sports,1,37.91,card,4,5.0,mobile,evening,0,0
ORD104772,272,4,0.225,259.46,fashion,6,31.82,card,7,8.0,mobile,late_night,0,0
ORD104773,166,1,0.2272,635.2,fashion,3,5.37,wallet,6,7.0,tablet,evening,0,0
ORD104774,158,0,0.0,722.11,electronics,1,13.86,card,6,6.0,mobile,late_night,0,0
ORD104775,585,5,0.4035,756.39,beauty,3,10.09,card,7,6.0,desktop,afternoon,0,0
ORD104776,252,3,0.2025,514.06,fashion,2,15.1,upi,2,2.0,mobile,afternoon,0,0
ORD104777,189,4,0.1029,470.84,beauty,2,36.12,upi,3,4.0,mobile,evening,0,0
ORD104778,213,2,0.1983,495.47,toys,3,3.52,wallet,1,1.0,desktop,evening,0,0
ORD104779,1365,12,0.2694,1309.05,home,4,56.84,upi,4,4.0,mobile,evening,0,1
ORD104780,219,0,0.0,406.67,fashion,3,9.11,card,4,9.0,mobile,evening,0,0
ORD104781,0,0,0.0,1609.8,footwear,1,10.41,card,7,9.0,desktop,afternoon,1,1
ORD104782,0,0,0.0,1844.8,beauty,4,21.01,card,1,2.0,mobile,morning,1,0
ORD104783,37,0,0.0,203.1,beauty,4,36.24,card,4,6.0,desktop,afternoon,0,1
ORD104784,0,0,0.0,2019.38,fashion,3,19.33,wallet,3,2.0,desktop,afternoon,1,0
ORD104785,0,0,0.0,299.86,beauty,2,7.94,upi,1,1.0,mobile,evening,1,1
ORD104786,98,0,0.0,1187.17,electronics,3,35.14,cod,7,6.0,mobile,late_night,0,0
ORD104787,266,3,0.5399,1196.46,fashion,2,23.67,card,5,4.0,mobile,evening,0,0
ORD104788,96,1,0.089,406.77,home,5,1.9,upi,4,3.0,tablet,morning,0,0
ORD104789,66,0,0.0,670.88,beauty,2,44.59,cod,6,7.0,tablet,evening,0,0
ORD104790,355,2,0.2159,1081.03,footwear,2,4.28,upi,3,4.0,desktop,evening,0,0
ORD104791,817,5,0.3507,279.5,grocery,2,23.78,upi,6,5.0,mobile,afternoon,0,0
ORD104792,53,1,0.5811,612.1,fashion,3,44.21,card,5,6.0,mobile,late_night,0,1
ORD104793,0,0,0.0,505.2,footwear,1,22.92,card,6,5.0,mobile,afternoon,1,0
ORD104794,22,0,0.0,1463.43,home,4,30.64,upi,6,7.0,mobile,late_night,0,0
ORD104795,35,0,0.0,672.24,home,4,70.19,wallet,4,4.0,desktop,morning,0,0
ORD104796,94,1,0.6154,961.06,beauty,1,8.89,wallet,2,5.0,mobile,late_night,0,0
ORD104797,631,4,0.2822,3766.61,electronics,3,40.79,card,6,5.0,desktop,evening,0,0
ORD104798,0,0,0.0,265.42,footwear,4,52.88,upi,1,2.0,mobile,morning,1,0
ORD104799,73,0,0.0,378.55,sports,1,15.84,upi,2,2.0,desktop,evening,0,0
ORD104800,188,5,0.1698,580.78,fashion,6,34.72,upi,4,6.0,desktop,afternoon,0,0
ORD104801,188,5,0.0975,342.46,fashion,5,0.89,card,1,1.0,mobile,morning,0,0
ORD104802,76,1,0.5091,544.55,home,2,21.14,netbanking,3,3.0,desktop,late_night,0,0
ORD104803,1611,7,0.3919,373.42,fashion,2,12.79,upi,1,4.0,mobile,late_night,0,0
ORD104804,0,0,0.0,1698.82,beauty,1,11.58,card,1,1.0,mobile,evening,1,0
ORD104805,205,0,0.0,983.1,beauty,1,5.13,card,7,6.0,tablet,morning,0,1
ORD104806,116,0,0.0,489.12,home,2,37.81,wallet,1,2.0,mobile,afternoon,0,0
ORD104807,294,2,0.1111,438.13,electronics,4,19.14,upi,6,5.0,mobile,evening,0,0
ORD104808,705,8,0.1347,295.87,beauty,2,19.13,netbanking,2,2.0,tablet,late_night,0,0
ORD104809,1130,9,0.0331,179.75,beauty,5,3.14,netbanking,1,1.0,mobile,evening,0,0
ORD104810,78,0,0.0,2776.14,electronics,2,30.83,card,6,5.0,desktop,evening,0,0
ORD104811,608,2,0.0894,689.65,fashion,3,21.74,card,4,6.0,desktop,evening,0,1
ORD104812,331,3,0.1771,441.95,fashion,5,21.39,card,1,1.0,tablet,afternoon,0,0
ORD104813,0,0,0.0,415.37,beauty,4,8.82,card,6,6.0,mobile,afternoon,1,1
ORD104814,163,2,0.291,393.0,home,2,24.49,cod,5,3.0,mobile,evening,0,0
ORD104815,147,2,0.4487,374.41,beauty,2,35.95,upi,1,7.0,mobile,afternoon,0,1
ORD104816,507,4,0.1486,2072.62,fashion,5,19.53,upi,6,4.0,mobile,evening,0,0
ORD104817,518,4,0.1762,590.72,sports,3,38.18,cod,6,9.0,mobile,evening,0,1
ORD104818,1014,9,0.4228,945.33,home,3,46.5,upi,3,2.0,mobile,morning,0,0
ORD104819,225,1,0.3079,424.63,footwear,2,62.57,card,6,5.0,mobile,evening,0,0
ORD104820,161,3,0.3268,419.8,footwear,1,36.51,card,5,4.0,desktop,afternoon,0,0
ORD104821,12,0,0.0,918.86,toys,3,29.61,wallet,4,3.0,mobile,afternoon,0,0
ORD104822,30,0,0.0,277.88,fashion,4,16.39,wallet,5,8.0,tablet,afternoon,0,0
ORD104823,117,1,0.0878,581.83,fashion,1,29.47,card,5,5.0,mobile,evening,0,0
ORD104824,53,0,0.0,158.92,grocery,2,62.42,card,4,2.0,mobile,morning,0,0
ORD104825,443,4,0.3454,2499.14,sports,2,13.2,upi,6,7.0,desktop,evening,0,0
ORD104826,42,0,0.0,543.03,home,2,44.63,upi,5,,desktop,late_night,0,0
ORD104827,104,2,0.5526,271.62,fashion,3,6.72,card,5,4.0,desktop,afternoon,0,0
ORD104828,0,0,0.0,393.77,beauty,2,33.9,upi,2,2.0,desktop,afternoon,1,1
ORD104829,0,0,0.0,1513.31,electronics,2,27.12,upi,2,4.0,mobile,late_night,1,1
ORD104830,92,1,0.0795,2055.98,sports,3,59.05,netbanking,1,2.0,mobile,late_night,0,0
ORD104831,298,3,0.1633,350.44,toys,3,11.32,cod,4,6.0,mobile,morning,0,0
ORD104832,224,2,0.1452,691.56,toys,3,14.65,card,7,9.0,mobile,evening,0,0
ORD104833,489,2,0.3342,328.15,fashion,1,25.57,netbanking,1,1.0,mobile,evening,0,0
ORD104834,461,2,0.3918,2044.06,sports,1,59.45,card,5,6.0,desktop,morning,0,0
ORD104835,0,0,0.0,817.73,beauty,2,9.62,wallet,5,9.0,desktop,evening,1,0
ORD104836,28,1,0.1244,975.1,fashion,2,3.9,card,2,2.0,mobile,morning,0,0
ORD104837,140,1,0.0995,526.86,grocery,4,15.86,cod,6,4.0,mobile,evening,0,0
ORD104838,177,2,0.352,1144.72,sports,3,7.37,upi,3,3.0,mobile,late_night,0,0
ORD104839,248,1,0.1059,1831.0,electronics,3,63.87,card,3,5.0,mobile,late_night,0,0
ORD104840,0,0,0.0,197.33,beauty,2,10.86,wallet,2,4.0,mobile,evening,1,0
ORD104841,635,6,0.2539,1056.3,electronics,1,13.5,upi,2,1.0,mobile,afternoon,0,0
ORD104842,184,0,0.0,795.88,beauty,4,10.62,upi,1,2.0,desktop,evening,0,0
ORD104843,65,0,0.0,1550.24,home,4,14.54,cod,5,6.0,mobile,morning,0,0
ORD104844,109,2,0.1593,1231.81,fashion,2,17.99,upi,1,1.0,desktop,afternoon,0,0
ORD104845,1512,9,0.255,489.47,fashion,1,54.09,card,6,6.0,desktop,afternoon,0,0
ORD104846,376,0,0.0,951.39,grocery,3,57.66,cod,5,7.0,mobile,afternoon,0,1
ORD104847,574,2,0.3148,651.91,footwear,3,0.61,card,5,6.0,tablet,evening,0,0
ORD104848,57,0,0.0,2331.23,electronics,3,48.61,card,2,2.0,mobile,evening,0,1
ORD104849,84,0,0.0,3595.51,toys,2,61.68,netbanking,2,1.0,desktop,evening,0,1
ORD104850,85,1,0.5734,359.13,toys,2,10.78,upi,2,2.0,tablet,late_night,0,1
ORD104851,222,2,0.4493,729.38,beauty,2,5.35,card,3,,mobile,afternoon,0,1
ORD104852,0,0,0.0,586.65,electronics,3,31.68,upi,3,2.0,desktop,evening,1,0
ORD104853,105,0,0.0,510.36,fashion,2,24.2,cod,1,,mobile,afternoon,0,1
ORD104854,121,0,0.0,1115.02,footwear,3,13.65,netbanking,6,9.0,mobile,late_night,0,0
ORD104855,0,0,0.0,619.83,sports,5,2.56,cod,1,1.0,desktop,afternoon,1,1
ORD104856,148,0,0.0,453.07,beauty,3,9.39,card,7,6.0,tablet,afternoon,0,0
ORD104857,616,5,0.1983,1980.81,electronics,3,24.0,card,1,4.0,mobile,evening,0,0
ORD104858,34,1,0.4902,1069.28,sports,4,34.21,card,1,1.0,mobile,morning,0,0
ORD104859,265,0,0.0,188.4,home,1,41.83,cod,7,12.0,desktop,morning,0,0
ORD104860,827,6,0.0645,8124.58,electronics,1,15.81,upi,3,3.0,mobile,morning,0,0
ORD104861,0,0,0.0,304.43,fashion,2,15.06,card,4,3.0,mobile,late_night,1,0
ORD104862,101,0,0.0,376.62,fashion,2,0.62,upi,2,3.0,desktop,evening,0,0
ORD104863,501,6,0.2717,141.58,beauty,1,0.96,card,3,4.0,tablet,evening,0,0
ORD104864,61,1,0.0909,321.9,fashion,4,43.85,upi,2,3.0,mobile,afternoon,0,1
ORD104865,176,3,0.4189,629.49,fashion,1,40.96,card,3,2.0,desktop,afternoon,0,1
ORD104866,57,0,0.0,1902.96,sports,2,20.23,upi,1,1.0,mobile,afternoon,0,0
ORD104867,23,0,0.0,280.97,beauty,2,11.92,card,1,1.0,desktop,afternoon,0,0
ORD104868,153,2,0.1755,551.99,toys,2,19.51,card,2,1.0,tablet,afternoon,0,1
ORD104869,45,0,0.0,897.06,footwear,4,14.46,card,4,4.0,desktop,afternoon,0,0
ORD104870,178,3,0.0212,422.64,sports,2,25.57,wallet,7,6.0,desktop,morning,0,0
ORD104871,618,7,0.5546,77.81,grocery,2,5.63,wallet,7,,mobile,evening,0,0
ORD104872,1393,7,0.3991,836.11,electronics,3,19.45,card,4,4.0,mobile,afternoon,0,0
ORD104873,200,0,0.0,1266.2,toys,6,7.96,card,3,3.0,desktop,late_night,0,0
ORD104874,556,11,0.1583,363.86,fashion,1,23.5,card,5,5.0,desktop,evening,0,0
ORD104875,281,2,0.0525,295.71,toys,2,24.17,upi,4,5.0,desktop,afternoon,0,0
ORD104876,118,1,0.0544,536.65,beauty,1,5.61,card,6,3.0,desktop,afternoon,0,0
ORD104877,21,0,0.0,1315.02,home,4,32.18,card,1,1.0,mobile,late_night,0,0
ORD104878,1084,13,0.5886,220.11,toys,4,23.57,wallet,4,2.0,mobile,evening,0,0
ORD104879,57,0,0.0,1054.58,fashion,1,57.89,card,1,1.0,mobile,morning,0,0
ORD104880,829,7,0.2469,1181.82,home,5,20.0,card,6,8.0,mobile,evening,0,0
ORD104881,327,3,0.2957,558.2,home,7,13.3,cod,1,1.0,desktop,morning,0,0
ORD104882,61,0,0.0,169.03,fashion,1,33.32,card,3,4.0,mobile,late_night,0,0
ORD104883,255,3,0.103,1214.34,footwear,2,11.99,card,4,4.0,mobile,evening,0,0
ORD104884,0,0,0.0,888.83,footwear,1,4.39,cod,7,7.0,desktop,late_night,1,0
ORD104885,0,0,0.0,789.12,footwear,3,13.6,cod,4,4.0,mobile,morning,1,0
ORD104886,103,1,0.0538,105.15,grocery,4,5.88,netbanking,5,4.0,desktop,afternoon,0,0
ORD104887,82,0,0.0,4418.13,sports,3,20.45,upi,1,1.0,mobile,afternoon,0,1
ORD104888,202,3,0.2718,204.46,beauty,2,46.78,upi,2,3.0,mobile,afternoon,0,0
ORD104889,0,0,0.0,565.96,home,4,10.32,upi,7,11.0,mobile,evening,1,0
ORD104890,678,9,0.1824,1640.82,home,3,61.29,upi,2,2.0,mobile,afternoon,0,0
ORD104891,408,6,0.6273,667.14,fashion,5,41.28,cod,5,5.0,mobile,evening,0,1
ORD104892,28,0,0.0,318.53,grocery,3,8.05,upi,4,4.0,mobile,afternoon,0,0
ORD104893,300,5,0.3139,389.08,sports,1,10.64,netbanking,3,8.0,desktop,evening,0,0
ORD104894,148,1,0.6629,652.4,electronics,1,32.13,upi,1,1.0,desktop,afternoon,0,0
ORD104895,188,0,0.0,820.73,fashion,3,73.4,upi,4,3.0,desktop,evening,0,1
ORD104896,238,2,0.0151,209.78,grocery,3,8.42,upi,4,6.0,desktop,morning,0,0
ORD104897,677,3,0.1869,1058.13,grocery,3,3.26,upi,7,6.0,mobile,afternoon,0,0
ORD104898,0,0,0.0,277.65,fashion,2,11.58,card,6,5.0,desktop,late_night,1,0
ORD104899,0,0,0.0,529.52,footwear,1,6.58,card,4,5.0,desktop,morning,1,0
ORD104900,169,0,0.0,1850.57,electronics,2,17.59,upi,3,,mobile,afternoon,0,0
ORD104901,110,0,0.0,1188.26,electronics,2,22.29,upi,6,7.0,desktop,evening,0,0
ORD104902,28,1,0.3954,931.72,electronics,2,26.61,upi,7,7.0,mobile,afternoon,0,0
ORD104903,0,0,0.0,447.09,beauty,3,41.33,card,3,2.0,mobile,late_night,1,0
ORD104904,1379,12,0.2465,2043.63,toys,3,62.02,wallet,3,2.0,mobile,morning,0,1
ORD104905,27,0,0.0,270.28,beauty,3,10.72,card,4,6.0,mobile,evening,0,0
ORD104906,0,0,0.0,228.96,footwear,2,2.05,card,3,5.0,mobile,evening,1,0
ORD104907,170,1,0.0864,940.53,fashion,1,6.18,netbanking,5,7.0,mobile,afternoon,0,1
ORD104908,248,4,0.3282,716.57,sports,3,26.04,card,5,8.0,mobile,afternoon,0,0
ORD104909,62,2,0.4666,311.48,fashion,2,14.97,card,2,4.0,mobile,late_night,0,1
ORD104910,37,1,0.4558,1431.61,sports,2,7.0,netbanking,2,6.0,mobile,afternoon,0,1
ORD104911,39,0,0.0,1190.9,home,3,11.5,card,7,8.0,mobile,evening,0,0
ORD104912,783,6,0.1417,398.59,fashion,2,18.95,upi,2,4.0,tablet,evening,0,0
ORD104913,0,0,0.0,222.81,footwear,6,72.32,upi,2,6.0,mobile,evening,1,1
ORD104914,104,2,0.0808,816.76,beauty,2,37.23,upi,7,6.0,desktop,evening,0,0
ORD104915,0,0,0.0,443.75,footwear,1,55.85,upi,6,11.0,mobile,afternoon,1,1
ORD104916,80,0,0.0,1121.43,sports,2,36.72,card,1,2.0,mobile,evening,0,1
ORD104917,264,0,0.0,587.96,fashion,1,39.38,netbanking,6,6.0,desktop,afternoon,0,0
ORD104918,0,0,0.0,2356.05,electronics,1,12.13,card,1,1.0,mobile,evening,1,0
ORD104919,554,6,0.0904,1950.78,electronics,3,33.7,upi,1,1.0,mobile,afternoon,0,0
ORD104920,41,2,0.1279,722.89,grocery,5,13.24,card,5,4.0,mobile,late_night,0,0
ORD104921,82,1,0.4426,1488.69,sports,3,41.7,card,4,4.0,mobile,evening,0,0
ORD104922,252,1,0.2672,237.04,sports,2,36.51,card,1,1.0,tablet,morning,0,1
ORD104923,0,0,0.0,1298.69,electronics,1,4.73,upi,7,7.0,desktop,afternoon,1,0
ORD104924,78,1,0.0089,481.53,beauty,2,15.3,card,4,,mobile,late_night,0,0
ORD104925,105,3,0.1062,713.28,sports,2,7.49,card,7,8.0,desktop,afternoon,0,0
ORD104926,287,1,0.1885,667.38,grocery,1,14.64,wallet,1,6.0,mobile,morning,0,1
ORD104927,358,2,0.2805,904.3,fashion,2,8.93,upi,2,3.0,desktop,evening,0,1
ORD104928,383,2,0.1781,251.23,sports,4,20.53,netbanking,7,7.0,mobile,afternoon,0,0
ORD104929,71,2,0.1711,677.7,home,1,29.12,upi,5,4.0,desktop,evening,0,0
ORD104930,100,1,0.1666,1712.44,electronics,4,13.08,card,2,4.0,desktop,evening,0,0
ORD104931,229,0,0.0,376.81,fashion,3,62.34,upi,2,3.0,desktop,afternoon,0,1
ORD104932,0,0,0.0,825.89,toys,3,6.48,card,4,4.0,desktop,evening,1,0
ORD104933,139,1,0.4586,1404.34,sports,2,13.5,card,6,6.0,mobile,evening,0,0
ORD104934,176,3,0.5193,672.91,toys,1,22.03,wallet,4,3.0,desktop,afternoon,0,0
ORD104935,58,0,0.0,1222.31,footwear,3,11.55,upi,1,2.0,desktop,evening,0,0
ORD104936,1407,13,0.0783,1684.9,fashion,3,9.69,upi,2,2.0,mobile,morning,0,0
ORD104937,214,3,0.1644,1310.12,footwear,3,4.87,card,7,8.0,desktop,evening,0,0
ORD104938,593,5,0.1245,1291.41,footwear,2,10.03,card,6,10.0,desktop,evening,0,1
ORD104939,187,1,0.1262,1668.13,electronics,4,1.3,upi,6,10.0,mobile,morning,0,1
ORD104940,0,0,0.0,587.6,home,1,26.11,card,3,4.0,desktop,evening,1,0
ORD104941,34,0,0.0,4000.86,sports,5,27.55,netbanking,4,9.0,mobile,morning,0,0
ORD104942,17,0,0.0,2258.88,electronics,3,12.79,card,3,2.0,desktop,morning,0,1
ORD104943,0,0,0.0,374.15,footwear,4,66.07,card,4,8.0,desktop,evening,1,1
ORD104944,197,1,0.0748,696.11,footwear,3,3.72,upi,2,2.0,mobile,late_night,0,1
ORD104945,0,0,0.0,345.33,beauty,5,40.28,cod,4,4.0,desktop,evening,1,0
ORD104946,45,0,0.0,787.21,beauty,2,29.71,card,4,3.0,mobile,afternoon,0,0
ORD104947,0,0,0.0,708.43,home,5,22.64,wallet,2,1.0,tablet,late_night,1,0
ORD104948,583,0,0.0,99.98,grocery,3,4.77,netbanking,3,2.0,tablet,afternoon,0,0
ORD104949,1229,11,0.3442,996.62,fashion,2,4.5,upi,3,2.0,desktop,afternoon,0,0
ORD104950,91,0,0.0,303.54,beauty,3,20.7,card,6,8.0,desktop,morning,0,1
ORD104951,379,6,0.2178,87.74,beauty,4,24.05,upi,4,3.0,desktop,afternoon,0,1
ORD104952,223,3,0.1471,970.38,toys,2,6.08,upi,2,5.0,mobile,evening,0,0
ORD104953,0,0,0.0,293.36,footwear,2,31.72,card,1,1.0,mobile,late_night,1,0
ORD104954,1390,11,0.1307,846.08,electronics,4,20.21,netbanking,2,,mobile,evening,0,0
ORD104955,110,0,0.0,933.07,home,1,19.17,cod,1,1.0,desktop,late_night,0,1
ORD104956,0,0,0.0,973.12,home,2,23.77,upi,5,6.0,desktop,afternoon,1,0
ORD104957,275,4,0.2747,1156.23,electronics,1,18.82,card,2,1.0,mobile,evening,0,0
ORD104958,177,0,0.0,1139.02,home,3,28.17,netbanking,4,3.0,tablet,morning,0,0
ORD104959,819,6,0.5154,1321.6,footwear,2,14.07,upi,7,5.0,desktop,morning,0,1
ORD104960,249,7,0.2602,887.62,electronics,4,16.33,upi,3,8.0,tablet,morning,0,0
ORD104961,163,1,0.1618,1005.26,sports,2,37.93,card,2,2.0,mobile,evening,0,0
ORD104962,826,9,0.2497,805.33,footwear,2,46.92,upi,2,5.0,desktop,evening,0,1
ORD104963,716,3,0.2979,1528.44,fashion,1,29.6,cod,5,5.0,desktop,evening,0,1
ORD104964,680,8,0.0829,766.81,fashion,2,28.0,card,6,6.0,desktop,late_night,0,0
ORD104965,2,1,0.2696,80.78,grocery,1,1.62,wallet,7,8.0,mobile,afternoon,0,0
ORD104966,294,2,0.0442,2214.13,beauty,3,1.0,card,4,6.0,mobile,afternoon,0,0
ORD104967,228,5,0.6207,791.3,footwear,3,13.98,card,2,6.0,desktop,evening,0,0
ORD104968,174,1,0.0398,2011.63,electronics,1,66.62,cod,3,4.0,mobile,afternoon,0,1
ORD104969,354,5,0.0727,678.26,footwear,3,14.08,upi,6,4.0,desktop,late_night,0,0
ORD104970,241,1,0.2551,353.76,grocery,3,8.86,cod,2,1.0,desktop,late_night,0,0
ORD104971,382,5,0.1235,885.51,fashion,2,25.5,upi,5,4.0,desktop,evening,0,1
ORD104972,134,0,0.0,501.61,grocery,3,38.31,upi,5,3.0,mobile,evening,0,0
ORD104973,0,0,0.0,1506.52,electronics,2,28.18,card,7,7.0,mobile,evening,1,0
ORD104974,427,2,0.2841,164.45,home,2,33.26,card,3,7.0,mobile,afternoon,0,0
ORD104975,329,4,0.3868,214.4,grocery,5,10.98,netbanking,3,3.0,mobile,evening,0,0
ORD104976,312,5,0.0437,752.41,home,5,11.07,card,6,7.0,desktop,evening,0,0
ORD104977,647,5,0.16,1034.9,electronics,2,0.18,netbanking,1,2.0,desktop,afternoon,0,0
ORD104978,0,0,0.0,782.5,electronics,1,21.48,cod,7,10.0,desktop,afternoon,1,0
ORD104979,0,0,0.0,623.62,home,4,1.76,card,7,7.0,mobile,evening,1,0
ORD104980,0,0,0.0,1323.41,footwear,3,23.53,card,2,1.0,mobile,morning,1,1
ORD104981,219,2,0.0871,2083.3,electronics,2,45.83,cod,7,6.0,mobile,afternoon,0,0
ORD104982,1493,7,0.2792,338.0,home,2,19.63,card,4,3.0,mobile,late_night,0,0
ORD104983,606,4,0.0393,212.9,footwear,6,13.66,wallet,2,2.0,mobile,afternoon,0,0
ORD104984,91,0,0.0,126.55,beauty,2,11.96,upi,6,7.0,desktop,morning,0,1
ORD104985,2353,19,0.1248,860.2,footwear,2,51.45,card,3,8.0,mobile,afternoon,0,1
ORD104986,17,0,0.0,151.34,beauty,3,12.05,card,1,2.0,mobile,evening,0,1
ORD104987,365,6,0.2555,613.28,fashion,2,7.7,upi,4,5.0,mobile,morning,0,0
ORD104988,0,0,0.0,1370.59,home,2,1.8,cod,5,8.0,mobile,afternoon,1,1
ORD104989,1437,13,0.1813,381.63,grocery,2,10.74,card,1,1.0,desktop,morning,0,0
ORD104990,239,3,0.3676,1304.15,electronics,2,9.97,card,1,1.0,desktop,afternoon,0,0
ORD104991,0,0,0.0,858.03,grocery,1,3.98,card,4,2.0,mobile,afternoon,1,0
ORD104992,135,1,0.1848,1082.49,electronics,1,16.52,card,3,2.0,mobile,evening,0,0
ORD104993,82,0,0.0,316.95,grocery,2,45.89,card,2,4.0,mobile,afternoon,0,0
ORD104994,129,0,0.0,385.75,toys,3,6.04,card,7,7.0,mobile,morning,0,0
ORD104995,126,2,0.101,564.87,fashion,4,15.82,card,3,1.0,mobile,morning,0,0
ORD104996,79,1,0.209,1280.48,footwear,1,9.17,card,7,7.0,mobile,evening,0,0
ORD104997,243,0,0.0,1473.15,sports,3,11.47,upi,4,2.0,tablet,afternoon,0,0
ORD104998,278,2,0.3799,181.95,fashion,1,26.87,wallet,1,1.0,desktop,morning,0,0
ORD104999,60,1,0.2398,315.55,fashion,4,10.72,card,3,4.0,tablet,evening,0,0
ORD105000,29,0,0.0,1156.48,fashion,3,6.92,cod,3,4.0,mobile,late_night,0,1
ORD105001,255,1,0.4232,287.87,footwear,1,12.71,upi,5,4.0,desktop,evening,0,0
ORD105002,325,2,0.1732,212.21,beauty,2,49.95,upi,3,8.0,desktop,evening,0,0
ORD105003,404,4,0.1655,915.86,footwear,3,43.82,cod,6,5.0,mobile,morning,0,0
ORD105004,332,1,0.2492,1847.33,sports,4,24.77,card,4,10.0,mobile,afternoon,0,0
ORD105005,1022,8,0.1946,1561.67,home,2,42.84,upi,3,4.0,tablet,morning,0,1
ORD105006,542,4,0.2659,139.78,beauty,1,13.4,card,6,7.0,mobile,afternoon,0,0
ORD105007,3000,20,0.1958,594.85,footwear,5,6.56,cod,6,4.0,desktop,afternoon,0,0
ORD105008,3000,24,0.131,330.74,beauty,4,22.34,cod,2,2.0,desktop,late_night,0,0
ORD105009,26,0,0.0,1086.72,electronics,2,45.59,upi,6,8.0,tablet,morning,0,0
ORD105010,16,0,0.0,310.51,sports,2,17.92,upi,7,7.0,mobile,evening,0,0
ORD105011,179,1,0.3224,1311.76,toys,3,24.19,card,3,5.0,mobile,evening,0,0
ORD105012,315,1,0.3038,597.68,fashion,2,31.61,upi,6,7.0,desktop,afternoon,0,0
ORD105013,166,1,0.1745,835.34,electronics,1,11.98,upi,2,1.0,mobile,afternoon,0,0
ORD105014,393,1,0.1291,2126.98,electronics,1,7.3,upi,5,4.0,tablet,afternoon,0,1
ORD105015,134,0,0.0,766.52,home,4,6.9,wallet,4,2.0,mobile,morning,0,1
ORD105016,84,0,0.0,517.54,grocery,3,13.88,card,2,4.0,desktop,evening,0,0
ORD105017,99,1,0.5097,357.01,toys,3,9.84,card,3,3.0,desktop,evening,0,0
ORD105018,145,2,0.0393,318.35,beauty,2,24.17,wallet,2,3.0,mobile,evening,0,1
ORD105019,458,3,0.0885,293.38,grocery,4,25.35,card,2,7.0,mobile,evening,0,0
ORD105020,0,0,0.0,2685.6,electronics,3,21.43,netbanking,1,1.0,mobile,morning,1,1
ORD105021,0,0,0.0,326.88,fashion,2,10.2,card,6,5.0,tablet,evening,1,1
ORD105022,0,0,0.0,243.84,fashion,6,22.53,netbanking,2,9.0,desktop,afternoon,1,1
ORD105023,145,1,0.2234,929.5,fashion,1,5.67,card,7,7.0,tablet,afternoon,0,0
ORD105024,619,6,0.3112,352.08,grocery,2,20.05,card,7,7.0,mobile,late_night,0,0
ORD105025,65,0,0.0,749.46,footwear,1,7.94,card,4,4.0,mobile,morning,0,0
ORD105026,51,0,0.0,306.69,grocery,2,30.63,upi,2,3.0,mobile,evening,0,0
ORD105027,253,4,0.2622,665.34,fashion,2,10.82,card,1,1.0,mobile,afternoon,0,0
ORD105028,282,2,0.3149,744.76,grocery,2,36.9,wallet,4,9.0,tablet,morning,0,0
ORD105029,70,1,0.1287,503.02,beauty,3,32.04,upi,3,9.0,mobile,morning,0,0
ORD105030,794,2,0.3162,1453.55,electronics,3,27.61,card,1,1.0,desktop,evening,0,0
ORD105031,0,0,0.0,245.44,toys,4,10.82,upi,3,6.0,desktop,evening,1,0
ORD105032,90,0,0.0,221.47,grocery,1,3.61,upi,6,4.0,tablet,morning,0,0
ORD105033,930,5,0.207,748.24,toys,2,5.92,wallet,5,9.0,mobile,evening,0,0
ORD105034,13,1,0.1871,487.36,grocery,2,36.67,card,7,6.0,tablet,late_night,0,0
ORD105035,592,6,0.1933,234.48,fashion,4,5.61,card,2,3.0,mobile,evening,0,1
ORD105036,0,0,0.0,1618.51,home,4,8.32,upi,7,8.0,desktop,evening,1,1
ORD105037,530,5,0.3185,799.73,home,2,17.43,cod,5,5.0,mobile,evening,0,0
ORD105038,0,0,0.0,2635.82,toys,3,56.12,upi,3,4.0,mobile,afternoon,1,1
ORD105039,168,1,0.2488,1699.94,footwear,2,30.75,wallet,7,,mobile,evening,0,0
ORD105040,74,3,0.1576,637.12,footwear,3,24.23,card,2,1.0,mobile,late_night,0,0
ORD105041,143,0,0.0,287.29,fashion,2,8.01,card,2,2.0,mobile,morning,0,0
ORD105042,1356,17,0.0616,420.87,home,4,40.4,netbanking,6,9.0,desktop,morning,0,0
ORD105043,160,0,0.0,446.23,fashion,2,25.57,card,4,4.0,desktop,evening,0,1
ORD105044,1847,24,0.4755,1518.77,beauty,3,18.46,card,6,8.0,desktop,afternoon,0,0
ORD105045,0,0,0.0,521.01,fashion,3,12.1,wallet,6,4.0,desktop,afternoon,1,1
ORD105046,935,6,0.2671,752.07,fashion,3,26.16,wallet,2,2.0,mobile,morning,0,0
ORD105047,0,0,0.0,583.97,fashion,5,32.72,wallet,2,1.0,tablet,afternoon,1,1
ORD105048,132,0,0.0,750.05,home,3,11.74,cod,7,7.0,desktop,morning,0,0
ORD105049,0,0,0.0,534.44,footwear,3,8.96,card,6,,mobile,evening,1,1
ORD105050,983,6,0.1368,1793.46,fashion,1,9.96,upi,7,4.0,desktop,late_night,0,0
ORD105051,222,1,0.3816,1311.2,footwear,3,1.94,upi,4,4.0,mobile,evening,0,1
ORD105052,18,0,0.0,105.43,grocery,2,80.44,netbanking,6,6.0,mobile,evening,0,1
ORD105053,42,0,0.0,202.36,fashion,2,10.28,card,5,5.0,tablet,late_night,0,0
ORD105054,0,0,0.0,1264.65,footwear,3,18.82,upi,7,6.0,desktop,afternoon,1,0
ORD105055,506,2,0.2364,1522.84,footwear,4,8.87,upi,3,3.0,mobile,evening,0,0
ORD105056,439,4,0.3145,375.32,footwear,1,10.26,wallet,7,10.0,desktop,afternoon,0,1
ORD105057,130,1,0.4407,530.51,footwear,3,9.5,card,2,1.0,tablet,morning,0,1
ORD105058,99,0,0.0,3564.98,electronics,4,21.0,card,4,4.0,desktop,morning,0,0
ORD105059,398,2,0.272,449.26,grocery,1,24.61,upi,5,5.0,tablet,morning,0,0
ORD105060,52,0,0.0,432.32,beauty,2,25.86,card,3,4.0,desktop,evening,0,1
ORD105061,299,0,0.0,2470.91,electronics,3,27.49,upi,4,6.0,tablet,evening,0,0
ORD105062,273,4,0.1302,242.25,grocery,3,2.48,upi,5,11.0,mobile,afternoon,0,0
ORD105063,134,0,0.0,1250.05,electronics,5,29.86,cod,3,3.0,desktop,afternoon,0,0
ORD105064,0,0,0.0,1828.58,home,2,21.36,upi,2,2.0,mobile,afternoon,1,0
ORD105065,202,3,0.0738,272.43,beauty,3,37.59,netbanking,7,6.0,mobile,afternoon,0,0
ORD105066,313,4,0.1473,624.87,home,3,11.03,upi,3,3.0,desktop,evening,0,0
ORD105067,41,0,0.0,5461.67,electronics,1,12.23,upi,6,6.0,desktop,late_night,0,0
ORD105068,356,3,0.354,396.47,footwear,5,43.79,card,5,4.0,mobile,evening,0,1
ORD105069,560,5,0.1118,1393.73,beauty,1,31.33,netbanking,1,1.0,mobile,morning,0,0
ORD105070,258,4,0.4455,1884.07,electronics,6,5.3,netbanking,2,4.0,desktop,evening,0,0
ORD105071,351,2,0.2015,435.86,beauty,1,33.26,card,6,12.0,mobile,evening,0,0
ORD105072,160,0,0.0,2398.38,electronics,2,7.92,netbanking,2,3.0,desktop,late_night,0,0
ORD105073,483,4,0.1795,520.97,grocery,1,14.49,card,6,7.0,desktop,evening,0,0
ORD105074,0,0,0.0,2443.6,sports,3,27.04,card,2,2.0,desktop,late_night,1,0
ORD105075,51,2,0.1103,804.42,sports,3,24.63,card,6,5.0,desktop,morning,0,0
ORD105076,446,6,0.1474,889.94,fashion,3,29.39,card,5,6.0,desktop,late_night,0,0
ORD105077,30,0,0.0,635.54,home,3,17.12,card,6,6.0,mobile,afternoon,0,0
ORD105078,247,1,0.2099,1135.41,electronics,2,22.06,card,5,4.0,desktop,afternoon,0,0
ORD105079,118,1,0.1379,709.39,fashion,1,4.68,netbanking,1,3.0,mobile,late_night,0,1
ORD105080,110,0,0.0,847.85,toys,2,22.26,card,6,5.0,desktop,afternoon,0,0
ORD105081,219,2,0.1409,227.85,beauty,2,3.15,upi,7,7.0,mobile,afternoon,0,0
ORD105082,83,0,0.0,283.9,home,1,20.57,upi,3,4.0,desktop,afternoon,0,0
ORD105083,318,5,0.1448,459.94,sports,2,22.65,upi,7,,mobile,evening,0,0
ORD105084,0,0,0.0,310.32,beauty,1,26.64,card,3,2.0,mobile,morning,1,1
ORD105085,91,0,0.0,2314.42,sports,1,35.33,upi,2,2.0,desktop,late_night,0,1
ORD105086,0,0,0.0,240.55,beauty,2,18.28,card,6,5.0,mobile,afternoon,1,1
ORD105087,227,3,0.1847,921.6,fashion,5,8.2,upi,3,4.0,mobile,evening,0,0
ORD105088,0,0,0.0,1439.96,fashion,1,64.56,card,2,2.0,desktop,evening,1,1
ORD105089,861,5,0.0797,295.26,toys,4,9.74,card,3,4.0,tablet,evening,0,1
ORD105090,845,5,0.3723,2248.57,home,1,32.28,upi,4,5.0,desktop,evening,0,0
ORD105091,343,0,0.0,2490.25,electronics,1,38.74,netbanking,5,7.0,mobile,morning,0,1
ORD105092,129,3,0.3043,220.32,beauty,2,21.0,upi,7,10.0,mobile,afternoon,0,1
ORD105093,37,0,0.0,658.68,home,1,37.92,upi,5,6.0,mobile,afternoon,0,0
ORD105094,0,0,0.0,954.91,electronics,4,12.67,cod,6,7.0,desktop,evening,1,0
ORD105095,604,5,0.35,1387.25,electronics,3,38.48,upi,1,1.0,mobile,afternoon,0,0
ORD105096,267,1,0.1234,572.26,beauty,2,4.96,card,1,1.0,mobile,evening,0,0
ORD105097,4,0,0.0,274.44,beauty,5,9.59,card,2,6.0,mobile,evening,0,0
ORD105098,0,0,0.0,1214.45,sports,2,0.08,card,5,4.0,mobile,late_night,1,0
ORD105099,0,0,0.0,326.72,grocery,2,14.58,netbanking,5,,desktop,afternoon,1,0
ORD105100,130,0,0.0,137.17,grocery,2,20.37,upi,5,4.0,mobile,morning,0,0
ORD105101,537,5,0.4615,374.92,grocery,4,28.46,netbanking,3,3.0,mobile,evening,0,0
ORD105102,361,2,0.1494,1378.31,fashion,2,19.68,cod,1,1.0,mobile,afternoon,0,1
ORD105103,85,0,0.0,793.79,sports,1,7.08,card,4,,desktop,evening,0,0
ORD105104,0,0,0.0,1571.39,sports,1,37.89,wallet,7,7.0,mobile,afternoon,1,1
ORD105105,44,0,0.0,352.8,footwear,3,37.6,card,4,4.0,mobile,evening,0,0
ORD105106,170,2,0.4008,1485.84,toys,2,52.38,upi,5,6.0,desktop,morning,0,0
ORD105107,152,1,0.346,2540.45,electronics,2,26.72,netbanking,1,7.0,tablet,afternoon,0,0
ORD105108,73,0,0.0,473.56,grocery,3,51.65,upi,6,6.0,mobile,late_night,0,0
ORD105109,0,0,0.0,455.25,footwear,2,10.72,upi,4,3.0,mobile,late_night,1,1
ORD105110,766,7,0.1741,1541.97,sports,2,26.71,upi,1,7.0,desktop,evening,0,0
ORD105111,715,1,0.2993,676.69,toys,5,5.59,card,6,6.0,mobile,morning,0,0
ORD105112,401,7,0.2399,486.95,grocery,4,22.59,cod,7,7.0,desktop,morning,0,0
ORD105113,0,0,0.0,1619.51,fashion,2,61.23,upi,5,9.0,mobile,afternoon,1,1
ORD105114,41,2,0.2557,463.64,fashion,5,28.8,netbanking,4,5.0,mobile,evening,0,0
ORD105115,0,0,0.0,2158.99,home,4,56.07,netbanking,4,4.0,mobile,afternoon,1,1
ORD105116,174,3,0.4258,865.48,toys,3,1.39,upi,1,2.0,mobile,evening,0,0
ORD105117,104,0,0.0,319.3,footwear,2,40.3,wallet,2,3.0,mobile,late_night,0,0
ORD105118,1474,11,0.4616,2078.86,fashion,1,6.45,cod,3,2.0,mobile,evening,0,0
ORD105119,203,0,0.0,603.51,home,2,21.95,wallet,7,7.0,tablet,evening,0,0
ORD105120,329,4,0.4231,1094.56,sports,1,14.79,card,6,11.0,desktop,afternoon,0,1
ORD105121,537,5,0.5859,1128.25,sports,2,57.26,card,2,1.0,mobile,late_night,0,1
ORD105122,192,2,0.1496,486.96,sports,4,10.48,upi,5,3.0,mobile,morning,0,1
ORD105123,3000,18,0.1955,1609.98,home,6,16.36,upi,6,13.0,mobile,morning,0,1
ORD105124,64,1,0.4255,700.72,sports,2,21.74,netbanking,5,6.0,mobile,late_night,0,0
ORD105125,93,1,0.1488,390.13,sports,2,10.49,card,1,1.0,tablet,morning,0,0
ORD105126,64,0,0.0,289.05,toys,1,28.24,upi,7,11.0,mobile,morning,0,0
ORD105127,1011,11,0.025,247.15,home,5,20.97,cod,3,2.0,tablet,afternoon,0,0
ORD105128,0,0,0.0,288.28,footwear,2,24.48,wallet,2,2.0,desktop,morning,1,1
ORD105129,0,0,0.0,586.26,grocery,4,16.05,netbanking,2,2.0,desktop,evening,1,0
ORD105130,70,0,0.0,250.87,footwear,1,19.92,netbanking,2,5.0,mobile,evening,0,1
ORD105131,831,10,0.2445,2144.14,electronics,2,74.43,card,3,4.0,desktop,afternoon,0,0
ORD105132,269,3,0.1191,585.12,home,6,29.82,card,7,7.0,mobile,evening,0,0
ORD105133,855,5,0.2459,1093.47,toys,3,61.8,upi,2,1.0,mobile,late_night,0,0
ORD105134,0,0,0.0,866.93,home,4,23.7,upi,4,5.0,mobile,late_night,1,0
ORD105135,318,2,0.2199,284.01,fashion,3,6.09,card,1,2.0,mobile,evening,0,0
ORD105136,252,4,0.3089,662.33,beauty,3,2.58,upi,3,5.0,mobile,evening,0,0
ORD105137,91,1,0.2734,504.57,fashion,3,5.09,netbanking,3,2.0,mobile,afternoon,0,0
ORD105138,154,3,0.3397,1171.3,footwear,3,74.99,card,4,9.0,mobile,evening,0,0
ORD105139,0,0,0.0,827.66,fashion,3,30.15,upi,7,8.0,tablet,afternoon,1,0
ORD105140,312,3,0.4634,209.89,beauty,2,15.84,upi,5,9.0,mobile,morning,0,1
ORD105141,418,6,0.109,668.88,footwear,5,15.9,card,7,8.0,mobile,evening,0,0
ORD105142,538,4,0.1404,294.72,beauty,1,23.97,netbanking,5,4.0,mobile,evening,0,0
ORD105143,0,0,0.0,366.64,beauty,4,1.35,card,3,10.0,mobile,afternoon,1,0
ORD105144,157,1,0.4676,797.68,home,2,44.86,cod,7,7.0,tablet,morning,0,0
ORD105145,0,0,0.0,215.9,fashion,4,40.31,card,5,3.0,mobile,evening,1,1
ORD105146,0,0,0.0,811.68,fashion,3,18.61,upi,5,4.0,mobile,afternoon,1,1
ORD105147,834,8,0.3827,696.67,home,2,3.96,card,4,3.0,tablet,late_night,0,0
ORD105148,0,0,0.0,299.49,footwear,4,20.21,upi,7,6.0,mobile,evening,1,1
ORD105149,157,2,0.1471,388.94,home,3,5.0,card,2,5.0,desktop,evening,0,1
ORD105150,277,2,0.0323,130.02,beauty,1,20.11,upi,6,5.0,mobile,morning,0,0
ORD105151,424,4,0.3544,3436.32,home,4,32.94,card,2,6.0,desktop,afternoon,0,1
ORD105152,51,0,0.0,857.24,home,3,40.94,upi,7,6.0,mobile,afternoon,0,0
ORD105153,52,1,0.1163,1232.18,sports,4,22.59,cod,7,8.0,tablet,afternoon,0,0
ORD105154,43,0,0.0,1201.52,beauty,3,5.9,card,2,5.0,tablet,evening,0,0
ORD105155,160,6,0.0938,4943.52,footwear,5,50.81,netbanking,2,1.0,desktop,evening,0,1
ORD105156,125,0,0.0,444.61,footwear,3,18.18,upi,6,6.0,mobile,evening,0,0
ORD105157,37,0,0.0,659.65,sports,2,10.74,card,5,6.0,mobile,evening,0,0
ORD105158,213,1,0.2549,469.82,sports,4,17.63,upi,7,7.0,desktop,evening,0,0
ORD105159,163,1,0.2611,789.03,home,1,42.44,upi,2,2.0,desktop,afternoon,0,1
ORD105160,0,0,0.0,144.34,toys,4,20.87,netbanking,3,1.0,desktop,evening,1,0
ORD105161,0,0,0.0,1095.79,beauty,3,20.07,card,7,8.0,mobile,late_night,1,0
ORD105162,299,2,0.2388,934.47,fashion,1,6.34,netbanking,6,6.0,mobile,evening,0,0
ORD105163,84,0,0.0,253.21,grocery,3,3.8,upi,6,,mobile,evening,0,0
ORD105164,369,3,0.3911,605.03,electronics,2,8.42,wallet,6,6.0,mobile,morning,0,0
ORD105165,183,5,0.1036,1202.72,beauty,2,6.46,card,6,6.0,mobile,morning,0,0
ORD105166,139,0,0.0,376.23,toys,1,1.99,netbanking,3,3.0,desktop,afternoon,0,0
ORD105167,70,0,0.0,2964.44,home,3,2.77,card,6,4.0,mobile,evening,0,0
ORD105168,108,2,0.1003,356.37,beauty,1,36.84,upi,4,5.0,desktop,late_night,0,0
ORD105169,149,2,0.1644,308.75,grocery,4,37.69,upi,5,6.0,desktop,late_night,0,0
ORD105170,439,1,0.293,122.42,grocery,1,43.83,card,6,6.0,mobile,evening,0,0
ORD105171,318,2,0.2712,1024.58,beauty,2,41.13,cod,1,1.0,desktop,evening,0,0
ORD105172,0,0,0.0,204.67,fashion,2,16.31,cod,3,4.0,mobile,evening,1,1
ORD105173,380,2,0.0879,884.55,toys,4,39.43,cod,2,3.0,tablet,morning,0,0
ORD105174,289,1,0.3012,1157.5,beauty,4,11.32,cod,5,4.0,mobile,morning,0,0
ORD105175,129,2,0.2816,274.91,home,2,6.35,netbanking,1,3.0,mobile,evening,0,1
ORD105176,57,0,0.0,986.63,toys,3,37.38,card,1,2.0,desktop,afternoon,0,1
ORD105177,96,0,0.0,4626.11,electronics,4,4.85,card,7,8.0,mobile,morning,0,0
ORD105178,83,2,0.1582,894.99,fashion,1,11.82,cod,7,7.0,mobile,morning,0,0
ORD105179,10,0,0.0,1108.79,footwear,4,3.8,upi,3,3.0,mobile,morning,0,0
ORD105180,59,0,0.0,1250.14,sports,3,26.37,upi,3,3.0,mobile,late_night,0,1
ORD105181,1056,10,0.202,308.16,grocery,6,10.44,card,6,7.0,desktop,evening,0,0
ORD105182,271,2,0.1703,430.54,home,1,8.03,upi,4,3.0,mobile,morning,0,0
ORD105183,119,3,0.6477,495.34,toys,2,8.54,card,7,12.0,mobile,morning,0,0
ORD105184,280,2,0.12,416.22,toys,3,34.79,netbanking,2,4.0,mobile,evening,0,1
ORD105185,0,0,0.0,1094.56,grocery,2,30.19,cod,2,1.0,desktop,evening,1,0
ORD105186,247,0,0.0,911.86,sports,4,32.35,upi,7,7.0,mobile,evening,0,0
ORD105187,738,7,0.1593,934.66,sports,4,41.5,wallet,4,3.0,mobile,evening,0,0
ORD105188,0,0,0.0,1006.94,home,3,37.96,cod,1,1.0,desktop,evening,1,0
ORD105189,25,0,0.0,604.82,beauty,2,6.98,card,1,1.0,mobile,evening,0,0
ORD105190,114,0,0.0,555.55,sports,1,14.43,wallet,5,8.0,tablet,afternoon,0,1
ORD105191,740,4,0.3252,1001.27,toys,3,33.14,upi,3,1.0,mobile,afternoon,0,0
ORD105192,240,5,0.1063,833.73,home,4,52.37,upi,5,6.0,tablet,afternoon,0,0
ORD105193,38,0,0.0,1229.31,footwear,3,3.02,upi,3,5.0,mobile,evening,0,0
ORD105194,0,0,0.0,390.81,footwear,4,8.86,card,5,3.0,mobile,afternoon,1,1
ORD105195,0,0,0.0,601.49,fashion,3,0.36,wallet,4,5.0,mobile,morning,1,0
ORD105196,138,1,0.3468,1873.56,fashion,5,11.62,card,4,5.0,desktop,evening,0,1
ORD105197,57,0,0.0,1184.28,grocery,2,15.21,card,3,5.0,desktop,afternoon,0,0
ORD105198,57,0,0.0,1410.37,home,3,25.25,upi,5,9.0,desktop,afternoon,0,1
ORD105199,110,0,0.0,403.42,home,1,66.37,card,4,3.0,mobile,evening,0,0
ORD105200,364,1,0.1018,182.37,fashion,3,37.1,cod,6,5.0,mobile,evening,0,0
ORD105201,749,8,0.3482,1409.77,home,2,1.43,card,2,2.0,desktop,evening,0,0
ORD105202,118,2,0.2039,2650.38,fashion,2,17.91,card,3,1.0,mobile,evening,0,0
ORD105203,59,1,0.1469,224.37,grocery,2,22.95,upi,5,8.0,desktop,evening,0,0
ORD105204,306,5,0.271,838.0,sports,2,25.78,upi,1,1.0,mobile,afternoon,0,0
ORD105205,316,2,0.184,625.0,toys,4,10.24,upi,7,8.0,mobile,afternoon,0,0
ORD105206,236,0,0.0,4286.57,footwear,4,15.65,netbanking,6,7.0,mobile,morning,0,0
ORD105207,0,0,0.0,504.91,beauty,1,21.61,card,4,6.0,mobile,evening,1,0
ORD105208,160,1,0.1502,851.71,footwear,1,4.12,netbanking,5,5.0,mobile,evening,0,0
ORD105209,201,2,0.4261,681.46,home,4,21.91,card,4,4.0,desktop,evening,0,0
ORD105210,148,1,0.1504,955.33,home,3,1.49,card,4,3.0,mobile,evening,0,0
ORD105211,588,6,0.0404,1631.32,footwear,2,65.72,netbanking,4,3.0,mobile,afternoon,0,1
ORD105212,0,0,0.0,564.15,home,2,21.37,upi,2,3.0,desktop,evening,1,0
ORD105213,0,0,0.0,866.82,beauty,3,12.75,upi,3,8.0,tablet,afternoon,1,0
ORD105214,179,0,0.0,893.48,beauty,1,10.77,card,2,1.0,mobile,morning,0,0
ORD105215,240,2,0.1947,424.99,footwear,3,20.82,upi,5,4.0,mobile,evening,0,1
ORD105216,87,1,0.0084,1164.48,fashion,5,38.35,upi,5,6.0,mobile,evening,0,0
ORD105217,420,5,0.2425,1248.64,grocery,5,6.76,netbanking,2,3.0,mobile,afternoon,0,0
ORD105218,294,3,0.1441,188.88,beauty,4,44.48,cod,4,7.0,tablet,late_night,0,0
ORD105219,114,1,0.0686,800.47,home,3,13.93,upi,5,10.0,mobile,morning,0,1
ORD105220,488,6,0.3445,531.69,beauty,3,16.08,upi,1,2.0,desktop,afternoon,0,0
ORD105221,185,0,0.0,678.81,toys,4,16.18,upi,7,6.0,tablet,late_night,0,1
ORD105222,62,1,0.6592,874.92,electronics,5,7.68,upi,6,6.0,desktop,morning,0,0
ORD105223,266,1,0.1597,369.25,home,4,46.89,netbanking,3,5.0,desktop,morning,0,0
ORD105224,235,1,0.0286,528.86,home,3,26.25,wallet,7,9.0,mobile,afternoon,0,0
ORD105225,521,5,0.4382,475.32,beauty,4,20.09,card,2,1.0,desktop,evening,0,0
ORD105226,452,6,0.2954,638.34,home,1,22.77,card,1,3.0,desktop,afternoon,0,0
ORD105227,160,1,0.2336,543.06,grocery,2,16.08,cod,7,10.0,desktop,evening,0,0
ORD105228,107,0,0.0,3959.64,electronics,3,33.74,card,7,8.0,tablet,morning,0,0
ORD105229,181,2,0.0611,364.12,fashion,2,21.83,netbanking,1,1.0,desktop,evening,0,0
ORD105230,0,0,0.0,838.76,fashion,3,13.25,wallet,3,5.0,mobile,afternoon,1,0
ORD105231,0,0,0.0,712.2,fashion,3,26.91,card,4,4.0,mobile,afternoon,1,0
ORD105232,252,1,0.2059,3944.7,fashion,2,20.45,card,3,7.0,mobile,morning,0,0
ORD105233,164,0,0.0,713.51,sports,3,43.02,card,2,2.0,desktop,afternoon,0,0
ORD105234,542,5,0.4296,393.49,grocery,4,34.28,wallet,2,4.0,desktop,morning,0,0
ORD105235,86,0,0.0,3579.88,home,2,19.51,upi,7,7.0,mobile,morning,0,1
ORD105236,2772,21,0.2552,183.1,footwear,2,24.45,card,2,3.0,mobile,late_night,0,0
ORD105237,419,0,0.0,830.77,grocery,6,3.91,cod,5,6.0,desktop,late_night,0,1
ORD105238,52,2,0.5792,623.12,sports,6,29.67,upi,6,5.0,desktop,evening,0,0
ORD105239,222,0,0.0,614.1,electronics,3,18.1,card,7,9.0,desktop,evening,0,0
ORD105240,424,2,0.2351,2115.23,electronics,3,27.5,card,7,6.0,mobile,evening,0,0
ORD105241,123,1,0.093,595.94,toys,1,17.93,upi,1,1.0,mobile,morning,0,1
ORD105242,34,0,0.0,2618.58,electronics,1,21.67,upi,6,13.0,mobile,evening,0,0
ORD105243,57,1,0.3332,876.68,toys,2,39.92,cod,6,10.0,mobile,morning,0,1
ORD105244,329,4,0.1673,686.2,footwear,2,14.99,card,3,7.0,desktop,evening,0,0
ORD105245,26,1,0.3503,3291.04,sports,2,71.12,upi,4,6.0,mobile,morning,0,1
ORD105246,36,0,0.0,1765.69,fashion,4,18.73,upi,3,2.0,mobile,afternoon,0,0
ORD105247,327,1,0.1253,405.95,grocery,3,60.9,wallet,1,2.0,tablet,evening,0,0
ORD105248,141,1,0.5896,2188.89,electronics,5,7.45,wallet,2,2.0,mobile,afternoon,0,0
ORD105249,0,0,0.0,678.85,grocery,2,11.9,card,3,2.0,desktop,evening,1,0
ORD105250,105,0,0.0,764.54,footwear,3,33.51,card,5,5.0,desktop,morning,0,0
ORD105251,35,1,0.6034,188.29,beauty,3,12.39,card,4,4.0,desktop,afternoon,0,0
ORD105252,308,7,0.3388,827.17,home,3,38.62,card,2,2.0,mobile,evening,0,1
ORD105253,0,0,0.0,1347.85,electronics,2,2.4,card,3,3.0,desktop,morning,1,0
ORD105254,100,1,0.2307,981.99,home,2,20.44,cod,6,8.0,desktop,late_night,0,0
ORD105255,0,0,0.0,422.23,sports,2,48.7,netbanking,4,6.0,mobile,evening,1,1
ORD105256,136,0,0.0,142.42,grocery,1,28.36,card,7,8.0,mobile,late_night,0,0
ORD105257,83,0,0.0,1498.35,fashion,2,15.3,cod,2,2.0,mobile,morning,0,0
ORD105258,20,0,0.0,1019.31,sports,1,7.99,netbanking,7,9.0,mobile,afternoon,0,0
ORD105259,271,3,0.3335,244.74,grocery,1,12.84,card,2,2.0,mobile,evening,0,1
ORD105260,197,0,0.0,552.9,footwear,2,0.44,cod,7,7.0,mobile,afternoon,0,1
ORD105261,102,1,0.4497,870.94,sports,2,11.72,upi,2,1.0,mobile,morning,0,0
ORD105262,57,0,0.0,1009.79,home,4,30.28,cod,6,6.0,mobile,afternoon,0,0
ORD105263,0,0,0.0,282.07,home,3,21.54,cod,6,6.0,tablet,morning,1,1
ORD105264,307,2,0.015,566.03,footwear,3,34.42,card,6,6.0,desktop,late_night,0,0
ORD105265,201,0,0.0,1118.02,sports,2,32.28,cod,3,2.0,mobile,afternoon,0,1
ORD105266,1098,2,0.0734,1553.54,electronics,1,26.0,upi,7,8.0,mobile,late_night,0,1
ORD105267,0,0,0.0,132.79,beauty,2,58.6,card,3,3.0,desktop,late_night,1,1
ORD105268,0,0,0.0,457.46,beauty,1,25.1,cod,4,4.0,mobile,afternoon,1,0
ORD105269,408,6,0.2366,292.41,grocery,1,13.01,card,3,1.0,desktop,evening,0,0
ORD105270,0,0,0.0,415.14,fashion,3,67.27,wallet,6,6.0,mobile,evening,1,1
ORD105271,0,0,0.0,470.99,home,2,37.34,card,1,3.0,mobile,evening,1,0
ORD105272,0,0,0.0,862.68,footwear,2,20.33,upi,3,2.0,mobile,evening,1,0
ORD105273,0,0,0.0,729.08,fashion,4,23.15,upi,7,6.0,tablet,afternoon,1,0
ORD105274,185,0,0.0,1246.63,home,2,16.26,card,5,3.0,desktop,late_night,0,0
ORD105275,670,5,0.1576,3867.07,home,1,27.77,card,3,3.0,mobile,morning,0,0
ORD105276,254,2,0.1147,1347.88,home,3,31.89,upi,2,1.0,tablet,afternoon,0,0
ORD105277,120,0,0.0,1040.11,electronics,3,17.47,card,6,11.0,desktop,afternoon,0,0
ORD105278,27,0,0.0,4165.87,electronics,7,12.0,cod,3,6.0,desktop,evening,0,1
ORD105279,14,0,0.0,566.72,fashion,3,12.85,netbanking,3,9.0,desktop,evening,0,0
ORD105280,0,0,0.0,378.82,beauty,4,31.3,card,4,4.0,mobile,evening,1,0
ORD105281,254,4,0.3452,519.45,sports,1,33.37,card,7,10.0,mobile,morning,0,0
ORD105282,0,0,0.0,1347.47,home,4,31.79,wallet,2,1.0,desktop,morning,1,1
ORD105283,266,2,0.2187,1401.99,electronics,1,27.99,cod,4,3.0,mobile,late_night,0,0
ORD105284,63,0,0.0,3214.4,electronics,6,9.54,upi,6,4.0,desktop,morning,0,0
ORD105285,125,0,0.0,1140.05,footwear,5,35.02,card,7,6.0,mobile,evening,0,0
ORD105286,0,0,0.0,503.4,home,3,32.41,upi,5,11.0,mobile,afternoon,1,0
ORD105287,38,1,0.6072,349.91,fashion,3,29.22,card,4,3.0,tablet,evening,0,1
ORD105288,17,0,0.0,900.21,footwear,4,30.25,upi,3,4.0,mobile,evening,0,1
ORD105289,31,0,0.0,2352.78,sports,2,17.86,card,2,1.0,desktop,afternoon,0,0
ORD105290,557,7,0.1684,1910.89,home,4,33.4,cod,7,4.0,desktop,late_night,0,0
ORD105291,61,1,0.2357,1983.12,fashion,4,12.04,card,2,3.0,mobile,afternoon,0,1
ORD105292,0,0,0.0,768.14,fashion,4,3.45,upi,2,1.0,mobile,afternoon,1,0
ORD105293,519,6,0.0753,1869.78,sports,1,36.52,upi,4,5.0,mobile,evening,0,0
ORD105294,184,0,0.0,676.64,grocery,5,5.94,wallet,3,2.0,desktop,evening,0,0
ORD105295,130,1,0.713,3119.08,footwear,2,22.28,card,4,10.0,mobile,afternoon,0,1
ORD105296,0,0,0.0,2348.02,electronics,2,12.36,upi,1,1.0,desktop,morning,1,0
ORD105297,114,0,0.0,235.69,grocery,7,31.23,card,6,6.0,mobile,afternoon,0,1
ORD105298,681,3,0.1366,1039.58,beauty,2,35.26,card,1,1.0,mobile,evening,0,1
ORD105299,1428,11,0.3209,183.51,beauty,5,10.4,upi,5,6.0,desktop,morning,0,0
ORD105300,893,4,0.1718,3793.38,electronics,3,10.9,card,6,7.0,mobile,evening,0,0
ORD105301,17,1,0.2149,1387.11,toys,2,5.94,card,3,3.0,mobile,evening,0,1
ORD105302,112,1,0.2507,631.64,grocery,3,6.08,card,1,3.0,desktop,afternoon,0,0
ORD105303,182,1,0.1106,160.74,grocery,2,6.98,card,7,5.0,desktop,morning,0,0
ORD105304,301,3,0.1691,907.44,footwear,1,47.21,cod,3,3.0,mobile,morning,0,1
ORD105305,27,1,0.2818,3831.2,electronics,2,7.63,netbanking,6,6.0,mobile,afternoon,0,0
ORD105306,0,0,0.0,2584.42,electronics,2,22.44,card,3,3.0,mobile,afternoon,1,1
ORD105307,763,4,0.1101,1835.83,electronics,4,52.46,cod,6,6.0,desktop,afternoon,0,0
ORD105308,98,1,0.2784,903.83,footwear,1,12.08,upi,2,2.0,desktop,morning,0,0
ORD105309,35,0,0.0,4031.73,beauty,3,8.12,netbanking,1,1.0,desktop,morning,0,0
ORD105310,53,2,0.4917,233.07,beauty,5,19.21,upi,1,2.0,desktop,morning,0,0
ORD105311,278,3,0.2308,383.69,home,2,21.32,cod,2,2.0,desktop,afternoon,0,0
ORD105312,73,1,0.2815,241.02,beauty,2,6.5,card,3,4.0,mobile,morning,0,0
ORD105313,236,3,0.3131,4485.33,sports,3,30.46,card,3,1.0,mobile,evening,0,0
ORD105314,61,2,0.3594,1158.5,fashion,2,52.83,netbanking,4,,mobile,evening,0,1
ORD105315,26,0,0.0,315.41,beauty,3,9.62,netbanking,6,6.0,mobile,morning,0,1
ORD105316,868,4,0.0834,1479.6,grocery,7,18.89,card,2,3.0,tablet,morning,0,0
ORD105317,0,0,0.0,420.37,home,5,16.54,card,7,11.0,tablet,morning,1,0
ORD105318,125,0,0.0,1179.39,electronics,3,22.09,wallet,3,3.0,mobile,morning,0,0
ORD105319,102,2,0.2047,407.66,home,3,45.22,card,7,6.0,mobile,evening,0,0
ORD105320,908,7,0.2666,326.12,grocery,5,61.44,card,3,3.0,mobile,evening,0,0
ORD105321,347,3,0.1988,753.53,toys,2,4.28,netbanking,4,3.0,desktop,evening,0,0
ORD105322,0,0,0.0,515.09,beauty,3,5.25,upi,5,6.0,desktop,evening,1,0
ORD105323,95,0,0.0,1073.52,beauty,2,34.88,card,1,1.0,tablet,afternoon,0,0
ORD105324,191,0,0.0,409.55,toys,3,4.61,card,4,6.0,tablet,evening,0,0
ORD105325,282,0,0.0,760.17,home,3,24.98,cod,6,10.0,desktop,late_night,0,0
ORD105326,98,1,0.2953,2198.69,electronics,3,30.24,upi,6,9.0,mobile,afternoon,0,0
ORD105327,0,0,0.0,2797.97,footwear,2,31.24,upi,6,10.0,mobile,afternoon,1,0
ORD105328,95,1,0.2171,962.13,fashion,3,50.93,upi,4,4.0,tablet,evening,0,1
ORD105329,281,4,0.1955,1452.83,electronics,5,7.25,card,2,1.0,desktop,morning,0,0
ORD105330,42,0,0.0,1219.38,fashion,2,5.0,card,4,4.0,mobile,late_night,0,0
ORD105331,340,4,0.2608,399.16,beauty,4,20.06,wallet,3,5.0,mobile,afternoon,0,0
ORD105332,255,3,0.3173,646.68,toys,3,15.86,upi,5,6.0,mobile,late_night,0,0
ORD105333,144,0,0.0,409.25,beauty,4,29.75,card,7,5.0,tablet,evening,0,0
ORD105334,297,5,0.0828,425.9,sports,4,3.94,upi,3,5.0,mobile,morning,0,0
ORD105335,121,1,0.732,635.91,sports,3,1.69,card,7,9.0,mobile,evening,0,1
ORD105336,86,0,0.0,1348.83,beauty,3,29.04,upi,2,1.0,mobile,evening,0,1
ORD105337,329,1,0.2169,856.03,fashion,4,20.26,card,6,8.0,mobile,afternoon,0,0
ORD105338,0,0,0.0,855.2,footwear,2,33.54,card,7,7.0,mobile,afternoon,1,0
ORD105339,103,2,0.3779,1809.84,electronics,2,1.48,upi,5,5.0,desktop,evening,0,0
ORD105340,94,1,0.2198,627.01,footwear,3,60.33,upi,4,6.0,mobile,evening,0,1
ORD105341,148,2,0.1959,1822.23,electronics,2,22.29,card,7,,desktop,late_night,0,0
ORD105342,0,0,0.0,766.83,sports,2,14.69,card,3,3.0,mobile,morning,1,0
ORD105343,970,7,0.2885,1190.95,sports,2,30.6,cod,5,,desktop,morning,0,0
ORD105344,256,9,0.5312,146.57,grocery,3,7.54,cod,7,4.0,tablet,morning,0,1
ORD105345,184,1,0.1304,745.54,beauty,5,32.21,wallet,2,1.0,desktop,evening,0,0
ORD105346,64,2,0.7636,508.39,toys,3,4.82,cod,3,4.0,mobile,evening,0,0
ORD105347,408,9,0.3423,405.21,sports,1,12.75,card,5,6.0,desktop,morning,0,0
ORD105348,92,0,0.0,436.24,toys,4,34.83,upi,7,7.0,tablet,late_night,0,0
ORD105349,88,0,0.0,348.06,beauty,7,13.1,cod,7,7.0,mobile,morning,0,0
ORD105350,0,0,0.0,1849.5,home,3,29.93,card,5,4.0,mobile,afternoon,1,1
ORD105351,277,0,0.0,1557.8,electronics,3,19.82,card,7,5.0,tablet,afternoon,0,0
ORD105352,11,0,0.0,526.51,home,5,13.38,netbanking,5,9.0,mobile,evening,0,0
ORD105353,152,0,0.0,188.52,footwear,4,39.76,upi,6,,mobile,afternoon,0,0
ORD105354,0,0,0.0,505.83,footwear,3,7.66,card,7,8.0,desktop,afternoon,1,0
ORD105355,0,0,0.0,693.55,grocery,4,4.02,upi,6,12.0,mobile,evening,1,0
ORD105356,216,0,0.0,630.63,beauty,4,2.08,card,6,5.0,desktop,afternoon,0,0
ORD105357,24,0,0.0,952.04,electronics,3,24.37,card,6,,desktop,afternoon,0,0
ORD105358,8,0,0.0,806.33,home,3,9.5,wallet,3,2.0,mobile,morning,0,0
ORD105359,0,0,0.0,1850.8,electronics,1,5.27,upi,2,1.0,desktop,morning,1,0
ORD105360,247,6,0.1272,2282.26,footwear,6,20.87,netbanking,2,1.0,mobile,evening,0,1
ORD105361,5,0,0.0,687.57,fashion,2,3.71,upi,4,3.0,mobile,late_night,0,1
ORD105362,71,1,0.3761,629.75,home,2,8.94,card,1,2.0,mobile,late_night,0,1
ORD105363,0,0,0.0,582.45,beauty,2,25.46,wallet,7,7.0,desktop,afternoon,1,0
ORD105364,0,0,0.0,1066.35,fashion,3,52.05,wallet,3,6.0,desktop,afternoon,1,0
ORD105365,0,0,0.0,1165.36,fashion,2,2.92,card,7,8.0,tablet,afternoon,1,0
ORD105366,142,0,0.0,1277.45,footwear,1,16.69,card,2,2.0,mobile,late_night,0,1
ORD105367,0,0,0.0,1358.96,grocery,2,6.83,upi,7,8.0,tablet,late_night,1,0
ORD105368,0,0,0.0,130.22,grocery,4,49.34,upi,3,4.0,desktop,late_night,1,1
ORD105369,185,2,0.6237,1591.98,electronics,1,5.39,card,3,3.0,tablet,afternoon,0,0
ORD105370,143,0,0.0,977.21,sports,4,6.25,upi,2,3.0,mobile,evening,0,0
ORD105371,0,0,0.0,370.17,home,7,22.27,wallet,7,6.0,mobile,evening,1,1
ORD105372,304,2,0.0589,208.25,beauty,4,6.59,wallet,1,1.0,mobile,evening,0,0
ORD105373,249,3,0.4028,759.14,home,3,16.56,netbanking,1,1.0,desktop,evening,0,0
ORD105374,155,2,0.217,763.03,sports,4,35.67,wallet,6,6.0,mobile,evening,0,0
ORD105375,123,1,0.2832,475.48,fashion,2,31.43,card,5,5.0,mobile,afternoon,0,0
ORD105376,497,5,0.2311,194.13,fashion,4,20.03,upi,3,3.0,mobile,morning,0,1
ORD105377,125,0,0.0,414.65,home,2,28.35,card,3,6.0,desktop,evening,0,0
ORD105378,702,7,0.1394,304.49,beauty,3,6.1,wallet,5,3.0,desktop,evening,0,0
ORD105379,0,0,0.0,445.12,toys,2,19.84,card,7,8.0,mobile,evening,1,0
ORD105380,877,1,0.0998,1107.27,home,2,7.37,wallet,7,7.0,mobile,afternoon,0,0
ORD105381,304,0,0.0,625.76,footwear,3,29.05,cod,2,2.0,mobile,afternoon,0,1
ORD105382,0,0,0.0,1082.05,electronics,4,61.35,upi,4,6.0,desktop,afternoon,1,0
ORD105383,317,6,0.1925,385.17,grocery,5,20.83,netbanking,3,3.0,desktop,morning,0,0
ORD105384,88,0,0.0,2065.09,electronics,4,19.83,card,7,5.0,tablet,evening,0,0
ORD105385,188,2,0.2001,273.98,toys,2,5.98,card,1,1.0,desktop,evening,0,1
ORD105386,106,1,0.395,2665.21,fashion,4,29.85,wallet,7,8.0,desktop,afternoon,0,0
ORD105387,156,1,0.1684,349.32,electronics,3,64.1,wallet,1,1.0,mobile,morning,0,0
ORD105388,510,6,0.2187,477.0,grocery,3,13.73,upi,2,2.0,mobile,late_night,0,0
ORD105389,0,0,0.0,3255.71,electronics,3,23.7,cod,2,4.0,mobile,morning,1,1
ORD105390,52,0,0.0,929.95,beauty,1,43.84,card,7,9.0,desktop,evening,0,0
ORD105391,55,0,0.0,1224.18,sports,5,9.59,wallet,6,6.0,mobile,evening,0,1
ORD105392,0,0,0.0,258.74,fashion,1,39.38,cod,3,4.0,mobile,morning,1,1
ORD105393,264,3,0.4547,2647.21,fashion,3,68.31,netbanking,1,1.0,mobile,late_night,0,1
ORD105394,86,0,0.0,173.24,beauty,2,13.77,wallet,3,3.0,mobile,late_night,0,0
ORD105395,1043,12,0.3267,459.46,sports,3,51.86,card,4,4.0,desktop,evening,0,1
ORD105396,443,5,0.4073,615.68,home,3,12.02,netbanking,7,6.0,desktop,afternoon,0,0
ORD105397,91,2,0.3416,369.76,home,3,18.33,card,6,6.0,mobile,afternoon,0,1
ORD105398,81,0,0.0,309.92,footwear,2,5.99,upi,7,6.0,desktop,afternoon,0,0
ORD105399,141,1,0.3704,922.79,electronics,2,23.47,netbanking,3,3.0,desktop,afternoon,0,0
ORD105400,125,2,0.0576,171.84,fashion,2,2.05,card,2,1.0,desktop,afternoon,0,0
ORD105401,721,5,0.3626,967.69,home,3,22.58,card,5,7.0,tablet,evening,0,0
ORD105402,535,7,0.273,218.59,grocery,6,7.79,card,3,4.0,mobile,late_night,0,0
ORD105403,188,4,0.3155,249.72,grocery,1,36.24,upi,4,4.0,tablet,afternoon,0,0
ORD105404,382,3,0.5467,1085.59,home,4,1.42,netbanking,5,5.0,desktop,late_night,0,1
ORD105405,448,3,0.2082,814.71,home,3,29.71,card,6,7.0,mobile,evening,0,0
ORD105406,193,0,0.0,282.04,beauty,1,49.22,upi,5,6.0,mobile,evening,0,0
ORD105407,282,1,0.2629,1326.56,sports,1,21.97,card,1,1.0,mobile,late_night,0,0
ORD105408,348,4,0.1244,244.85,grocery,2,1.05,card,3,4.0,mobile,afternoon,0,0
ORD105409,0,0,0.0,504.27,home,4,40.5,cod,1,1.0,mobile,morning,1,0
ORD105410,76,0,0.0,869.95,sports,4,46.2,card,7,13.0,mobile,afternoon,0,0
ORD105411,86,2,0.279,2340.82,sports,2,16.28,netbanking,7,8.0,mobile,afternoon,0,1
ORD105412,131,0,0.0,198.53,grocery,2,3.91,upi,1,1.0,mobile,evening,0,1
ORD105413,83,1,0.2315,817.79,toys,3,10.4,wallet,7,7.0,mobile,evening,0,0
ORD105414,35,0,0.0,481.57,sports,1,39.61,netbanking,3,3.0,desktop,afternoon,0,0
ORD105415,381,6,0.2198,451.04,beauty,2,18.81,card,2,7.0,desktop,evening,0,0
ORD105416,265,4,0.2496,2060.01,electronics,4,16.48,card,3,4.0,tablet,afternoon,0,0
ORD105417,0,0,0.0,161.03,grocery,4,29.69,cod,2,2.0,mobile,evening,1,1
ORD105418,139,2,0.2012,577.03,footwear,5,17.92,card,6,6.0,mobile,late_night,0,0
ORD105419,148,0,0.0,876.47,electronics,5,15.28,upi,3,5.0,mobile,afternoon,0,0
ORD105420,221,1,0.1582,934.86,electronics,1,19.26,card,1,2.0,tablet,evening,0,0
ORD105421,55,0,0.0,511.27,toys,6,22.82,card,5,5.0,mobile,late_night,0,0
ORD105422,0,0,0.0,2727.07,home,2,64.61,upi,5,9.0,mobile,morning,1,1
ORD105423,321,5,0.288,592.37,beauty,3,18.1,upi,6,6.0,desktop,morning,0,0
ORD105424,0,0,0.0,528.6,toys,1,62.1,card,6,4.0,desktop,morning,1,0
ORD105425,140,2,0.0544,1794.88,fashion,3,12.83,card,6,6.0,mobile,late_night,0,0
ORD105426,0,0,0.0,177.43,beauty,3,24.64,upi,4,3.0,desktop,morning,1,0
ORD105427,0,0,0.0,1140.49,beauty,2,6.71,cod,1,5.0,mobile,morning,1,1
ORD105428,0,0,0.0,686.03,home,1,12.3,card,3,4.0,mobile,morning,1,0
ORD105429,1051,11,0.0345,633.69,toys,1,35.03,upi,1,1.0,mobile,afternoon,0,0
ORD105430,31,0,0.0,1436.04,home,5,32.28,card,1,1.0,mobile,late_night,0,0
ORD105431,475,6,0.5855,940.61,fashion,3,9.01,cod,4,4.0,desktop,late_night,0,1
ORD105432,11,1,0.3128,347.72,beauty,2,0.93,card,4,4.0,tablet,evening,0,0
ORD105433,839,10,0.212,3074.94,electronics,3,46.79,card,6,5.0,mobile,afternoon,0,0
ORD105434,19,0,0.0,730.48,sports,3,24.84,card,3,5.0,mobile,morning,0,0
ORD105435,2643,20,0.3017,223.96,grocery,2,16.95,cod,5,4.0,desktop,afternoon,0,0
ORD105436,0,0,0.0,650.09,fashion,1,28.6,card,5,2.0,desktop,afternoon,1,0
ORD105437,749,6,0.0465,2448.84,electronics,4,19.24,card,6,7.0,mobile,evening,0,0
ORD105438,0,0,0.0,335.24,fashion,5,23.12,cod,4,3.0,desktop,afternoon,1,1
ORD105439,112,1,0.3242,281.97,toys,1,34.54,card,6,7.0,mobile,afternoon,0,0
ORD105440,122,2,0.5364,201.03,fashion,5,24.56,wallet,3,4.0,mobile,afternoon,0,0
ORD105441,0,0,0.0,1415.58,electronics,4,3.55,card,3,1.0,mobile,afternoon,1,0
ORD105442,0,0,0.0,1568.43,footwear,2,26.45,card,5,9.0,mobile,late_night,1,0
ORD105443,113,2,0.1435,8535.79,home,3,22.07,card,4,7.0,mobile,late_night,0,0
ORD105444,0,0,0.0,356.04,grocery,2,26.86,upi,3,3.0,tablet,late_night,1,0
ORD105445,327,4,0.4472,2132.97,fashion,3,19.53,card,7,11.0,mobile,evening,0,0
ORD105446,0,0,0.0,768.52,footwear,4,11.63,card,3,3.0,mobile,afternoon,1,0
ORD105447,126,1,0.1021,566.09,toys,3,4.7,card,7,8.0,mobile,evening,0,0
ORD105448,203,1,0.1336,1581.82,electronics,3,7.11,card,2,2.0,mobile,afternoon,0,0
ORD105449,89,1,0.2414,1674.09,electronics,3,4.58,wallet,7,8.0,mobile,evening,0,0
ORD105450,105,1,0.3433,1680.63,electronics,5,45.11,cod,2,3.0,mobile,evening,0,0
ORD105451,980,10,0.3346,358.44,beauty,1,32.47,card,6,5.0,mobile,evening,0,0
ORD105452,144,1,0.7449,1817.26,toys,2,20.95,card,3,1.0,desktop,afternoon,0,0
ORD105453,122,0,0.0,2540.0,electronics,2,29.35,card,2,2.0,tablet,evening,0,0
ORD105454,0,0,0.0,592.88,sports,2,8.01,upi,7,8.0,desktop,morning,1,1
ORD105455,298,2,0.0505,1057.8,fashion,6,13.42,wallet,3,7.0,mobile,evening,0,0
ORD105456,58,0,0.0,1057.07,toys,1,29.33,card,1,2.0,mobile,morning,0,1
ORD105457,290,2,0.2612,729.21,electronics,2,36.27,upi,5,6.0,desktop,late_night,0,0
ORD105458,240,2,0.0795,1552.78,footwear,2,47.29,card,4,3.0,tablet,evening,0,0
ORD105459,25,1,0.3274,848.13,beauty,3,21.71,cod,3,5.0,desktop,afternoon,0,1
ORD105460,1304,13,0.4784,976.81,footwear,4,10.21,card,2,1.0,desktop,morning,0,0
ORD105461,904,12,0.4202,2048.97,fashion,2,10.04,upi,1,1.0,tablet,morning,0,0
ORD105462,75,1,0.1109,1825.81,home,4,21.4,card,6,8.0,mobile,evening,0,1
ORD105463,52,0,0.0,566.21,footwear,1,44.95,card,2,3.0,mobile,morning,0,1
ORD105464,232,2,0.1778,1000.09,home,1,3.07,card,4,4.0,desktop,morning,0,0
ORD105465,0,0,0.0,2646.83,sports,6,7.74,card,2,6.0,mobile,evening,1,0
ORD105466,0,0,0.0,492.12,fashion,1,48.66,upi,1,2.0,tablet,evening,1,1
ORD105467,108,1,0.0497,1327.16,electronics,4,29.06,upi,6,9.0,mobile,evening,0,0
ORD105468,1079,9,0.383,558.51,beauty,2,21.23,netbanking,5,4.0,desktop,evening,0,0
ORD105469,73,1,0.1692,785.37,home,4,51.79,upi,1,7.0,desktop,late_night,0,0
ORD105470,160,2,0.2291,2593.96,beauty,3,10.86,upi,7,7.0,mobile,late_night,0,0
ORD105471,730,6,0.1243,1790.19,fashion,2,52.23,wallet,6,6.0,tablet,evening,0,0
ORD105472,0,0,0.0,4250.74,home,3,5.59,card,1,2.0,desktop,evening,1,0
ORD105473,244,3,0.2211,1083.67,beauty,4,11.34,cod,3,3.0,desktop,morning,0,0
ORD105474,603,6,0.0861,533.15,beauty,2,41.54,upi,1,1.0,mobile,evening,0,0
ORD105475,98,0,0.0,171.04,fashion,4,38.88,card,2,8.0,mobile,evening,0,1
ORD105476,45,0,0.0,879.77,fashion,3,54.11,card,5,5.0,desktop,evening,0,0
ORD105477,36,0,0.0,208.61,beauty,4,24.63,wallet,3,2.0,tablet,morning,0,0
ORD105478,344,1,0.5289,228.87,fashion,3,2.48,upi,3,1.0,mobile,morning,0,0
ORD105479,0,0,0.0,3987.05,electronics,4,65.46,upi,6,5.0,desktop,afternoon,1,0
ORD105480,582,4,0.1649,420.6,home,2,14.1,card,4,4.0,mobile,afternoon,0,0
ORD105481,134,1,0.3449,549.95,home,2,8.73,upi,6,5.0,desktop,evening,0,0
ORD105482,37,0,0.0,486.39,fashion,4,12.17,card,6,8.0,mobile,evening,0,0
ORD105483,13,0,0.0,1002.0,home,3,21.58,card,5,6.0,mobile,afternoon,0,0
ORD105484,0,0,0.0,1660.73,electronics,3,2.04,netbanking,5,5.0,mobile,evening,1,0
ORD105485,0,0,0.0,2927.28,electronics,3,14.94,card,2,2.0,desktop,afternoon,1,0
ORD105486,0,0,0.0,1355.68,home,4,40.51,upi,4,2.0,mobile,evening,1,1
ORD105487,246,1,0.1326,100.24,grocery,2,25.5,upi,6,5.0,mobile,afternoon,0,0
ORD105488,37,0,0.0,2867.11,sports,5,3.6,wallet,6,6.0,desktop,late_night,0,0
ORD105489,75,0,0.0,438.5,sports,4,4.8,upi,6,4.0,mobile,afternoon,0,0
ORD105490,1233,11,0.2729,222.06,beauty,2,11.05,upi,4,4.0,desktop,afternoon,0,1
ORD105491,373,6,0.405,2569.16,footwear,3,20.02,card,4,5.0,mobile,afternoon,0,1
ORD105492,78,1,0.265,495.48,toys,4,28.87,upi,5,7.0,mobile,late_night,0,1
ORD105493,47,1,0.126,3788.33,electronics,1,20.83,cod,2,1.0,desktop,afternoon,0,0
ORD105494,0,0,0.0,1229.84,footwear,1,27.16,card,7,6.0,mobile,evening,1,1
ORD105495,128,0,0.0,2346.11,electronics,4,14.95,card,2,4.0,mobile,late_night,0,0
ORD105496,0,0,0.0,407.24,fashion,3,27.59,card,5,5.0,desktop,late_night,1,1
ORD105497,147,1,0.1845,1479.11,electronics,4,5.15,upi,1,1.0,mobile,morning,0,0
ORD105498,48,1,0.1686,956.95,grocery,4,39.52,card,7,7.0,desktop,evening,0,0
ORD105499,169,2,0.38,410.05,fashion,3,39.09,card,4,4.0,mobile,morning,0,1
ORD105500,242,2,0.0827,697.03,fashion,2,17.95,upi,6,9.0,desktop,evening,0,0
ORD105501,44,0,0.0,1058.89,footwear,5,21.72,upi,2,4.0,mobile,morning,0,1
ORD105502,282,4,0.0649,558.95,footwear,3,30.01,netbanking,7,7.0,desktop,late_night,0,0
ORD105503,685,8,0.0562,272.21,beauty,4,9.59,cod,5,5.0,mobile,morning,0,0
ORD105504,0,0,0.0,649.56,footwear,1,17.54,upi,5,6.0,mobile,afternoon,1,0
ORD105505,75,0,0.0,1471.82,electronics,3,22.85,wallet,4,9.0,desktop,afternoon,0,1
ORD105506,101,1,0.2083,154.42,beauty,3,7.08,upi,2,4.0,tablet,evening,0,1
ORD105507,29,0,0.0,892.66,footwear,4,34.53,wallet,4,4.0,mobile,late_night,0,1
ORD105508,0,0,0.0,1864.74,footwear,3,37.29,cod,1,1.0,desktop,afternoon,1,1
ORD105509,255,0,0.0,49.42,toys,3,14.87,card,6,5.0,tablet,morning,0,0
ORD105510,67,0,0.0,836.14,footwear,2,24.62,netbanking,6,7.0,mobile,evening,0,0
ORD105511,1530,17,0.1964,62.93,toys,4,53.55,wallet,7,6.0,mobile,afternoon,0,0
ORD105512,433,2,0.1427,2687.46,sports,4,22.95,card,1,1.0,mobile,evening,0,0
ORD105513,25,0,0.0,631.86,sports,1,34.72,card,2,3.0,mobile,morning,0,0
ORD105514,25,1,0.2119,888.79,home,3,22.93,card,7,6.0,mobile,late_night,0,0
ORD105515,0,0,0.0,144.83,grocery,2,26.36,card,7,7.0,tablet,afternoon,1,0
ORD105516,1023,5,0.2527,2931.7,footwear,2,28.44,upi,2,1.0,mobile,afternoon,0,1
ORD105517,482,0,0.0,2844.6,fashion,2,28.46,cod,1,1.0,mobile,afternoon,0,1
ORD105518,1081,5,0.0522,405.13,home,4,39.97,wallet,2,2.0,desktop,evening,0,0
ORD105519,183,2,0.1486,280.12,fashion,4,8.8,card,5,5.0,tablet,afternoon,0,0
ORD105520,143,2,0.0825,528.69,grocery,1,20.24,wallet,1,1.0,mobile,morning,0,0
ORD105521,45,0,0.0,1612.19,home,2,4.84,card,6,4.0,mobile,morning,0,0
ORD105522,266,4,0.3123,504.14,fashion,4,31.75,card,3,7.0,mobile,late_night,0,0
ORD105523,146,0,0.0,140.29,grocery,3,6.97,upi,7,7.0,desktop,evening,0,0
ORD105524,140,0,0.0,2524.02,home,3,46.08,card,6,6.0,desktop,late_night,0,0
ORD105525,0,0,0.0,730.02,home,2,38.97,card,1,2.0,mobile,afternoon,1,0
ORD105526,157,1,0.2483,700.88,home,3,10.59,card,4,3.0,mobile,evening,0,0
ORD105527,783,5,0.2976,319.51,grocery,2,17.4,upi,3,2.0,mobile,late_night,0,0
ORD105528,0,0,0.0,234.37,fashion,4,43.2,card,2,1.0,mobile,late_night,1,0
ORD105529,0,0,0.0,424.55,fashion,2,21.56,upi,6,8.0,desktop,afternoon,1,1
ORD105530,120,0,0.0,361.6,footwear,6,10.02,card,3,5.0,desktop,late_night,0,0
ORD105531,0,0,0.0,419.66,electronics,1,13.81,upi,1,2.0,desktop,evening,1,0
ORD105532,470,5,0.3532,160.21,grocery,4,21.11,card,5,10.0,desktop,evening,0,0
ORD105533,104,1,0.3653,421.75,beauty,2,23.49,netbanking,5,5.0,mobile,morning,0,0
ORD105534,0,0,0.0,375.64,fashion,4,30.95,upi,4,6.0,mobile,late_night,1,0
ORD105535,472,7,0.1765,461.95,toys,3,28.74,card,4,3.0,mobile,morning,0,1
ORD105536,82,0,0.0,310.44,fashion,2,12.12,upi,7,7.0,mobile,morning,0,0
ORD105537,83,2,0.4358,1116.2,footwear,3,24.23,upi,3,3.0,mobile,evening,0,0
ORD105538,190,2,0.3072,1016.32,toys,4,8.0,wallet,7,5.0,desktop,morning,0,0
ORD105539,159,1,0.1924,2660.24,electronics,4,19.8,cod,4,5.0,mobile,evening,0,0
ORD105540,0,0,0.0,1870.18,electronics,2,12.46,upi,2,1.0,mobile,late_night,1,0
ORD105541,392,1,0.4651,1291.76,footwear,4,13.32,card,1,3.0,desktop,evening,0,0
ORD105542,167,1,0.09,473.2,footwear,2,39.34,netbanking,4,5.0,mobile,morning,0,0
ORD105543,353,1,0.226,376.12,fashion,5,10.46,netbanking,3,3.0,desktop,late_night,0,0
ORD105544,19,1,0.4635,485.03,toys,1,15.72,wallet,5,5.0,tablet,afternoon,0,0
ORD105545,92,1,0.1848,199.13,grocery,3,2.86,netbanking,2,2.0,mobile,evening,0,0
ORD105546,0,0,0.0,4380.63,electronics,1,19.8,upi,7,7.0,mobile,afternoon,1,0
ORD105547,618,1,0.1972,1203.0,grocery,3,11.21,upi,5,4.0,mobile,afternoon,0,0
ORD105548,225,1,0.0638,10620.04,electronics,2,25.81,upi,4,3.0,mobile,late_night,0,0
ORD105549,901,4,0.0922,3216.21,electronics,3,25.81,upi,7,8.0,desktop,late_night,0,0
ORD105550,470,4,0.1977,661.39,toys,3,1.41,upi,1,2.0,mobile,late_night,0,0
ORD105551,105,1,0.1879,185.63,footwear,3,25.2,wallet,6,5.0,desktop,morning,0,0
ORD105552,155,1,0.1923,383.42,toys,4,11.21,card,5,6.0,desktop,afternoon,0,0
ORD105553,284,0,0.0,437.42,footwear,3,15.5,upi,4,8.0,desktop,late_night,0,0
ORD105554,110,0,0.0,598.62,sports,1,10.02,upi,6,6.0,mobile,afternoon,0,0
ORD105555,0,0,0.0,1893.41,footwear,1,4.83,netbanking,3,7.0,mobile,morning,1,1
ORD105556,53,3,0.3685,4665.36,electronics,1,56.61,upi,3,1.0,desktop,evening,0,0
ORD105557,256,2,0.4945,655.93,home,5,36.52,card,2,1.0,desktop,afternoon,0,0
ORD105558,407,3,0.3538,478.07,footwear,2,11.77,card,1,1.0,desktop,evening,0,0
ORD105559,128,0,0.0,566.77,fashion,4,17.53,card,1,6.0,mobile,morning,0,0
ORD105560,0,0,0.0,469.48,electronics,1,15.72,card,6,5.0,mobile,evening,1,0
ORD105561,166,4,0.4205,2172.92,home,3,43.78,upi,1,1.0,mobile,late_night,0,0
ORD105562,442,2,0.3719,1180.45,fashion,3,1.83,netbanking,4,5.0,mobile,evening,0,0
ORD105563,104,0,0.0,123.7,grocery,2,39.03,wallet,6,11.0,mobile,evening,0,0
ORD105564,0,0,0.0,720.96,electronics,1,57.88,card,3,3.0,desktop,evening,1,0
ORD105565,642,5,0.2885,2354.06,footwear,2,45.69,upi,6,6.0,tablet,morning,0,1
ORD105566,281,1,0.0286,797.94,beauty,2,30.19,card,1,1.0,mobile,evening,0,0
ORD105567,549,2,0.5911,1887.1,toys,2,27.77,card,7,11.0,mobile,evening,0,0
ORD105568,417,1,0.5953,522.09,home,3,59.5,upi,3,3.0,desktop,late_night,0,0
ORD105569,0,0,0.0,6073.98,electronics,3,4.27,upi,6,6.0,mobile,late_night,1,0
ORD105570,617,4,0.2202,465.12,home,3,36.25,cod,6,6.0,mobile,morning,0,0
ORD105571,81,0,0.0,757.78,fashion,2,47.66,upi,5,4.0,mobile,evening,0,1
ORD105572,304,3,0.1372,515.46,electronics,2,7.14,wallet,6,7.0,desktop,evening,0,0
ORD105573,0,0,0.0,636.85,home,2,9.91,cod,1,1.0,desktop,evening,1,0
ORD105574,109,1,0.1408,1125.04,sports,1,21.67,upi,2,2.0,desktop,evening,0,1
ORD105575,38,1,0.3066,1310.24,electronics,3,8.43,card,4,,mobile,morning,0,0
ORD105576,0,0,0.0,1066.54,fashion,2,31.79,card,5,7.0,mobile,afternoon,1,0
ORD105577,330,3,0.2424,431.04,footwear,3,11.45,wallet,5,4.0,mobile,evening,0,0
ORD105578,0,0,0.0,991.02,sports,2,0.37,cod,4,3.0,mobile,morning,1,1
ORD105579,54,0,0.0,422.49,toys,5,3.91,cod,7,,mobile,morning,0,0
ORD105580,33,0,0.0,359.04,beauty,4,17.13,card,5,3.0,mobile,afternoon,0,0
ORD105581,1850,15,0.2321,1605.49,home,3,32.34,upi,1,1.0,mobile,evening,0,0
ORD105582,259,3,0.435,280.0,beauty,2,36.52,card,1,2.0,desktop,evening,0,1
ORD105583,73,1,0.144,869.17,sports,1,19.09,upi,7,7.0,mobile,evening,0,0
ORD105584,301,2,0.278,649.53,home,1,4.97,card,5,6.0,mobile,morning,0,0
ORD105585,0,0,0.0,929.81,grocery,6,17.63,card,1,1.0,mobile,afternoon,1,0
ORD105586,358,3,0.1725,514.12,toys,3,11.5,card,4,4.0,mobile,evening,0,0
ORD105587,8,0,0.0,738.69,footwear,2,35.78,card,4,6.0,mobile,evening,0,1
ORD105588,3000,16,0.3845,1420.4,electronics,4,4.44,upi,6,6.0,tablet,evening,0,0
ORD105589,23,0,0.0,404.54,grocery,1,26.18,card,4,,mobile,evening,0,0
ORD105590,144,1,0.6187,556.38,footwear,2,10.83,upi,7,6.0,mobile,morning,0,0
ORD105591,0,0,0.0,1240.01,electronics,1,18.43,upi,4,9.0,mobile,evening,1,0
ORD105592,80,1,0.1275,1240.74,electronics,1,20.36,upi,4,1.0,mobile,morning,0,0
ORD105593,247,2,0.517,1007.32,sports,2,12.59,card,3,3.0,desktop,evening,0,0
ORD105594,18,0,0.0,631.62,grocery,4,18.61,card,4,3.0,desktop,afternoon,0,0
ORD105595,164,1,0.5025,709.27,home,1,3.02,card,6,6.0,tablet,late_night,0,0
ORD105596,0,0,0.0,354.26,home,1,22.92,upi,6,7.0,mobile,afternoon,1,0
ORD105597,71,2,0.1906,156.29,beauty,3,19.73,card,1,1.0,tablet,evening,0,1
ORD105598,39,0,0.0,3941.17,toys,2,31.43,card,5,5.0,mobile,evening,0,0
ORD105599,155,2,0.296,414.67,footwear,5,14.2,card,5,6.0,desktop,late_night,0,1
ORD105600,124,2,0.3025,1114.58,grocery,3,7.54,card,7,7.0,tablet,afternoon,0,0
ORD105601,94,0,0.0,623.07,footwear,5,28.46,cod,4,4.0,tablet,late_night,0,1
ORD105602,0,0,0.0,150.48,grocery,4,39.02,upi,2,3.0,desktop,afternoon,1,0
ORD105603,0,0,0.0,278.49,grocery,3,42.35,cod,5,6.0,mobile,evening,1,1
ORD105604,348,2,0.3377,456.38,grocery,4,22.19,card,7,7.0,mobile,evening,0,0
ORD105605,56,0,0.0,628.5,footwear,4,2.18,card,3,3.0,mobile,evening,0,1
ORD105606,65,0,0.0,627.38,sports,4,13.71,upi,3,3.0,mobile,afternoon,0,0
ORD105607,210,1,0.2216,567.73,electronics,1,53.71,card,6,8.0,tablet,afternoon,0,0
ORD105608,62,0,0.0,332.0,toys,3,33.6,card,4,4.0,tablet,morning,0,0
ORD105609,220,1,0.1583,975.25,footwear,3,11.09,upi,3,3.0,mobile,afternoon,0,0
ORD105610,911,8,0.2426,573.53,electronics,2,5.42,cod,2,1.0,mobile,morning,0,0
ORD105611,169,1,0.2473,487.36,fashion,2,13.44,wallet,2,2.0,desktop,afternoon,0,0
ORD105612,47,1,0.138,797.19,fashion,2,36.83,upi,1,,tablet,afternoon,0,1
ORD105613,279,1,0.1234,2037.12,home,4,8.83,upi,2,1.0,mobile,morning,0,0
ORD105614,149,0,0.0,236.6,toys,2,24.96,card,3,1.0,mobile,afternoon,0,0
ORD105615,153,2,0.1378,1837.46,beauty,3,8.16,upi,6,5.0,desktop,evening,0,1
ORD105616,305,4,0.2893,608.35,beauty,2,17.4,wallet,4,5.0,desktop,evening,0,0
ORD105617,0,0,0.0,292.15,fashion,3,2.0,cod,2,7.0,mobile,morning,1,1
ORD105618,188,5,0.1547,570.73,toys,2,23.96,upi,4,3.0,mobile,evening,0,0
ORD105619,169,2,0.1797,1019.18,electronics,3,18.06,upi,5,3.0,mobile,evening,0,0
ORD105620,1754,21,0.2417,294.71,home,4,41.16,upi,1,1.0,mobile,morning,0,0
ORD105621,678,5,0.1062,459.71,toys,3,18.29,card,6,7.0,mobile,evening,0,0
ORD105622,453,2,0.1931,602.3,fashion,4,10.11,upi,5,7.0,mobile,afternoon,0,0
ORD105623,209,2,0.1658,2055.69,electronics,1,19.17,card,3,6.0,mobile,evening,0,0
ORD105624,59,1,0.1697,491.87,sports,3,22.48,card,5,5.0,mobile,afternoon,0,0
ORD105625,626,6,0.4298,357.84,fashion,5,29.02,card,7,10.0,tablet,late_night,0,0
ORD105626,212,3,0.0486,3267.27,electronics,1,2.8,wallet,4,3.0,mobile,afternoon,0,0
ORD105627,96,0,0.0,876.82,toys,4,14.54,card,5,7.0,tablet,morning,0,0
ORD105628,138,2,0.3159,276.75,fashion,1,6.92,upi,4,5.0,mobile,evening,0,0
ORD105629,62,0,0.0,136.93,beauty,2,1.1,card,7,6.0,mobile,evening,0,0
ORD105630,580,5,0.2523,201.28,beauty,6,15.43,cod,4,,desktop,evening,0,1
ORD105631,384,2,0.2241,1608.4,footwear,3,49.03,card,6,6.0,desktop,evening,0,0
ORD105632,221,2,0.1064,87.53,fashion,2,21.45,card,1,1.0,tablet,late_night,0,1
ORD105633,172,2,0.345,195.23,grocery,4,39.77,upi,7,7.0,mobile,afternoon,0,0
ORD105634,85,0,0.0,1403.29,footwear,4,35.74,cod,7,8.0,mobile,late_night,0,1
ORD105635,17,0,0.0,336.58,grocery,1,40.83,card,7,8.0,desktop,evening,0,1
ORD105636,38,0,0.0,462.69,toys,3,50.1,card,1,1.0,desktop,late_night,0,1
ORD105637,80,0,0.0,1261.15,fashion,4,4.61,upi,2,3.0,desktop,morning,0,0
ORD105638,67,2,0.5791,1446.52,electronics,7,13.76,card,7,7.0,desktop,evening,0,0
ORD105639,249,0,0.0,200.67,grocery,4,19.39,upi,1,1.0,mobile,morning,0,0
ORD105640,442,4,0.1404,1492.41,home,3,40.01,card,3,8.0,mobile,evening,0,0
ORD105641,0,0,0.0,3370.42,home,4,12.44,upi,1,1.0,mobile,late_night,1,1
ORD105642,0,0,0.0,179.13,home,2,19.99,card,7,6.0,mobile,evening,1,0
ORD105643,76,0,0.0,551.64,sports,2,70.43,netbanking,3,3.0,mobile,evening,0,0
ORD105644,156,2,0.2607,237.11,grocery,3,4.61,upi,3,2.0,desktop,afternoon,0,0
ORD105645,171,1,0.2112,594.36,home,4,31.25,upi,6,5.0,tablet,morning,0,0
ORD105646,602,2,0.3906,1763.85,electronics,6,42.54,card,1,1.0,mobile,late_night,0,0
ORD105647,203,1,0.0912,651.65,fashion,1,6.01,card,3,2.0,desktop,afternoon,0,1
ORD105648,209,1,0.6268,187.56,beauty,2,17.3,upi,4,4.0,desktop,morning,0,1
ORD105649,29,2,0.0885,987.43,fashion,2,18.84,card,1,1.0,tablet,morning,0,1
ORD105650,0,0,0.0,607.62,fashion,4,10.44,card,3,3.0,mobile,late_night,1,0
ORD105651,605,7,0.2499,1587.25,fashion,2,24.01,card,1,1.0,desktop,morning,0,0
ORD105652,18,1,0.1388,1086.37,toys,5,59.63,card,3,1.0,desktop,late_night,0,0
ORD105653,794,8,0.2796,380.05,beauty,4,9.8,netbanking,6,10.0,desktop,morning,0,0
ORD105654,314,1,0.411,426.29,grocery,4,7.39,upi,5,5.0,mobile,afternoon,0,0
ORD105655,79,3,0.3179,132.68,fashion,2,6.6,cod,3,3.0,desktop,morning,0,0
ORD105656,0,0,0.0,198.9,home,2,11.04,card,7,7.0,mobile,evening,1,0
ORD105657,0,0,0.0,946.94,beauty,3,17.88,card,2,3.0,mobile,afternoon,1,0
ORD105658,856,9,0.3337,867.81,sports,3,15.79,card,7,8.0,mobile,afternoon,0,0
ORD105659,158,2,0.2634,1072.49,beauty,3,55.17,card,4,5.0,mobile,morning,0,0
ORD105660,210,2,0.0334,1426.07,fashion,1,28.72,card,4,3.0,tablet,morning,0,0
ORD105661,89,0,0.0,100.41,grocery,3,83.23,wallet,2,2.0,tablet,afternoon,0,0
ORD105662,210,2,0.0631,2670.68,electronics,2,23.45,card,5,5.0,mobile,morning,0,0
ORD105663,86,1,0.0592,424.5,footwear,2,10.39,card,7,7.0,tablet,afternoon,0,0
ORD105664,166,4,0.4038,415.98,toys,3,34.78,card,3,4.0,mobile,evening,0,0
ORD105665,1327,9,0.1017,361.21,home,1,16.56,cod,5,6.0,desktop,evening,0,0
ORD105666,163,0,0.0,1768.74,home,1,45.11,netbanking,3,2.0,mobile,evening,0,0
ORD105667,0,0,0.0,724.28,toys,4,10.7,wallet,1,4.0,desktop,late_night,1,1
ORD105668,40,0,0.0,626.87,sports,2,41.86,card,2,1.0,tablet,afternoon,0,0
ORD105669,0,0,0.0,255.69,beauty,3,5.67,wallet,3,4.0,mobile,evening,1,1
ORD105670,78,2,0.1158,884.18,toys,4,37.4,upi,5,,mobile,afternoon,0,0
ORD105671,0,0,0.0,974.19,electronics,5,29.65,card,5,6.0,desktop,evening,1,1
ORD105672,30,0,0.0,336.07,toys,1,15.47,upi,6,5.0,tablet,afternoon,0,0
ORD105673,387,4,0.103,175.98,grocery,2,36.9,upi,3,2.0,mobile,afternoon,0,0
ORD105674,56,0,0.0,567.9,sports,5,26.86,upi,1,1.0,mobile,afternoon,0,0
ORD105675,0,0,0.0,827.76,toys,3,21.98,card,2,3.0,mobile,evening,1,0
ORD105676,124,0,0.0,1981.93,electronics,3,2.93,upi,4,4.0,desktop,morning,0,0
ORD105677,1200,9,0.4105,346.96,toys,4,11.84,upi,2,5.0,mobile,evening,0,0
ORD105678,218,2,0.616,422.02,home,4,2.17,netbanking,2,3.0,desktop,morning,0,0
ORD105679,1540,14,0.1961,290.27,grocery,4,34.36,upi,7,11.0,mobile,morning,0,0
ORD105680,0,0,0.0,243.49,grocery,2,6.67,upi,7,8.0,desktop,late_night,1,0
ORD105681,869,8,0.4491,1647.16,sports,8,7.68,card,3,3.0,desktop,evening,0,0
ORD105682,144,2,0.3632,176.84,grocery,4,9.91,wallet,4,4.0,mobile,evening,0,0
ORD105683,265,0,0.0,397.24,grocery,3,9.73,card,2,2.0,tablet,morning,0,0
ORD105684,692,4,0.1798,798.84,sports,3,49.66,upi,2,2.0,desktop,morning,0,0
ORD105685,490,5,0.4961,629.69,toys,4,1.22,cod,7,7.0,tablet,morning,0,1
ORD105686,325,2,0.2284,1374.83,beauty,4,14.08,upi,6,6.0,desktop,afternoon,0,0
ORD105687,126,3,0.3538,244.65,grocery,4,20.65,netbanking,4,3.0,tablet,afternoon,0,0
ORD105688,152,1,0.0467,3365.44,footwear,2,7.7,upi,3,1.0,mobile,afternoon,0,1
ORD105689,0,0,0.0,758.69,home,1,46.45,cod,6,7.0,mobile,evening,1,1
ORD105690,796,7,0.2776,460.73,sports,2,25.01,netbanking,7,,desktop,morning,0,0
ORD105691,94,0,0.0,2201.18,footwear,1,21.11,card,1,3.0,desktop,evening,0,0
ORD105692,79,0,0.0,1832.21,toys,6,30.11,wallet,2,3.0,mobile,late_night,0,0
ORD105693,0,0,0.0,152.64,grocery,4,18.57,card,5,4.0,mobile,morning,1,0
ORD105694,451,4,0.2183,972.99,electronics,5,26.18,card,2,3.0,mobile,evening,0,0
ORD105695,65,2,0.3443,1694.72,sports,2,20.58,card,7,7.0,mobile,late_night,0,0
ORD105696,445,6,0.069,2523.96,electronics,2,25.57,wallet,2,1.0,desktop,morning,0,0
ORD105697,0,0,0.0,500.46,home,2,21.24,card,3,2.0,mobile,evening,1,1
ORD105698,0,0,0.0,471.43,home,1,23.73,card,6,5.0,desktop,afternoon,1,0
ORD105699,1012,5,0.2953,897.43,footwear,3,22.27,card,4,4.0,mobile,afternoon,0,0
ORD105700,0,0,0.0,401.04,beauty,2,14.68,card,1,1.0,tablet,afternoon,1,0
ORD105701,1124,6,0.0648,1321.5,home,5,15.4,upi,7,8.0,tablet,afternoon,0,0
ORD105702,257,0,0.0,1427.96,sports,2,50.81,card,3,3.0,mobile,afternoon,0,0
ORD105703,18,0,0.0,557.58,grocery,2,9.73,card,6,6.0,desktop,morning,0,0
ORD105704,1044,11,0.0116,210.99,home,2,8.63,upi,1,1.0,desktop,morning,0,0
ORD105705,528,6,0.1959,1897.46,toys,1,7.27,wallet,2,1.0,desktop,evening,0,0
ORD105706,0,0,0.0,1373.67,sports,3,39.09,card,3,4.0,mobile,evening,1,1
ORD105707,0,0,0.0,325.77,beauty,3,15.07,upi,4,3.0,mobile,morning,1,1
ORD105708,32,0,0.0,887.27,sports,2,29.72,upi,3,6.0,mobile,afternoon,0,0
ORD105709,2583,16,0.1742,1389.22,home,5,14.87,card,7,8.0,mobile,afternoon,0,0
ORD105710,65,0,0.0,866.55,footwear,3,7.71,netbanking,2,2.0,mobile,late_night,0,0
ORD105711,45,0,0.0,1050.14,home,1,7.92,upi,6,11.0,desktop,morning,0,0
ORD105712,0,0,0.0,826.92,home,1,12.66,card,4,4.0,mobile,morning,1,0
ORD105713,29,0,0.0,2836.15,home,2,17.19,card,5,2.0,desktop,afternoon,0,0
ORD105714,61,0,0.0,932.62,footwear,1,10.28,upi,1,5.0,desktop,evening,0,0
ORD105715,541,1,0.1067,1630.56,footwear,2,24.03,card,2,6.0,desktop,evening,0,0
ORD105716,0,0,0.0,7791.6,electronics,8,9.8,upi,5,4.0,desktop,afternoon,1,1
ORD105717,0,0,0.0,576.98,grocery,1,6.06,upi,2,3.0,desktop,morning,1,0
ORD105718,184,2,0.2767,907.47,footwear,3,26.96,card,1,2.0,tablet,evening,0,0
ORD105719,111,1,0.2641,182.47,fashion,3,15.17,card,2,1.0,tablet,evening,0,0
ORD105720,169,2,0.0804,551.91,footwear,2,45.93,card,5,5.0,mobile,afternoon,0,1
ORD105721,78,0,0.0,7461.61,electronics,1,65.84,netbanking,6,7.0,desktop,afternoon,0,0
ORD105722,95,2,0.2517,833.95,fashion,3,9.6,card,3,8.0,desktop,morning,0,1
ORD105723,0,0,0.0,664.76,electronics,2,42.45,cod,3,2.0,mobile,late_night,1,1
ORD105724,0,0,0.0,379.9,beauty,2,5.9,upi,1,1.0,mobile,late_night,1,1
ORD105725,0,0,0.0,225.32,toys,3,25.55,card,5,5.0,mobile,afternoon,1,0
ORD105726,422,5,0.3574,640.35,home,4,31.87,cod,4,5.0,desktop,morning,0,0
ORD105727,65,0,0.0,221.81,grocery,1,16.69,card,4,2.0,desktop,evening,0,0
ORD105728,0,0,0.0,292.66,beauty,5,54.39,wallet,5,7.0,mobile,morning,1,1
ORD105729,152,0,0.0,931.24,home,3,15.68,upi,1,1.0,desktop,evening,0,0
ORD105730,1940,20,0.4146,211.12,home,1,2.9,card,7,7.0,tablet,evening,0,0
ORD105731,0,0,0.0,2686.74,electronics,2,14.36,wallet,1,,tablet,evening,1,0
ORD105732,151,0,0.0,1804.24,fashion,4,19.03,wallet,5,4.0,desktop,late_night,0,0
ORD105733,0,0,0.0,243.24,home,3,29.91,wallet,5,4.0,mobile,late_night,1,0
ORD105734,160,2,0.2182,3558.29,electronics,5,10.66,card,7,6.0,desktop,late_night,0,0
ORD105735,0,0,0.0,2674.54,electronics,2,16.23,upi,4,4.0,mobile,evening,1,0
ORD105736,645,3,0.3256,379.63,grocery,1,28.52,netbanking,7,9.0,desktop,afternoon,0,0
ORD105737,298,3,0.2046,456.19,beauty,4,27.78,upi,7,6.0,mobile,evening,0,0
ORD105738,0,0,0.0,774.63,fashion,3,22.43,wallet,7,,tablet,late_night,1,1
ORD105739,346,3,0.4838,1213.38,fashion,7,30.32,upi,7,7.0,desktop,evening,0,0
ORD105740,484,6,0.1064,599.71,toys,2,11.65,upi,5,4.0,tablet,morning,0,0
ORD105741,1035,8,0.5929,11127.29,electronics,5,6.68,upi,3,3.0,desktop,evening,0,0
ORD105742,0,0,0.0,471.64,footwear,1,23.45,netbanking,6,6.0,mobile,morning,1,1
ORD105743,0,0,0.0,1395.38,beauty,4,50.6,card,4,4.0,desktop,evening,1,1
ORD105744,691,3,0.0773,873.75,sports,5,5.3,card,6,6.0,desktop,evening,0,0
ORD105745,86,0,0.0,334.43,beauty,3,22.67,card,3,1.0,desktop,morning,0,0
ORD105746,460,7,0.1612,893.06,beauty,3,11.61,card,1,1.0,desktop,evening,0,0
ORD105747,0,0,0.0,415.06,toys,3,2.36,netbanking,7,4.0,desktop,evening,1,0
ORD105748,0,0,0.0,2485.96,footwear,5,44.18,cod,1,5.0,tablet,afternoon,1,1
ORD105749,0,0,0.0,522.94,home,6,27.43,netbanking,6,7.0,desktop,evening,1,0
ORD105750,334,3,0.3057,1787.87,footwear,3,4.28,card,1,6.0,desktop,evening,0,0
ORD105751,85,0,0.0,672.24,beauty,3,21.2,card,3,2.0,mobile,morning,0,0
ORD105752,318,4,0.4118,786.39,home,3,3.96,card,4,5.0,mobile,evening,0,0
ORD105753,143,0,0.0,258.72,toys,3,9.26,card,7,8.0,desktop,afternoon,0,0
ORD105754,307,1,0.4723,221.16,beauty,3,32.86,netbanking,1,1.0,mobile,late_night,0,0
ORD105755,38,0,0.0,243.35,beauty,3,32.38,card,3,3.0,mobile,afternoon,0,1
ORD105756,433,5,0.3282,1915.41,home,3,32.25,netbanking,4,5.0,desktop,evening,0,0
ORD105757,227,3,0.4441,683.1,fashion,4,40.89,card,5,7.0,mobile,late_night,0,0
ORD105758,214,5,0.2424,1533.53,home,4,35.6,upi,5,4.0,desktop,evening,0,0
ORD105759,1548,16,0.2056,736.37,fashion,4,19.75,netbanking,2,4.0,mobile,morning,0,0
ORD105760,119,3,0.3146,204.52,beauty,2,3.3,wallet,1,1.0,desktop,evening,0,0
ORD105761,0,0,0.0,942.75,footwear,2,5.38,cod,2,2.0,desktop,morning,1,0
ORD105762,202,0,0.0,1016.58,fashion,2,2.73,card,1,4.0,mobile,morning,0,0
ORD105763,0,0,0.0,86.48,grocery,2,55.17,card,4,4.0,mobile,evening,1,0
ORD105764,2088,16,0.0388,1114.58,electronics,3,20.21,netbanking,5,5.0,mobile,evening,0,0
ORD105765,194,2,0.2237,249.52,beauty,3,18.4,netbanking,5,3.0,desktop,late_night,0,0
ORD105766,97,0,0.0,183.26,beauty,3,46.41,netbanking,2,1.0,mobile,afternoon,0,0
ORD105767,1419,10,0.2733,976.32,home,3,55.66,upi,6,6.0,mobile,afternoon,0,0
ORD105768,129,2,0.3162,802.07,fashion,2,30.21,cod,2,,desktop,morning,0,0
ORD105769,31,1,0.2077,737.33,grocery,4,18.32,upi,5,4.0,mobile,afternoon,0,0
ORD105770,0,0,0.0,2974.08,electronics,2,43.64,card,6,6.0,desktop,evening,1,0
ORD105771,0,0,0.0,593.72,footwear,5,38.11,card,1,1.0,desktop,late_night,1,0
ORD105772,25,1,0.0346,237.82,grocery,1,5.45,cod,6,5.0,tablet,late_night,0,0
ORD105773,121,0,0.0,1016.86,grocery,3,29.37,card,4,5.0,mobile,evening,0,0
ORD105774,167,1,0.235,419.16,grocery,1,9.12,wallet,1,6.0,desktop,afternoon,0,0
ORD105775,664,5,0.1143,657.43,grocery,3,6.01,upi,7,7.0,mobile,late_night,0,0
ORD105776,362,7,0.3098,273.55,footwear,2,19.85,card,1,2.0,mobile,afternoon,0,0
ORD105777,344,0,0.0,96.99,grocery,6,40.08,netbanking,2,2.0,desktop,afternoon,0,0
ORD105778,67,0,0.0,550.11,footwear,1,0.69,upi,4,4.0,desktop,morning,0,0
ORD105779,479,2,0.2205,3351.28,electronics,6,32.04,cod,2,4.0,desktop,afternoon,0,0
ORD105780,0,0,0.0,2239.93,footwear,6,2.25,card,3,3.0,mobile,afternoon,1,1
ORD105781,0,0,0.0,430.87,footwear,1,11.04,upi,3,2.0,mobile,afternoon,1,1
ORD105782,288,3,0.3273,638.16,beauty,1,5.95,card,5,8.0,mobile,late_night,0,0
ORD105783,0,0,0.0,589.17,beauty,3,34.37,upi,4,4.0,mobile,late_night,1,0
ORD105784,578,7,0.0892,130.23,grocery,1,16.93,wallet,6,4.0,desktop,evening,0,0
ORD105785,1285,17,0.317,405.03,footwear,1,36.92,card,6,6.0,mobile,evening,0,0
ORD105786,0,0,0.0,816.88,home,3,40.22,upi,2,8.0,tablet,afternoon,1,0
ORD105787,0,0,0.0,180.43,beauty,3,14.92,card,3,4.0,mobile,afternoon,1,1
ORD105788,0,0,0.0,9964.37,electronics,3,16.77,upi,5,11.0,desktop,afternoon,1,0
ORD105789,114,1,0.304,349.87,footwear,2,23.76,cod,6,6.0,mobile,morning,0,1
ORD105790,0,0,0.0,480.45,fashion,1,1.89,netbanking,3,3.0,tablet,evening,1,1
ORD105791,369,1,0.0416,2184.98,electronics,6,66.52,upi,6,7.0,desktop,evening,0,0
ORD105792,246,5,0.2353,1044.99,home,2,14.62,upi,4,3.0,tablet,evening,0,1
ORD105793,546,5,0.4326,1132.05,footwear,5,19.31,card,5,7.0,mobile,evening,0,0
ORD105794,272,3,0.3781,253.28,toys,4,26.18,wallet,1,1.0,desktop,evening,0,0
ORD105795,70,1,0.0361,113.81,grocery,4,20.8,cod,7,6.0,desktop,evening,0,0
ORD105796,104,2,0.1271,709.48,fashion,1,32.39,card,4,6.0,desktop,evening,0,0
ORD105797,0,0,0.0,389.51,footwear,2,7.81,netbanking,2,2.0,desktop,late_night,1,0
ORD105798,147,1,0.1827,397.07,fashion,2,36.73,cod,5,4.0,desktop,afternoon,0,0
ORD105799,1305,10,0.4734,293.52,toys,4,8.56,cod,5,7.0,mobile,morning,0,1
ORD105800,1556,17,0.1182,418.91,footwear,3,17.4,netbanking,1,2.0,mobile,evening,0,0
ORD105801,454,7,0.1552,345.78,sports,2,34.52,card,5,5.0,mobile,evening,0,0
ORD105802,206,2,0.3052,452.08,sports,3,43.4,card,4,5.0,desktop,afternoon,0,0
ORD105803,40,0,0.0,568.71,footwear,1,22.34,card,3,2.0,mobile,afternoon,0,0
ORD105804,230,2,0.8355,2111.82,sports,2,9.09,upi,4,4.0,desktop,evening,0,0
ORD105805,76,2,0.0346,7004.99,electronics,3,13.6,card,4,2.0,mobile,evening,0,0
ORD105806,1089,9,0.1557,3230.26,electronics,2,29.43,wallet,1,2.0,desktop,evening,0,0
ORD105807,0,0,0.0,609.21,toys,2,13.45,card,3,3.0,tablet,evening,1,1
ORD105808,276,3,0.3543,901.85,beauty,7,36.24,netbanking,2,2.0,tablet,afternoon,0,1
ORD105809,69,1,0.1456,395.41,beauty,5,29.64,wallet,2,3.0,mobile,afternoon,0,1
ORD105810,179,3,0.174,2023.07,electronics,2,7.06,upi,3,3.0,mobile,evening,0,0
ORD105811,377,7,0.3065,1458.45,home,4,28.71,card,3,2.0,desktop,afternoon,0,0
ORD105812,557,6,0.1208,429.68,grocery,5,15.05,upi,3,3.0,mobile,evening,0,0
ORD105813,169,1,0.3529,1436.61,footwear,5,1.09,card,2,2.0,mobile,afternoon,0,0
ORD105814,418,5,0.2799,1536.48,sports,3,20.97,upi,5,7.0,tablet,evening,0,0
ORD105815,0,0,0.0,175.89,grocery,1,58.45,card,3,2.0,mobile,afternoon,1,0
ORD105816,237,2,0.2971,1152.84,footwear,4,26.34,card,7,6.0,mobile,afternoon,0,1
ORD105817,545,3,0.2752,174.1,grocery,1,20.09,cod,1,6.0,mobile,late_night,0,0
ORD105818,261,2,0.5616,1104.3,fashion,2,78.53,card,1,2.0,desktop,afternoon,0,1
ORD105819,101,1,0.0962,220.74,grocery,5,14.48,wallet,2,4.0,mobile,morning,0,1
ORD105820,133,1,0.1598,119.05,grocery,3,27.12,wallet,3,3.0,mobile,evening,0,0
ORD105821,0,0,0.0,248.3,fashion,3,36.81,card,4,4.0,mobile,evening,1,1
ORD105822,54,0,0.0,7661.05,electronics,3,33.13,wallet,5,5.0,mobile,evening,0,0
ORD105823,64,1,0.0427,211.46,beauty,3,22.78,upi,6,4.0,mobile,afternoon,0,0
ORD105824,351,4,0.193,570.73,grocery,2,4.81,netbanking,5,5.0,tablet,evening,0,0
ORD105825,111,2,0.3091,1061.57,fashion,3,15.0,upi,2,2.0,tablet,evening,0,1
ORD105826,36,0,0.0,3222.91,electronics,4,36.91,card,2,2.0,desktop,afternoon,0,0
ORD105827,801,5,0.2657,435.7,home,3,38.04,cod,6,6.0,mobile,afternoon,0,0
ORD105828,54,0,0.0,328.88,beauty,3,6.13,card,4,4.0,desktop,late_night,0,0
ORD105829,0,0,0.0,855.3,electronics,2,51.92,card,1,2.0,desktop,afternoon,1,1
ORD105830,91,2,0.286,3367.69,electronics,4,36.32,card,2,2.0,mobile,evening,0,0
ORD105831,130,3,0.1408,2072.4,footwear,4,5.22,netbanking,2,2.0,desktop,morning,0,0
ORD105832,68,0,0.0,497.65,toys,2,25.56,card,7,7.0,desktop,late_night,0,0
ORD105833,397,7,0.0499,2963.2,fashion,3,21.89,card,6,7.0,tablet,morning,0,1
ORD105834,204,2,0.203,1057.43,home,3,6.47,card,7,6.0,mobile,morning,0,0
ORD105835,534,4,0.2159,571.43,fashion,3,18.11,cod,7,8.0,mobile,afternoon,0,0
ORD105836,0,0,0.0,707.38,fashion,5,22.09,card,1,2.0,desktop,evening,1,0
ORD105837,1893,6,0.0657,411.81,grocery,4,46.33,upi,1,1.0,mobile,morning,0,0
ORD105838,22,0,0.0,260.73,footwear,2,11.75,card,5,,mobile,afternoon,0,1
ORD105839,31,0,0.0,528.69,beauty,4,21.51,card,6,11.0,desktop,evening,0,1
ORD105840,1246,11,0.2854,393.42,beauty,2,24.47,wallet,1,2.0,mobile,afternoon,0,0
ORD105841,305,2,0.3575,792.55,sports,3,10.43,card,4,4.0,mobile,afternoon,0,0
ORD105842,263,2,0.3491,802.31,home,3,19.25,upi,6,5.0,mobile,morning,0,0
ORD105843,291,1,0.2291,1308.04,fashion,3,33.96,cod,4,3.0,desktop,afternoon,0,0
ORD105844,339,2,0.4279,882.17,home,2,23.06,card,2,3.0,mobile,morning,0,0
ORD105845,0,0,0.0,297.8,fashion,2,29.5,wallet,3,2.0,desktop,late_night,1,1
ORD105846,0,0,0.0,925.17,home,2,23.79,upi,4,4.0,mobile,morning,1,0
ORD105847,445,2,0.1872,740.23,home,2,4.68,netbanking,3,5.0,mobile,late_night,0,0
ORD105848,374,0,0.0,881.07,home,3,11.99,upi,7,7.0,mobile,morning,0,1
ORD105849,0,0,0.0,277.01,grocery,4,5.46,card,6,3.0,desktop,evening,1,0
ORD105850,0,0,0.0,2152.69,electronics,5,12.86,card,2,3.0,mobile,morning,1,0
ORD105851,0,0,0.0,110.46,grocery,5,11.24,card,7,9.0,desktop,evening,1,0
ORD105852,46,1,0.174,113.25,grocery,2,11.7,wallet,3,1.0,desktop,afternoon,0,0
ORD105853,1273,9,0.3746,1577.29,electronics,2,48.52,netbanking,6,6.0,mobile,afternoon,0,0
ORD105854,59,0,0.0,1398.8,electronics,7,14.77,card,5,6.0,mobile,morning,0,0
ORD105855,0,0,0.0,336.31,fashion,4,18.3,card,1,1.0,mobile,morning,1,0
ORD105856,136,0,0.0,69.92,grocery,3,18.51,upi,5,6.0,desktop,evening,0,0
ORD105857,112,0,0.0,347.86,grocery,4,8.99,netbanking,5,6.0,mobile,evening,0,0
ORD105858,420,2,0.3516,479.24,fashion,2,14.24,card,3,2.0,mobile,evening,0,0
ORD105859,237,0,0.0,829.21,fashion,3,3.82,wallet,1,3.0,desktop,afternoon,0,0
ORD105860,318,4,0.3356,352.88,grocery,2,23.84,card,3,,desktop,afternoon,0,0
ORD105861,73,0,0.0,1083.24,fashion,3,26.29,card,7,8.0,desktop,afternoon,0,0
ORD105862,149,3,0.23,138.75,grocery,2,32.88,netbanking,1,2.0,mobile,late_night,0,0
ORD105863,77,0,0.0,743.15,footwear,2,14.98,cod,3,3.0,mobile,afternoon,0,0
ORD105864,145,0,0.0,3782.24,home,3,19.89,upi,1,1.0,mobile,evening,0,1
ORD105865,159,1,0.2791,868.49,footwear,1,15.39,upi,5,6.0,mobile,afternoon,0,0
ORD105866,0,0,0.0,2080.59,footwear,4,29.15,card,4,5.0,tablet,evening,1,1
ORD105867,136,1,0.3659,717.59,beauty,3,7.94,card,4,4.0,mobile,afternoon,0,1
ORD105868,17,1,0.3353,275.17,toys,4,31.18,upi,6,11.0,mobile,afternoon,0,1
ORD105869,841,4,0.2923,2369.91,beauty,2,28.64,upi,6,7.0,desktop,afternoon,0,0
ORD105870,297,0,0.0,1937.77,footwear,2,34.33,card,7,7.0,mobile,evening,0,1
ORD105871,156,2,0.2627,357.2,home,2,46.25,card,4,4.0,mobile,morning,0,0
ORD105872,112,1,0.337,657.33,footwear,3,8.58,upi,7,7.0,desktop,afternoon,0,0
ORD105873,63,0,0.0,3067.8,home,2,6.85,card,1,1.0,tablet,late_night,0,1
ORD105874,1528,12,0.1877,1148.94,footwear,3,9.6,netbanking,5,6.0,desktop,late_night,0,0
ORD105875,191,3,0.1172,80.87,grocery,2,10.52,card,1,1.0,tablet,afternoon,0,0
ORD105876,26,0,0.0,315.25,toys,2,21.0,upi,3,3.0,desktop,evening,0,0
ORD105877,259,2,0.0946,253.43,beauty,2,3.3,card,1,1.0,mobile,evening,0,0
ORD105878,683,7,0.1417,4767.63,electronics,1,22.45,card,4,3.0,desktop,evening,0,0
ORD105879,215,0,0.0,738.14,toys,1,9.57,upi,3,3.0,mobile,morning,0,0
ORD105880,67,1,0.4152,1363.23,electronics,4,29.61,netbanking,3,4.0,mobile,afternoon,0,1
ORD105881,60,1,0.071,980.29,electronics,2,25.85,cod,5,6.0,mobile,evening,0,0
ORD105882,0,0,0.0,1056.96,fashion,5,39.46,upi,6,4.0,mobile,afternoon,1,1
ORD105883,0,0,0.0,471.86,toys,3,24.64,card,3,2.0,mobile,late_night,1,0
ORD105884,167,2,0.122,750.55,fashion,2,16.98,card,6,5.0,mobile,morning,0,0
ORD105885,28,1,0.0974,1461.16,sports,4,31.87,card,7,6.0,mobile,afternoon,0,0
ORD105886,276,5,0.3448,332.12,grocery,2,6.97,wallet,3,3.0,mobile,evening,0,0
ORD105887,211,0,0.0,199.18,toys,3,14.61,wallet,6,,desktop,afternoon,0,0
ORD105888,0,0,0.0,1604.24,home,4,2.94,upi,1,1.0,mobile,afternoon,1,0
ORD105889,59,1,0.1869,1517.76,footwear,3,5.11,card,5,6.0,tablet,afternoon,0,0
ORD105890,0,0,0.0,3855.27,home,2,8.46,cod,7,10.0,desktop,evening,1,0
ORD105891,599,7,0.3269,189.93,grocery,3,35.84,wallet,4,3.0,mobile,afternoon,0,0
ORD105892,237,0,0.0,2164.83,home,5,10.22,netbanking,4,5.0,mobile,morning,0,0
ORD105893,0,0,0.0,4137.81,electronics,3,7.51,wallet,4,4.0,mobile,evening,1,1
ORD105894,237,3,0.4887,1861.53,home,3,28.52,card,2,4.0,tablet,afternoon,0,0
ORD105895,259,0,0.0,739.59,fashion,4,24.48,wallet,1,1.0,tablet,evening,0,0
ORD105896,108,0,0.0,154.79,grocery,1,17.54,card,1,1.0,desktop,evening,0,0
ORD105897,0,0,0.0,359.73,beauty,2,38.46,upi,3,1.0,mobile,late_night,1,1
ORD105898,652,7,0.301,335.74,footwear,4,23.66,wallet,2,2.0,desktop,late_night,0,0
ORD105899,859,6,0.0986,255.73,footwear,1,30.34,card,7,10.0,tablet,morning,0,0
ORD105900,0,0,0.0,498.21,grocery,6,41.45,upi,6,6.0,desktop,afternoon,1,0
ORD105901,144,1,0.5172,939.71,electronics,4,41.2,card,2,1.0,desktop,afternoon,0,1
ORD105902,456,3,0.4298,220.58,home,2,19.08,card,2,2.0,tablet,evening,0,1
ORD105903,0,0,0.0,962.53,home,3,10.3,card,5,6.0,desktop,afternoon,1,0
ORD105904,1287,12,0.1502,779.25,beauty,1,12.89,card,3,,desktop,afternoon,0,0
ORD105905,0,0,0.0,1030.07,fashion,1,13.41,netbanking,5,5.0,desktop,morning,1,1
ORD105906,736,8,0.4046,442.58,home,1,43.93,netbanking,7,7.0,mobile,evening,0,0
ORD105907,193,2,0.147,193.22,grocery,3,45.61,card,2,3.0,mobile,morning,0,0
ORD105908,571,3,0.3134,392.77,grocery,2,22.0,card,1,3.0,mobile,morning,0,0
ORD105909,431,2,0.3984,1664.81,home,4,8.63,wallet,2,3.0,mobile,late_night,0,1
ORD105910,0,0,0.0,898.82,fashion,2,9.12,card,1,2.0,mobile,afternoon,1,0
ORD105911,331,2,0.4036,1627.18,home,2,47.42,card,2,3.0,desktop,afternoon,0,1
ORD105912,547,6,0.2089,392.8,beauty,3,23.01,cod,4,2.0,mobile,afternoon,0,0
ORD105913,177,1,0.3392,389.19,grocery,3,22.2,upi,5,6.0,desktop,evening,0,0
ORD105914,138,2,0.2724,342.64,grocery,4,21.38,upi,6,6.0,mobile,morning,0,0
ORD105915,32,0,0.0,783.63,electronics,3,27.05,upi,3,3.0,tablet,evening,0,0
ORD105916,0,0,0.0,128.32,beauty,5,8.39,upi,1,1.0,mobile,evening,1,0
ORD105917,228,1,0.1925,483.86,home,4,11.74,card,5,5.0,mobile,afternoon,0,0
ORD105918,0,0,0.0,439.22,footwear,4,22.12,card,1,1.0,mobile,afternoon,1,1
ORD105919,126,2,0.068,1867.56,footwear,3,13.59,card,2,1.0,mobile,morning,0,1
ORD105920,214,2,0.0995,270.76,grocery,2,3.33,card,2,4.0,mobile,afternoon,0,0
ORD105921,98,2,0.2592,163.2,grocery,2,4.51,card,2,2.0,mobile,evening,0,0
ORD105922,181,1,0.0617,256.62,grocery,3,28.13,wallet,2,1.0,desktop,afternoon,0,0
ORD105923,26,0,0.0,1949.75,electronics,1,27.7,upi,5,5.0,desktop,morning,0,1
ORD105924,799,2,0.1879,648.04,home,6,26.47,card,4,6.0,desktop,afternoon,0,1
ORD105925,184,2,0.2016,488.8,footwear,2,44.28,card,3,3.0,mobile,evening,0,0
ORD105926,0,0,0.0,221.87,grocery,2,40.43,upi,6,4.0,mobile,afternoon,1,1
ORD105927,0,0,0.0,1955.93,electronics,5,24.24,card,3,5.0,mobile,late_night,1,1
ORD105928,0,0,0.0,1491.99,electronics,3,2.87,upi,6,7.0,desktop,morning,1,0
ORD105929,334,2,0.2312,1214.13,electronics,2,27.58,card,6,,mobile,morning,0,0
ORD105930,0,0,0.0,386.12,fashion,2,8.95,card,3,3.0,mobile,morning,1,1
ORD105931,468,2,0.0228,1109.59,home,5,22.13,card,1,1.0,tablet,evening,0,0
ORD105932,467,2,0.243,670.13,home,1,21.13,card,7,8.0,mobile,evening,0,1
ORD105933,224,3,0.3211,981.91,fashion,3,18.7,card,6,7.0,mobile,afternoon,0,1
ORD105934,137,1,0.1271,5068.62,electronics,3,29.29,card,1,1.0,mobile,late_night,0,0
ORD105935,114,1,0.0598,436.05,sports,3,61.38,upi,4,,desktop,morning,0,1
ORD105936,288,2,0.1002,741.82,home,8,3.13,netbanking,5,6.0,mobile,evening,0,0
ORD105937,842,5,0.2396,551.12,electronics,2,19.43,card,1,2.0,desktop,evening,0,0
ORD105938,161,3,0.2846,372.01,beauty,1,17.11,cod,7,6.0,desktop,evening,0,0
ORD105939,0,0,0.0,6334.78,electronics,5,25.44,cod,4,4.0,tablet,evening,1,0
ORD105940,273,4,0.3145,1001.7,fashion,2,8.05,card,5,5.0,desktop,afternoon,0,0
ORD105941,275,0,0.0,184.06,grocery,3,34.12,cod,2,2.0,desktop,evening,0,0
ORD105942,2554,18,0.3384,405.6,grocery,3,14.41,card,1,1.0,desktop,evening,0,1
ORD105943,0,0,0.0,133.31,grocery,2,5.27,upi,1,4.0,mobile,evening,1,0
ORD105944,1148,7,0.1017,766.35,electronics,3,9.35,cod,5,3.0,mobile,morning,0,0
ORD105945,75,0,0.0,1394.85,home,4,47.71,upi,7,8.0,mobile,late_night,0,0
ORD105946,2021,15,0.4949,708.78,home,2,12.52,cod,4,3.0,mobile,evening,0,0
ORD105947,165,0,0.0,377.25,beauty,1,0.59,upi,4,4.0,mobile,late_night,0,0
ORD105948,141,1,0.2396,284.05,grocery,2,23.12,card,2,5.0,desktop,late_night,0,0
ORD105949,16,0,0.0,1413.31,electronics,3,8.44,card,3,2.0,mobile,evening,0,0
ORD105950,259,2,0.2499,732.95,grocery,3,8.71,cod,7,6.0,tablet,evening,0,0
ORD105951,55,0,0.0,158.81,beauty,1,48.16,card,3,4.0,mobile,morning,0,0
ORD105952,284,0,0.0,167.66,grocery,2,11.59,upi,2,6.0,mobile,evening,0,0
ORD105953,50,0,0.0,344.48,grocery,4,14.5,cod,2,3.0,mobile,morning,0,0
ORD105954,1309,11,0.2375,129.87,grocery,2,33.68,wallet,6,6.0,desktop,late_night,0,0
ORD105955,332,1,0.3406,517.4,home,2,50.51,wallet,7,8.0,mobile,morning,0,0
ORD105956,2225,21,0.165,805.19,beauty,2,8.98,card,6,,mobile,evening,0,0
ORD105957,58,1,0.2622,366.78,fashion,2,28.96,cod,4,5.0,mobile,morning,0,0
ORD105958,996,5,0.1814,1564.09,home,1,29.81,card,7,6.0,desktop,morning,0,0
ORD105959,24,0,0.0,200.77,toys,1,19.77,card,2,1.0,mobile,evening,0,0
ORD105960,227,2,0.3578,7124.79,electronics,2,3.77,cod,1,1.0,mobile,afternoon,0,0
ORD105961,90,1,0.28,2721.13,electronics,3,55.25,netbanking,5,4.0,mobile,late_night,0,0
ORD105962,110,0,0.0,721.56,beauty,4,9.31,cod,2,5.0,mobile,evening,0,0
ORD105963,102,0,0.0,1288.96,electronics,2,2.19,card,6,6.0,desktop,evening,0,0
ORD105964,66,1,0.0852,740.58,footwear,2,5.16,netbanking,3,4.0,desktop,afternoon,0,0
ORD105965,45,1,0.1923,3400.5,toys,1,36.87,netbanking,2,3.0,mobile,evening,0,0
ORD105966,111,2,0.7529,307.84,fashion,2,64.74,wallet,7,7.0,mobile,afternoon,0,1
ORD105967,205,2,0.3065,495.1,footwear,3,22.31,netbanking,7,7.0,mobile,afternoon,0,0
ORD105968,652,10,0.3141,349.74,beauty,3,83.85,upi,2,1.0,desktop,evening,0,0
ORD105969,0,0,0.0,580.31,toys,2,42.38,card,5,4.0,mobile,evening,1,0
ORD105970,654,4,0.1811,1070.87,fashion,3,26.8,upi,3,3.0,mobile,morning,0,0
ORD105971,35,0,0.0,2393.86,electronics,4,9.84,wallet,4,3.0,mobile,evening,0,0
ORD105972,112,1,0.3442,138.37,grocery,6,8.03,upi,4,3.0,desktop,evening,0,1
ORD105973,0,0,0.0,1260.3,footwear,1,4.62,card,4,7.0,mobile,evening,1,0
ORD105974,0,0,0.0,1129.18,fashion,4,9.36,card,6,6.0,mobile,evening,1,0
ORD105975,70,1,0.0992,696.08,fashion,2,6.91,upi,5,6.0,desktop,evening,0,0
ORD105976,506,5,0.3127,331.83,toys,2,19.55,card,5,3.0,mobile,afternoon,0,1
ORD105977,101,3,0.2347,359.39,grocery,3,31.48,upi,7,6.0,tablet,late_night,0,0
ORD105978,77,0,0.0,725.32,home,5,5.38,netbanking,7,8.0,mobile,afternoon,0,0
ORD105979,309,3,0.3759,498.0,toys,1,39.11,upi,7,7.0,mobile,morning,0,1
ORD105980,182,3,0.3158,671.2,fashion,3,3.65,upi,2,3.0,mobile,morning,0,1
ORD105981,101,1,0.2321,359.0,fashion,3,33.74,upi,1,1.0,desktop,morning,0,0
ORD105982,0,0,0.0,906.03,home,3,61.07,wallet,1,1.0,mobile,evening,1,0
ORD105983,55,0,0.0,622.19,grocery,3,13.96,upi,7,,desktop,morning,0,0
ORD105984,117,0,0.0,1064.33,fashion,4,21.96,card,5,4.0,desktop,morning,0,0
ORD105985,607,4,0.1423,1478.51,electronics,3,9.74,wallet,1,1.0,desktop,afternoon,0,0
ORD105986,237,2,0.4005,558.16,fashion,3,18.16,upi,7,8.0,mobile,morning,0,0
ORD105987,520,3,0.5475,1007.16,grocery,3,3.88,netbanking,1,2.0,tablet,afternoon,0,0
ORD105988,0,0,0.0,400.34,footwear,3,44.1,netbanking,2,1.0,mobile,late_night,1,1
ORD105989,92,1,0.4969,1387.9,home,4,23.49,card,1,1.0,mobile,evening,0,0
ORD105990,29,0,0.0,1554.79,fashion,1,12.65,upi,6,6.0,mobile,evening,0,1
ORD105991,65,1,0.3408,783.9,electronics,1,24.96,cod,7,7.0,desktop,afternoon,0,1
ORD105992,0,0,0.0,589.16,fashion,6,27.76,upi,5,8.0,mobile,late_night,1,1
ORD105993,0,0,0.0,1120.49,toys,4,30.82,card,5,5.0,desktop,afternoon,1,1
ORD105994,533,5,0.0621,265.4,beauty,2,21.09,cod,1,4.0,mobile,afternoon,0,1
ORD105995,527,6,0.0602,980.63,home,5,43.39,netbanking,2,4.0,mobile,evening,0,0
ORD105996,2065,16,0.244,636.97,electronics,4,19.0,card,5,6.0,mobile,afternoon,0,0
ORD105997,0,0,0.0,499.82,fashion,3,28.99,card,2,1.0,desktop,afternoon,1,0
ORD105998,0,0,0.0,4499.89,electronics,3,47.39,netbanking,2,2.0,mobile,afternoon,1,0
ORD105999,0,0,0.0,308.55,footwear,3,18.29,upi,3,4.0,mobile,late_night,1,0
ORD106000,140,2,0.1412,281.55,home,2,17.84,netbanking,6,7.0,mobile,afternoon,0,0
ORD106001,305,2,0.0406,645.23,fashion,2,20.69,netbanking,4,4.0,mobile,late_night,0,0
ORD106002,709,5,0.1181,1282.05,home,7,20.08,upi,1,1.0,mobile,evening,0,0
ORD106003,169,0,0.0,366.0,toys,2,11.17,wallet,6,7.0,mobile,evening,0,0
ORD106004,156,0,0.0,1365.13,electronics,4,11.87,upi,1,2.0,mobile,afternoon,0,0
ORD106005,90,0,0.0,1112.8,fashion,7,14.05,upi,1,1.0,mobile,late_night,0,0
ORD106006,13,0,0.0,1040.98,beauty,2,19.11,card,4,3.0,desktop,evening,0,0
ORD106007,0,0,0.0,1375.32,sports,1,8.15,card,7,8.0,desktop,afternoon,1,1
ORD106008,0,0,0.0,1856.3,sports,1,18.11,card,6,6.0,mobile,late_night,1,0
ORD106009,0,0,0.0,1657.19,electronics,4,7.89,upi,7,12.0,mobile,late_night,1,0
ORD106010,288,4,0.1828,569.85,home,4,30.34,card,2,1.0,desktop,evening,0,0
ORD106011,36,0,0.0,596.85,electronics,3,15.49,card,5,5.0,mobile,evening,0,0
ORD106012,439,4,0.0745,196.22,toys,3,9.96,upi,1,3.0,mobile,morning,0,0
ORD106013,308,5,0.281,673.55,footwear,2,24.09,card,2,5.0,mobile,evening,0,1
ORD106014,116,1,0.1813,2190.93,home,3,8.85,card,5,5.0,mobile,morning,0,0
ORD106015,169,2,0.0744,456.69,home,4,9.79,card,3,3.0,mobile,evening,0,0
ORD106016,48,0,0.0,5693.31,fashion,2,19.35,netbanking,1,4.0,desktop,afternoon,0,0
ORD106017,0,0,0.0,780.68,home,3,5.02,card,7,6.0,mobile,morning,1,1
ORD106018,222,4,0.0961,437.22,home,3,15.53,upi,3,2.0,mobile,evening,0,0
ORD106019,0,0,0.0,1150.38,electronics,1,41.12,card,5,4.0,mobile,evening,1,0
ORD106020,0,0,0.0,699.0,footwear,1,17.39,upi,7,9.0,mobile,evening,1,1
ORD106021,0,0,0.0,2296.21,home,3,8.33,card,4,4.0,mobile,morning,1,0
ORD106022,34,0,0.0,1036.51,sports,6,13.49,upi,4,4.0,desktop,evening,0,0
ORD106023,0,0,0.0,400.44,sports,3,48.08,card,4,4.0,desktop,evening,1,0
ORD106024,0,0,0.0,5793.9,electronics,1,25.92,upi,5,7.0,tablet,evening,1,0
ORD106025,0,0,0.0,191.26,grocery,1,54.54,card,3,3.0,mobile,afternoon,1,0
ORD106026,284,0,0.0,166.58,grocery,3,5.41,cod,1,4.0,mobile,evening,0,0
ORD106027,723,6,0.1277,1326.9,sports,4,9.09,upi,6,4.0,mobile,afternoon,0,0
ORD106028,0,0,0.0,885.62,beauty,5,28.14,card,2,1.0,mobile,late_night,1,0
ORD106029,97,1,0.4888,3324.55,electronics,3,47.99,card,5,5.0,mobile,afternoon,0,0
ORD106030,35,0,0.0,281.19,sports,2,17.65,card,6,6.0,mobile,afternoon,0,0
ORD106031,42,0,0.0,5281.89,electronics,2,53.09,card,4,4.0,desktop,afternoon,0,0
ORD106032,128,1,0.2924,317.54,fashion,2,15.98,netbanking,7,6.0,desktop,morning,0,1
ORD106033,905,4,0.3933,1375.08,home,3,10.79,card,7,6.0,tablet,evening,0,1
ORD106034,0,0,0.0,1319.22,sports,2,15.12,card,6,5.0,desktop,afternoon,1,1
ORD106035,0,0,0.0,672.09,beauty,5,49.07,cod,7,7.0,mobile,late_night,1,1
ORD106036,0,0,0.0,379.07,beauty,3,17.74,upi,1,1.0,mobile,evening,1,1
ORD106037,100,1,0.2671,3796.46,electronics,1,13.04,netbanking,2,1.0,mobile,afternoon,0,0
ORD106038,179,2,0.2096,300.82,grocery,1,33.8,card,5,6.0,mobile,late_night,0,0
ORD106039,44,1,0.3085,1961.28,footwear,1,7.78,upi,3,2.0,mobile,afternoon,0,0
ORD106040,597,7,0.1712,301.4,fashion,3,15.12,cod,1,4.0,desktop,morning,0,1
ORD106041,154,1,0.1431,1797.89,toys,3,31.22,netbanking,7,6.0,mobile,afternoon,0,0
ORD106042,2771,19,0.3298,262.32,home,2,33.14,card,5,5.0,mobile,evening,0,0
ORD106043,0,0,0.0,1716.85,toys,1,24.98,netbanking,5,5.0,mobile,evening,1,1
ORD106044,1041,9,0.1928,466.77,fashion,1,20.93,card,2,3.0,desktop,evening,0,0
ORD106045,837,8,0.1879,398.03,grocery,3,47.56,wallet,6,6.0,desktop,morning,0,0
ORD106046,115,2,0.0905,486.96,fashion,2,19.5,upi,1,,desktop,afternoon,0,0
ORD106047,117,2,0.2426,351.43,fashion,3,3.33,card,6,8.0,mobile,morning,0,0
ORD106048,65,1,0.2873,548.69,footwear,1,39.44,upi,5,5.0,mobile,morning,0,0
ORD106049,66,0,0.0,1176.5,fashion,4,15.1,card,7,7.0,mobile,morning,0,0
ORD106050,181,1,0.0714,1276.84,sports,4,20.54,upi,3,3.0,desktop,morning,0,0
ORD106051,185,3,0.3741,1077.06,beauty,3,4.24,card,3,4.0,mobile,late_night,0,1
ORD106052,0,0,0.0,768.15,toys,2,34.07,upi,3,4.0,mobile,afternoon,1,1
ORD106053,2259,11,0.4334,872.92,fashion,6,13.17,card,5,3.0,mobile,evening,0,0
ORD106054,136,0,0.0,971.77,grocery,2,51.74,card,5,5.0,desktop,afternoon,0,0
ORD106055,194,1,0.4686,943.07,fashion,2,4.46,cod,1,1.0,mobile,morning,0,1
ORD106056,91,0,0.0,339.57,fashion,2,34.08,netbanking,1,1.0,tablet,afternoon,0,0
ORD106057,135,2,0.5065,221.77,toys,1,32.65,card,2,,mobile,late_night,0,0
ORD106058,0,0,0.0,2746.19,footwear,2,22.18,upi,7,7.0,mobile,evening,1,0
ORD106059,0,0,0.0,281.65,grocery,3,4.72,card,3,6.0,mobile,late_night,1,0
ORD106060,178,2,0.1607,1015.37,sports,2,8.08,cod,4,7.0,desktop,afternoon,0,0
ORD106061,439,5,0.4113,446.89,fashion,2,19.54,wallet,1,1.0,mobile,afternoon,0,0
ORD106062,232,2,0.2828,325.29,sports,3,8.95,upi,4,2.0,mobile,late_night,0,0
ORD106063,393,3,0.0413,3567.95,home,3,14.96,card,3,5.0,mobile,afternoon,0,0
ORD106064,179,4,0.3264,188.55,beauty,1,24.82,netbanking,2,3.0,desktop,afternoon,0,0
ORD106065,0,0,0.0,262.64,toys,1,38.17,card,3,4.0,desktop,evening,1,1
ORD106066,139,4,0.6059,359.52,beauty,4,20.26,upi,2,2.0,mobile,evening,0,1
ORD106067,546,4,0.3253,700.66,sports,3,18.05,upi,4,5.0,desktop,evening,0,0
ORD106068,258,0,0.0,647.35,sports,3,6.72,upi,6,7.0,desktop,morning,0,0
ORD106069,152,2,0.3142,1213.76,footwear,1,41.31,card,4,3.0,mobile,afternoon,0,1
ORD106070,0,0,0.0,655.5,grocery,1,5.45,netbanking,4,10.0,desktop,evening,1,0
ORD106071,160,1,0.1506,1667.25,electronics,2,21.38,upi,6,6.0,mobile,afternoon,0,0
ORD106072,187,1,0.4692,830.6,fashion,2,6.68,card,3,5.0,desktop,late_night,0,0
ORD106073,170,2,0.2212,904.49,electronics,2,16.88,upi,5,7.0,mobile,morning,0,0
ORD106074,0,0,0.0,1019.29,fashion,4,49.86,upi,4,3.0,desktop,morning,1,1
ORD106075,420,2,0.799,748.43,home,2,58.38,card,5,5.0,mobile,morning,0,0
ORD106076,450,4,0.2124,521.43,fashion,5,47.02,card,5,5.0,tablet,afternoon,0,0
ORD106077,1289,13,0.1913,1482.17,footwear,3,36.32,upi,2,2.0,mobile,late_night,0,0
ORD106078,93,2,0.0996,358.96,sports,5,21.33,card,2,4.0,mobile,evening,0,0
ORD106079,0,0,0.0,2025.15,sports,2,1.66,card,7,11.0,mobile,evening,1,1
ORD106080,22,0,0.0,435.47,beauty,4,5.89,card,1,6.0,mobile,afternoon,0,1
ORD106081,451,2,0.0915,702.67,sports,2,27.27,netbanking,5,4.0,mobile,evening,0,0
ORD106082,36,0,0.0,3105.69,home,1,42.33,card,5,5.0,mobile,morning,0,0
ORD106083,61,0,0.0,1592.26,home,5,21.68,upi,5,5.0,mobile,afternoon,0,0
ORD106084,261,1,0.2424,276.21,home,1,38.32,upi,6,7.0,mobile,evening,0,0
ORD106085,0,0,0.0,1340.42,fashion,3,23.53,cod,6,8.0,desktop,afternoon,1,1
ORD106086,78,0,0.0,2635.55,electronics,6,7.05,upi,7,6.0,tablet,evening,0,0
ORD106087,106,2,0.7636,371.54,home,2,37.05,cod,3,4.0,mobile,evening,0,1
ORD106088,404,4,0.0906,861.83,home,1,40.75,upi,6,7.0,tablet,morning,0,0
ORD106089,64,2,0.1886,1596.42,home,2,8.17,cod,3,3.0,tablet,afternoon,0,0
ORD106090,170,1,0.4142,482.94,electronics,5,5.96,card,2,2.0,mobile,evening,0,1
ORD106091,119,0,0.0,523.84,grocery,2,30.49,netbanking,2,8.0,mobile,afternoon,0,0
ORD106092,446,6,0.4103,750.5,sports,2,31.33,upi,4,3.0,mobile,evening,0,0
ORD106093,460,5,0.2457,267.31,grocery,3,23.32,card,1,1.0,mobile,evening,0,0
ORD106094,0,0,0.0,3860.52,electronics,3,21.84,netbanking,3,2.0,mobile,evening,1,1
ORD106095,572,4,0.2493,1018.8,electronics,3,36.09,card,2,2.0,mobile,evening,0,0
ORD106096,92,1,0.1757,244.66,toys,1,19.58,upi,6,7.0,mobile,evening,0,1
ORD106097,235,2,0.3512,1242.15,footwear,3,17.55,cod,1,1.0,mobile,evening,0,0
ORD106098,64,0,0.0,730.57,fashion,2,32.76,card,3,4.0,mobile,evening,0,0
ORD106099,272,0,0.0,553.09,footwear,1,24.72,upi,5,5.0,desktop,afternoon,0,0
ORD106100,3000,17,0.1547,350.14,home,5,47.66,upi,3,3.0,mobile,morning,0,0
ORD106101,208,1,0.2737,510.89,fashion,2,14.07,card,2,4.0,mobile,afternoon,0,1
ORD106102,0,0,0.0,495.07,footwear,3,6.82,netbanking,7,8.0,mobile,morning,1,0
ORD106103,0,0,0.0,629.66,footwear,1,11.6,upi,6,13.0,desktop,evening,1,0
ORD106104,36,0,0.0,293.52,home,2,26.53,card,4,5.0,mobile,morning,0,0
ORD106105,0,0,0.0,183.11,grocery,5,3.98,wallet,2,3.0,tablet,evening,1,0
ORD106106,0,0,0.0,1282.18,sports,2,42.71,card,3,5.0,tablet,morning,1,1
ORD106107,57,0,0.0,699.05,footwear,3,22.35,wallet,4,8.0,mobile,evening,0,0
ORD106108,59,2,0.2894,258.11,grocery,2,46.6,upi,6,7.0,mobile,morning,0,0
ORD106109,184,2,0.1454,378.87,footwear,3,3.91,card,1,2.0,mobile,evening,0,1
ORD106110,505,3,0.2639,232.53,beauty,3,20.2,card,4,5.0,mobile,late_night,0,0
ORD106111,51,0,0.0,605.99,footwear,5,37.48,card,5,9.0,desktop,late_night,0,0
ORD106112,616,10,0.476,866.05,home,1,53.43,card,6,15.0,mobile,afternoon,0,0
ORD106113,0,0,0.0,491.35,home,3,15.81,netbanking,4,2.0,desktop,evening,1,0
ORD106114,65,2,0.2581,1087.77,sports,3,29.02,card,6,7.0,mobile,afternoon,0,0
ORD106115,108,2,0.043,834.95,footwear,1,24.39,upi,2,1.0,mobile,morning,0,0
ORD106116,1240,3,0.41,250.46,toys,1,30.01,upi,4,5.0,desktop,evening,0,0
ORD106117,39,0,0.0,692.78,grocery,1,13.37,netbanking,3,3.0,desktop,afternoon,0,0
ORD106118,0,0,0.0,495.89,home,5,35.69,card,5,5.0,desktop,evening,1,0
ORD106119,516,9,0.1024,157.1,grocery,2,11.63,cod,3,5.0,mobile,evening,0,0
ORD106120,230,1,0.053,1087.9,electronics,2,1.49,card,1,2.0,mobile,evening,0,0
ORD106121,75,1,0.2508,171.57,beauty,2,8.24,card,6,6.0,desktop,afternoon,0,0
ORD106122,523,5,0.1738,195.52,fashion,4,11.09,wallet,1,1.0,desktop,afternoon,0,0
ORD106123,551,5,0.1319,620.46,grocery,5,6.45,cod,2,3.0,mobile,late_night,0,0
ORD106124,261,2,0.2545,3207.27,electronics,1,51.26,card,2,3.0,desktop,afternoon,0,1
ORD106125,92,0,0.0,519.64,sports,3,6.65,card,7,6.0,desktop,afternoon,0,0
ORD106126,109,1,0.2195,1386.6,home,1,29.8,card,3,5.0,desktop,evening,0,0
ORD106127,247,1,0.2375,611.57,sports,2,34.12,netbanking,2,2.0,desktop,evening,0,0
ORD106128,42,0,0.0,361.77,footwear,1,12.49,card,7,7.0,mobile,afternoon,0,0
ORD106129,780,8,0.1281,1422.41,electronics,4,19.67,wallet,2,2.0,mobile,evening,0,1
ORD106130,1176,10,0.0405,245.68,grocery,3,4.68,upi,5,7.0,mobile,morning,0,0
ORD106131,139,0,0.0,1029.62,toys,3,49.58,upi,7,7.0,mobile,evening,0,0
ORD106132,268,2,0.2078,167.95,home,5,8.51,wallet,3,3.0,mobile,late_night,0,0
ORD106133,668,2,0.1535,542.16,fashion,4,35.6,upi,3,4.0,desktop,evening,0,0
ORD106134,1557,11,0.2347,8223.12,electronics,1,40.31,card,6,7.0,mobile,evening,0,0
ORD106135,1004,6,0.0991,61.45,grocery,2,28.49,netbanking,2,1.0,tablet,morning,0,0
ORD106136,0,0,0.0,593.76,home,1,22.75,card,2,1.0,desktop,evening,1,0
ORD106137,128,1,0.1886,236.18,grocery,1,18.41,cod,3,3.0,desktop,afternoon,0,0
ORD106138,314,0,0.0,1877.2,electronics,4,20.27,card,1,2.0,mobile,evening,0,0
ORD106139,105,1,0.0322,1107.37,fashion,5,33.99,upi,7,9.0,mobile,afternoon,0,1
ORD106140,1288,9,0.1795,487.51,beauty,2,76.44,netbanking,6,9.0,desktop,late_night,0,0
ORD106141,1088,12,0.141,5117.57,electronics,1,21.54,upi,4,5.0,mobile,evening,0,0
ORD106142,73,0,0.0,678.64,home,2,44.97,card,7,5.0,mobile,afternoon,0,0
ORD106143,151,4,0.1659,1999.41,sports,4,34.9,card,7,6.0,mobile,evening,0,1
ORD106144,79,3,0.4499,661.97,footwear,2,22.37,cod,1,1.0,mobile,afternoon,0,1
ORD106145,146,2,0.4294,2921.56,electronics,2,0.84,card,1,1.0,mobile,morning,0,0
ORD106146,141,1,0.5116,422.51,fashion,4,12.28,netbanking,7,13.0,mobile,evening,0,0
ORD106147,517,3,0.3096,354.03,fashion,1,9.33,upi,3,3.0,mobile,late_night,0,0
ORD106148,0,0,0.0,673.97,electronics,3,21.72,card,6,3.0,mobile,afternoon,1,0
ORD106149,10,1,0.2023,553.29,fashion,3,3.8,card,5,4.0,mobile,late_night,0,0
ORD106150,0,0,0.0,1030.7,electronics,5,23.68,upi,7,7.0,mobile,morning,1,0
ORD106151,58,0,0.0,651.22,toys,2,48.59,upi,7,5.0,desktop,morning,0,0
ORD106152,88,1,0.267,1063.37,fashion,6,14.07,netbanking,4,4.0,mobile,evening,0,0
ORD106153,222,3,0.1195,907.57,beauty,3,17.48,upi,5,5.0,desktop,afternoon,0,0
ORD106154,55,0,0.0,3007.1,electronics,3,0.85,card,6,8.0,desktop,afternoon,0,1
ORD106155,47,0,0.0,3636.8,electronics,2,11.05,upi,4,4.0,tablet,morning,0,0
ORD106156,65,1,0.1799,1424.01,home,2,1.56,card,3,4.0,mobile,evening,0,0
ORD106157,53,1,0.1235,768.27,electronics,4,37.44,card,1,1.0,desktop,morning,0,1
ORD106158,98,1,0.3428,804.54,fashion,3,34.32,upi,2,1.0,mobile,afternoon,0,0
ORD106159,0,0,0.0,309.8,toys,3,6.62,card,4,8.0,desktop,morning,1,0
ORD106160,386,2,0.3635,665.44,footwear,3,18.79,cod,7,5.0,desktop,afternoon,0,0
ORD106161,61,1,0.1765,426.61,beauty,3,29.77,card,2,1.0,tablet,morning,0,0
ORD106162,122,1,0.2732,51.49,grocery,3,42.11,card,6,7.0,mobile,evening,0,0
ORD106163,99,1,0.4296,354.66,footwear,3,25.4,cod,2,3.0,mobile,evening,0,0
ORD106164,0,0,0.0,466.07,fashion,3,16.16,card,6,7.0,desktop,late_night,1,0
ORD106165,152,1,0.3668,135.14,sports,4,39.7,card,1,1.0,mobile,morning,0,0
ORD106166,575,5,0.2378,1653.71,fashion,2,61.42,cod,4,4.0,mobile,afternoon,0,1
ORD106167,51,0,0.0,960.68,home,3,22.41,card,1,2.0,mobile,evening,0,0
ORD106168,171,4,0.0976,717.62,fashion,2,35.2,card,5,3.0,tablet,afternoon,0,1
ORD106169,96,2,0.3106,3458.03,electronics,2,23.19,card,7,9.0,mobile,evening,0,0
ORD106170,0,0,0.0,1211.08,footwear,4,54.17,upi,5,3.0,desktop,evening,1,1
ORD106171,168,2,0.1429,1577.2,sports,3,32.88,upi,7,6.0,tablet,afternoon,0,0
ORD106172,1219,9,0.3471,3465.91,electronics,5,5.51,card,2,2.0,desktop,evening,0,1
ORD106173,70,3,0.2817,363.12,grocery,2,12.37,upi,3,2.0,mobile,morning,0,0
ORD106174,157,1,0.177,2122.7,electronics,4,14.0,netbanking,6,5.0,mobile,evening,0,0
ORD106175,0,0,0.0,1207.32,home,1,29.04,upi,3,4.0,desktop,afternoon,1,1
ORD106176,36,2,0.2111,175.12,beauty,3,27.66,wallet,3,3.0,mobile,morning,0,1
ORD106177,76,0,0.0,100.63,beauty,3,1.35,card,3,2.0,mobile,evening,0,0
ORD106178,110,0,0.0,121.46,toys,3,19.57,card,7,7.0,tablet,morning,0,0
ORD106179,116,1,0.1602,2762.16,electronics,5,7.41,card,1,1.0,tablet,afternoon,0,0
ORD106180,141,1,0.4415,608.8,home,1,49.83,upi,6,6.0,desktop,late_night,0,0
ORD106181,29,0,0.0,425.08,toys,1,16.55,upi,5,5.0,desktop,morning,0,0
ORD106182,0,0,0.0,1889.92,electronics,2,3.57,cod,1,2.0,mobile,afternoon,1,1
ORD106183,314,1,0.1476,1986.56,footwear,1,12.95,card,6,6.0,mobile,evening,0,0
ORD106184,40,0,0.0,2685.25,electronics,1,12.49,card,7,,mobile,afternoon,0,0
ORD106185,122,0,0.0,1946.92,electronics,2,50.71,upi,6,8.0,desktop,late_night,0,1
ORD106186,250,2,0.2051,884.29,fashion,2,28.59,netbanking,7,7.0,desktop,afternoon,0,1
ORD106187,76,1,0.4918,3524.93,footwear,4,27.41,upi,3,3.0,mobile,evening,0,0
ORD106188,263,3,0.2459,330.48,fashion,2,9.51,card,5,6.0,mobile,morning,0,0
ORD106189,34,1,0.0967,1946.44,footwear,4,27.0,card,3,2.0,desktop,evening,0,1
ORD106190,0,0,0.0,522.75,toys,3,31.85,upi,5,3.0,mobile,afternoon,1,1
ORD106191,271,4,0.0211,417.47,beauty,3,18.83,cod,4,5.0,mobile,morning,0,0
ORD106192,192,4,0.0806,2620.93,electronics,6,22.15,card,2,7.0,desktop,evening,0,0
ORD106193,624,5,0.2848,81.04,grocery,3,32.54,card,4,,mobile,evening,0,0
ORD106194,126,2,0.4192,208.86,beauty,2,10.81,upi,7,11.0,mobile,afternoon,0,1
ORD106195,91,0,0.0,967.33,footwear,3,21.54,upi,2,3.0,mobile,afternoon,0,1
ORD106196,0,0,0.0,607.85,beauty,3,69.71,wallet,1,1.0,tablet,morning,1,1
ORD106197,1373,10,0.1141,1425.56,sports,3,17.13,wallet,2,2.0,mobile,evening,0,0
ORD106198,84,0,0.0,1089.92,fashion,2,46.32,card,7,9.0,mobile,evening,0,1
ORD106199,0,0,0.0,3896.9,sports,2,7.31,netbanking,3,5.0,desktop,morning,1,0
ORD106200,572,9,0.3401,1077.05,electronics,4,31.04,upi,3,3.0,tablet,late_night,0,0
ORD106201,166,4,0.4428,1159.03,home,5,14.0,cod,4,3.0,mobile,evening,0,0
ORD106202,348,3,0.1642,1116.99,fashion,1,42.3,card,1,2.0,mobile,afternoon,0,0
ORD106203,427,5,0.1098,954.94,footwear,2,17.2,cod,7,7.0,mobile,afternoon,0,0
ORD106204,97,1,0.1332,1567.07,electronics,1,52.53,card,4,5.0,tablet,morning,0,0
ORD106205,287,2,0.2468,554.55,sports,4,53.63,upi,7,6.0,desktop,late_night,0,1
ORD106206,180,1,0.1158,254.26,grocery,4,36.14,card,2,2.0,desktop,evening,0,0
ORD106207,47,1,0.1523,2369.74,sports,1,6.06,upi,4,3.0,mobile,evening,0,0
ORD106208,61,2,0.1012,1365.43,grocery,5,52.22,card,3,2.0,mobile,evening,0,0
ORD106209,0,0,0.0,152.06,toys,3,16.56,upi,5,6.0,mobile,afternoon,1,0
ORD106210,503,2,0.3889,670.39,fashion,1,36.17,card,5,6.0,mobile,late_night,0,0
ORD106211,521,4,0.1157,147.89,toys,2,38.42,card,6,6.0,desktop,afternoon,0,0
ORD106212,413,2,0.3172,176.68,grocery,2,15.7,card,1,2.0,mobile,evening,0,0
ORD106213,294,1,0.1172,520.64,beauty,2,10.28,wallet,1,,mobile,evening,0,0
ORD106214,285,3,0.338,128.03,grocery,2,21.57,wallet,5,,mobile,afternoon,0,1
ORD106215,245,2,0.2106,214.78,grocery,3,12.58,card,2,3.0,tablet,late_night,0,0
ORD106216,283,0,0.0,434.13,fashion,2,15.68,card,2,5.0,desktop,afternoon,0,0
ORD106217,305,1,0.6854,841.7,footwear,4,3.13,upi,2,4.0,mobile,evening,0,1
ORD106218,38,0,0.0,711.03,sports,2,20.72,wallet,2,2.0,desktop,afternoon,0,0
ORD106219,75,0,0.0,3837.29,electronics,3,17.59,upi,4,3.0,desktop,afternoon,0,0
ORD106220,58,0,0.0,632.01,fashion,3,10.62,upi,6,7.0,mobile,morning,0,0
ORD106221,612,4,0.1302,238.56,beauty,1,7.62,card,3,4.0,mobile,evening,0,0
ORD106222,1118,11,0.2847,561.78,electronics,3,4.75,upi,2,4.0,mobile,afternoon,0,0
ORD106223,16,0,0.0,281.1,toys,5,9.88,upi,3,4.0,desktop,morning,0,0
ORD106224,1013,7,0.2665,380.94,beauty,5,28.6,upi,5,5.0,desktop,evening,0,0
ORD106225,199,0,0.0,1349.94,sports,3,16.72,upi,6,6.0,mobile,morning,0,1
ORD106226,552,3,0.1768,481.77,grocery,4,17.74,wallet,6,,mobile,afternoon,0,0
ORD106227,316,0,0.0,830.58,beauty,2,20.89,card,2,3.0,desktop,morning,0,1
ORD106228,883,10,0.5907,1296.39,home,2,18.0,card,5,5.0,desktop,evening,0,0
ORD106229,228,3,0.3419,1294.14,fashion,4,11.33,cod,7,8.0,mobile,afternoon,0,1
ORD106230,0,0,0.0,517.3,fashion,4,10.61,cod,1,2.0,mobile,morning,1,0
ORD106231,161,0,0.0,256.8,grocery,3,28.43,netbanking,1,1.0,mobile,afternoon,0,0
ORD106232,0,0,0.0,191.18,grocery,1,20.02,card,7,6.0,desktop,evening,1,0
ORD106233,142,1,0.1583,417.02,footwear,6,6.09,card,7,6.0,mobile,morning,0,0
ORD106234,373,4,0.2944,2286.46,home,4,10.12,cod,1,2.0,mobile,evening,0,0
ORD106235,168,1,0.0802,1476.06,electronics,4,29.73,upi,7,7.0,desktop,evening,0,0
ORD106236,94,0,0.0,131.84,grocery,2,33.27,wallet,3,3.0,mobile,evening,0,1
ORD106237,54,1,0.2358,160.22,grocery,3,50.45,netbanking,5,4.0,mobile,evening,0,1
ORD106238,0,0,0.0,3810.56,home,5,18.94,cod,2,2.0,mobile,afternoon,1,1
ORD106239,227,2,0.4593,522.9,beauty,4,32.46,cod,3,3.0,mobile,evening,0,0
ORD106240,21,0,0.0,2327.87,electronics,2,47.41,card,4,5.0,mobile,evening,0,0
ORD106241,76,0,0.0,603.41,home,2,26.96,cod,4,5.0,mobile,morning,0,0
ORD106242,20,0,0.0,61.52,grocery,5,20.21,card,4,5.0,mobile,evening,0,0
ORD106243,0,0,0.0,270.68,fashion,2,9.01,netbanking,3,4.0,mobile,afternoon,1,1
ORD106244,676,6,0.3025,416.0,fashion,5,40.6,upi,6,7.0,mobile,afternoon,0,0
ORD106245,49,0,0.0,282.84,beauty,3,72.07,card,3,1.0,mobile,morning,0,0
ORD106246,0,0,0.0,289.77,grocery,5,15.89,card,5,9.0,tablet,afternoon,1,0
ORD106247,0,0,0.0,784.54,beauty,2,39.06,card,7,12.0,desktop,morning,1,1
ORD106248,896,4,0.0863,740.57,footwear,2,2.36,upi,5,11.0,desktop,morning,0,1
ORD106249,209,2,0.2347,1174.23,home,3,39.01,upi,3,4.0,mobile,afternoon,0,0
ORD106250,0,0,0.0,3168.02,electronics,3,21.1,netbanking,2,4.0,tablet,afternoon,1,1
ORD106251,40,0,0.0,2600.5,sports,3,19.49,upi,1,1.0,desktop,afternoon,0,0
ORD106252,32,1,0.2518,151.66,grocery,3,17.46,card,2,2.0,desktop,evening,0,1
ORD106253,187,1,0.3332,1162.23,home,3,26.59,wallet,1,1.0,mobile,morning,0,0
ORD106254,0,0,0.0,2300.1,electronics,3,14.55,wallet,7,7.0,mobile,evening,1,0
ORD106255,0,0,0.0,2000.56,electronics,1,24.01,upi,3,4.0,mobile,afternoon,1,0
ORD106256,96,1,0.6464,490.95,fashion,3,70.64,netbanking,3,,mobile,late_night,0,1
ORD106257,224,3,0.0429,145.92,grocery,2,36.58,upi,6,5.0,mobile,evening,0,1
ORD106258,215,2,0.2624,771.63,home,5,17.81,upi,5,5.0,mobile,evening,0,0
ORD106259,156,4,0.2733,769.57,fashion,1,14.82,card,7,6.0,mobile,morning,0,0
ORD106260,0,0,0.0,3498.82,electronics,1,31.56,netbanking,3,5.0,tablet,evening,1,1
ORD106261,70,0,0.0,260.08,grocery,2,32.61,upi,6,11.0,tablet,afternoon,0,0
ORD106262,246,4,0.1045,284.82,fashion,2,15.91,cod,2,1.0,mobile,late_night,0,0
ORD106263,224,1,0.4197,142.68,grocery,2,23.84,card,6,5.0,desktop,morning,0,1
ORD106264,111,0,0.0,374.44,home,1,44.87,card,2,2.0,mobile,evening,0,0
ORD106265,0,0,0.0,606.79,fashion,3,12.51,cod,5,4.0,tablet,afternoon,1,0
ORD106266,561,5,0.2247,356.36,sports,3,50.96,netbanking,1,1.0,mobile,afternoon,0,0
ORD106267,0,0,0.0,414.33,footwear,3,23.48,wallet,1,4.0,mobile,morning,1,1
ORD106268,57,1,0.2012,1993.07,fashion,1,0.98,card,6,7.0,mobile,late_night,0,0
ORD106269,202,1,0.1072,763.09,home,2,30.15,upi,7,6.0,mobile,afternoon,0,0
ORD106270,66,2,0.1577,683.22,fashion,4,24.26,wallet,7,,mobile,evening,0,1
ORD106271,201,3,0.1887,259.3,fashion,2,15.68,upi,5,5.0,desktop,late_night,0,0
ORD106272,66,0,0.0,416.33,beauty,4,44.62,cod,1,1.0,desktop,evening,0,1
ORD106273,738,9,0.1514,202.33,fashion,2,16.23,wallet,3,8.0,mobile,evening,0,1
ORD106274,429,4,0.2476,1028.27,sports,3,50.43,cod,7,,mobile,late_night,0,0
ORD106275,644,6,0.3041,119.76,grocery,2,10.3,netbanking,1,1.0,mobile,late_night,0,0
ORD106276,576,2,0.3852,1267.71,toys,1,48.34,card,3,3.0,mobile,evening,0,1
ORD106277,134,1,0.1276,1666.49,beauty,1,50.69,card,2,3.0,mobile,afternoon,0,0
ORD106278,113,2,0.313,547.44,home,3,45.62,upi,4,4.0,desktop,morning,0,0
ORD106279,1231,12,0.1005,144.04,beauty,2,13.77,card,6,5.0,mobile,afternoon,0,0
ORD106280,151,0,0.0,314.17,beauty,5,16.42,upi,4,3.0,mobile,evening,0,0
ORD106281,40,0,0.0,90.4,grocery,3,4.07,wallet,6,4.0,mobile,morning,0,0
ORD106282,549,7,0.1249,562.66,footwear,3,39.04,card,6,6.0,desktop,morning,0,1
ORD106283,212,2,0.0203,347.61,fashion,2,20.35,card,1,1.0,mobile,afternoon,0,0
ORD106284,0,0,0.0,959.74,beauty,6,18.66,card,6,,desktop,late_night,1,0
ORD106285,236,0,0.0,168.15,footwear,3,19.08,card,2,1.0,tablet,afternoon,0,1
ORD106286,177,3,0.4191,373.28,sports,4,7.86,card,5,6.0,mobile,late_night,0,0
ORD106287,0,0,0.0,1193.6,fashion,3,5.01,card,2,2.0,mobile,evening,1,1
ORD106288,33,0,0.0,283.43,beauty,4,2.95,netbanking,1,1.0,mobile,morning,0,0
ORD106289,0,0,0.0,837.3,grocery,3,44.14,card,6,11.0,mobile,evening,1,0
ORD106290,68,2,0.286,1707.78,electronics,3,19.18,upi,1,1.0,mobile,morning,0,0
ORD106291,0,0,0.0,509.12,beauty,2,11.82,netbanking,2,2.0,desktop,evening,1,1
ORD106292,0,0,0.0,1176.58,sports,4,24.3,card,3,3.0,desktop,morning,1,0
ORD106293,0,0,0.0,1249.25,sports,2,11.65,cod,2,2.0,mobile,late_night,1,1
ORD106294,490,4,0.3961,566.43,fashion,1,24.28,card,6,7.0,tablet,afternoon,0,1
ORD106295,0,0,0.0,584.9,fashion,2,12.24,card,3,4.0,mobile,late_night,1,0
ORD106296,0,0,0.0,3932.81,electronics,1,6.63,upi,5,5.0,mobile,evening,1,0
ORD106297,109,1,0.2448,390.65,fashion,2,3.87,card,7,7.0,mobile,evening,0,0
ORD106298,78,0,0.0,740.03,fashion,4,26.54,card,6,8.0,desktop,late_night,0,0
ORD106299,0,0,0.0,1263.66,electronics,3,13.76,upi,3,3.0,mobile,evening,1,1
ORD106300,498,2,0.3086,1031.24,fashion,1,14.82,netbanking,7,7.0,desktop,afternoon,0,1
ORD106301,171,2,0.0936,1612.0,fashion,3,17.9,wallet,1,2.0,mobile,afternoon,0,0
ORD106302,83,0,0.0,657.86,sports,4,16.37,card,7,7.0,mobile,afternoon,0,0
ORD106303,48,0,0.0,146.9,grocery,4,35.84,card,5,6.0,mobile,late_night,0,0
ORD106304,226,2,0.1231,994.98,electronics,4,10.18,wallet,7,,mobile,evening,0,0
ORD106305,98,3,0.4267,1255.12,fashion,2,14.77,upi,2,2.0,mobile,evening,0,0
ORD106306,167,1,0.0603,1047.28,home,2,27.64,netbanking,1,1.0,mobile,afternoon,0,0
ORD106307,0,0,0.0,416.93,beauty,4,4.45,card,6,8.0,mobile,afternoon,1,0
ORD106308,111,3,0.1223,1474.21,electronics,4,40.0,netbanking,4,4.0,mobile,evening,0,0
ORD106309,250,2,0.4061,535.99,home,2,28.15,cod,5,5.0,mobile,afternoon,0,0
ORD106310,333,1,0.3725,1605.55,home,6,29.67,cod,4,6.0,desktop,evening,0,0
ORD106311,0,0,0.0,497.54,beauty,3,63.49,card,5,5.0,desktop,afternoon,1,0
ORD106312,0,0,0.0,5871.71,electronics,3,27.67,cod,6,5.0,desktop,evening,1,0
ORD106313,1046,11,0.1241,862.16,home,4,18.27,card,3,3.0,desktop,late_night,0,0
ORD106314,73,1,0.0856,791.94,fashion,3,15.72,netbanking,2,1.0,desktop,morning,0,0
ORD106315,31,0,0.0,530.51,footwear,1,12.31,netbanking,7,11.0,desktop,late_night,0,1
ORD106316,178,1,0.1902,560.26,home,5,39.61,card,1,2.0,tablet,late_night,0,0
ORD106317,465,3,0.3837,839.16,home,1,18.23,netbanking,2,1.0,tablet,morning,0,0
ORD106318,392,2,0.4016,676.88,grocery,2,39.84,netbanking,4,4.0,mobile,morning,0,0
ORD106319,687,7,0.1748,528.68,footwear,2,21.61,cod,4,3.0,mobile,morning,0,0
ORD106320,11,0,0.0,208.93,grocery,2,5.39,card,6,6.0,mobile,morning,0,0
ORD106321,719,4,0.233,324.22,home,1,45.18,cod,7,6.0,mobile,afternoon,0,0
ORD106322,0,0,0.0,3742.98,fashion,5,11.75,netbanking,4,3.0,tablet,evening,1,0
ORD106323,33,1,0.0545,435.37,fashion,3,10.91,card,3,3.0,mobile,evening,0,0
ORD106324,401,2,0.2302,323.77,home,4,18.21,upi,1,2.0,tablet,morning,0,0
ORD106325,218,1,0.1094,498.44,beauty,1,13.93,upi,2,2.0,tablet,evening,0,0
ORD106326,0,0,0.0,610.7,toys,3,13.25,card,4,4.0,desktop,evening,1,0
ORD106327,544,6,0.2273,1275.59,footwear,3,9.32,cod,3,4.0,mobile,afternoon,0,0
ORD106328,290,1,0.2513,335.48,grocery,2,45.06,wallet,1,1.0,desktop,evening,0,0
ORD106329,35,1,0.1219,214.83,footwear,3,14.45,card,6,5.0,desktop,afternoon,0,0
ORD106330,154,1,0.5856,258.67,beauty,3,2.1,wallet,2,5.0,mobile,afternoon,0,0
ORD106331,0,0,0.0,1547.41,footwear,4,4.18,upi,2,,mobile,afternoon,1,1
ORD106332,370,2,0.3361,843.61,beauty,3,2.68,card,7,12.0,tablet,evening,0,0
ORD106333,843,5,0.2346,2277.1,electronics,2,11.05,card,6,8.0,mobile,afternoon,0,0
ORD106334,46,0,0.0,4735.13,electronics,3,20.77,upi,7,10.0,tablet,afternoon,0,0
ORD106335,86,0,0.0,373.64,beauty,5,23.6,upi,5,5.0,mobile,afternoon,0,0
ORD106336,68,1,0.4892,1981.89,home,2,6.98,wallet,2,2.0,mobile,morning,0,0
ORD106337,110,0,0.0,486.59,fashion,4,18.99,card,1,1.0,tablet,evening,0,1
ORD106338,285,4,0.1966,1482.93,beauty,3,29.42,upi,2,1.0,mobile,afternoon,0,1
ORD106339,111,0,0.0,615.95,home,4,21.53,upi,6,7.0,mobile,afternoon,0,0
ORD106340,0,0,0.0,129.83,grocery,5,39.73,upi,1,2.0,mobile,morning,1,0
ORD106341,0,0,0.0,220.83,toys,4,15.6,upi,4,5.0,mobile,afternoon,1,0
ORD106342,0,0,0.0,1940.96,footwear,1,34.74,upi,4,5.0,mobile,afternoon,1,1
ORD106343,52,0,0.0,1259.55,beauty,2,13.61,card,1,1.0,desktop,evening,0,0
ORD106344,832,7,0.3452,875.43,electronics,2,26.09,card,7,8.0,tablet,afternoon,0,0
ORD106345,909,6,0.3954,456.11,footwear,2,10.19,card,3,4.0,mobile,evening,0,1
ORD106346,0,0,0.0,54.85,grocery,3,20.52,card,1,2.0,mobile,late_night,1,0
ORD106347,152,1,0.2824,369.77,home,1,8.39,upi,3,2.0,tablet,late_night,0,1
ORD106348,79,0,0.0,423.28,toys,2,21.0,upi,6,5.0,mobile,evening,0,0
ORD106349,61,0,0.0,601.2,footwear,2,45.9,card,3,3.0,mobile,morning,0,1
ORD106350,53,0,0.0,168.6,footwear,2,36.13,cod,2,1.0,desktop,afternoon,0,1
ORD106351,0,0,0.0,314.35,home,1,39.49,upi,1,1.0,mobile,morning,1,0
ORD106352,460,4,0.347,1073.58,grocery,2,7.61,upi,7,6.0,desktop,evening,0,0
ORD106353,762,7,0.422,1964.86,home,1,7.97,card,7,6.0,mobile,evening,0,0
ORD106354,106,0,0.0,1855.59,electronics,3,4.69,wallet,7,6.0,desktop,evening,0,0
ORD106355,173,0,0.0,494.36,beauty,2,38.79,netbanking,1,2.0,mobile,evening,0,1
ORD106356,161,0,0.0,884.12,home,1,5.87,netbanking,7,6.0,mobile,afternoon,0,0
ORD106357,0,0,0.0,403.95,beauty,3,4.53,card,1,1.0,mobile,morning,1,0
ORD106358,407,4,0.1621,296.65,grocery,4,20.83,card,2,4.0,mobile,afternoon,0,0
ORD106359,270,1,0.226,318.09,sports,3,41.06,wallet,6,6.0,mobile,afternoon,0,1
ORD106360,211,2,0.0543,613.72,footwear,2,9.85,card,6,7.0,mobile,late_night,0,1
ORD106361,268,0,0.0,107.05,beauty,2,17.4,card,7,6.0,mobile,evening,0,0
ORD106362,356,4,0.2195,381.32,beauty,1,53.54,upi,5,7.0,desktop,evening,0,0
ORD106363,352,4,0.1021,984.65,footwear,2,13.56,upi,3,5.0,desktop,morning,0,0
ORD106364,0,0,0.0,642.99,sports,2,24.44,upi,7,7.0,mobile,late_night,1,0
ORD106365,485,2,0.1436,350.58,grocery,3,21.37,wallet,2,1.0,desktop,evening,0,0
ORD106366,240,1,0.1377,681.91,footwear,3,39.0,wallet,3,3.0,mobile,evening,0,0
ORD106367,112,1,0.3889,1303.2,sports,1,70.63,cod,7,8.0,tablet,late_night,0,1
ORD106368,234,4,0.0966,941.73,footwear,2,5.6,upi,5,4.0,desktop,evening,0,0
ORD106369,264,1,0.1819,404.1,footwear,1,21.43,upi,4,5.0,mobile,evening,0,0
ORD106370,0,0,0.0,243.6,fashion,4,21.01,card,1,1.0,mobile,morning,1,0
ORD106371,57,0,0.0,256.58,fashion,1,29.27,upi,4,4.0,mobile,afternoon,0,0
ORD106372,0,0,0.0,347.99,fashion,4,41.45,upi,1,2.0,mobile,evening,1,0
ORD106373,185,1,0.3151,1679.29,sports,1,21.03,card,4,7.0,mobile,morning,0,1
ORD106374,103,1,0.0921,852.84,toys,2,23.35,card,1,1.0,desktop,morning,0,0
ORD106375,100,0,0.0,316.34,beauty,1,35.75,card,6,7.0,desktop,afternoon,0,0
ORD106376,60,0,0.0,1374.73,electronics,4,49.0,netbanking,5,,mobile,morning,0,0
ORD106377,0,0,0.0,115.32,grocery,5,57.35,upi,2,3.0,mobile,late_night,1,0
ORD106378,381,3,0.2925,361.92,home,1,7.12,card,1,1.0,desktop,afternoon,0,0
ORD106379,1601,11,0.2232,1275.58,sports,3,13.11,wallet,5,6.0,mobile,evening,0,0
ORD106380,30,0,0.0,488.49,fashion,2,20.55,wallet,1,1.0,mobile,afternoon,0,0
ORD106381,0,0,0.0,522.57,fashion,4,16.33,netbanking,5,6.0,tablet,evening,1,0
ORD106382,414,3,0.1259,2693.91,electronics,6,14.01,netbanking,4,3.0,mobile,evening,0,0
ORD106383,172,1,0.2295,700.17,toys,5,4.66,cod,5,3.0,mobile,evening,0,0
ORD106384,453,2,0.2454,374.85,beauty,3,20.7,upi,6,5.0,tablet,morning,0,0
ORD106385,0,0,0.0,3884.78,electronics,2,16.41,card,5,5.0,desktop,evening,1,0
ORD106386,95,1,0.3268,455.19,fashion,2,27.53,cod,2,2.0,mobile,afternoon,0,1
ORD106387,141,0,0.0,449.65,home,4,41.67,card,1,1.0,mobile,evening,0,0
ORD106388,0,0,0.0,363.82,home,2,17.94,card,6,7.0,mobile,evening,1,0
ORD106389,51,0,0.0,1532.04,fashion,3,48.1,netbanking,2,1.0,desktop,evening,0,0
ORD106390,514,4,0.3913,330.43,toys,6,25.1,upi,7,6.0,mobile,afternoon,0,0
ORD106391,672,2,0.2759,296.9,grocery,2,23.37,card,3,3.0,tablet,evening,0,0
ORD106392,851,10,0.131,3273.75,home,5,27.74,card,6,7.0,desktop,late_night,0,0
ORD106393,294,4,0.4705,421.71,footwear,4,26.53,netbanking,7,,mobile,evening,0,0
ORD106394,15,0,0.0,955.69,home,7,5.2,upi,3,3.0,mobile,late_night,0,0
ORD106395,90,0,0.0,475.84,beauty,4,42.36,card,5,7.0,mobile,late_night,0,0
ORD106396,0,0,0.0,987.85,sports,5,51.32,netbanking,3,3.0,tablet,morning,1,1
ORD106397,1080,7,0.2585,1397.46,footwear,4,27.83,card,5,9.0,mobile,afternoon,0,0
ORD106398,811,10,0.4153,384.09,grocery,2,11.63,upi,6,6.0,mobile,morning,0,0
ORD106399,0,0,0.0,1006.0,home,4,7.89,card,1,1.0,mobile,afternoon,1,0
ORD106400,43,0,0.0,2141.91,fashion,5,29.18,netbanking,1,1.0,desktop,evening,0,0
ORD106401,173,1,0.1719,104.32,grocery,3,18.62,wallet,4,5.0,desktop,late_night,0,0
ORD106402,184,1,0.1615,192.24,beauty,3,25.46,upi,3,4.0,mobile,afternoon,0,0
ORD106403,1014,8,0.1927,632.06,fashion,3,4.48,card,1,2.0,tablet,afternoon,0,0
ORD106404,232,1,0.6386,636.1,beauty,2,19.42,card,4,3.0,mobile,evening,0,0
ORD106405,184,3,0.1812,856.97,home,3,9.1,upi,4,2.0,mobile,morning,0,0
ORD106406,0,0,0.0,1066.01,electronics,3,8.01,card,1,1.0,desktop,morning,1,0
ORD106407,281,1,0.3918,1603.36,fashion,3,8.17,wallet,3,4.0,mobile,evening,0,1
ORD106408,361,4,0.2431,907.71,toys,2,27.15,upi,5,4.0,mobile,evening,0,0
ORD106409,81,0,0.0,627.62,sports,4,18.51,card,2,1.0,mobile,afternoon,0,0
ORD106410,56,0,0.0,3012.79,sports,2,31.14,card,1,1.0,desktop,morning,0,0
ORD106411,818,8,0.1278,329.61,beauty,3,54.68,card,1,2.0,mobile,afternoon,0,0
ORD106412,29,0,0.0,547.27,fashion,2,41.75,card,7,10.0,mobile,evening,0,0
ORD106413,0,0,0.0,151.15,beauty,1,23.87,card,5,7.0,tablet,evening,1,1
ORD106414,22,0,0.0,618.7,toys,1,44.63,card,6,6.0,desktop,afternoon,0,0
ORD106415,95,1,0.0988,3676.1,sports,2,25.14,upi,3,4.0,desktop,evening,0,0
ORD106416,527,3,0.1177,3302.81,home,3,8.08,card,5,9.0,mobile,late_night,0,1
ORD106417,181,2,0.1702,1316.58,electronics,2,2.08,upi,5,4.0,desktop,afternoon,0,0
ORD106418,0,0,0.0,604.58,home,1,21.41,netbanking,7,8.0,mobile,afternoon,1,0
ORD106419,289,0,0.0,447.84,beauty,1,2.32,card,2,2.0,mobile,morning,0,1
ORD106420,195,1,0.2154,1396.73,toys,3,21.72,wallet,4,5.0,desktop,late_night,0,0
ORD106421,142,3,0.2914,1102.96,sports,1,24.24,wallet,5,5.0,mobile,morning,0,0
ORD106422,91,0,0.0,1285.59,footwear,3,3.38,wallet,2,3.0,desktop,afternoon,0,0
ORD106423,0,0,0.0,1196.09,footwear,3,7.76,cod,7,6.0,mobile,evening,1,1
ORD106424,95,0,0.0,1137.18,toys,2,38.4,wallet,2,4.0,desktop,late_night,0,0
ORD106425,2638,23,0.3224,1611.87,home,3,13.65,upi,2,1.0,mobile,afternoon,0,0
ORD106426,139,0,0.0,1081.88,electronics,3,17.77,card,6,7.0,mobile,evening,0,0
ORD106427,120,3,0.1826,738.36,fashion,2,4.44,cod,2,1.0,tablet,evening,0,0
ORD106428,99,1,0.1942,537.31,footwear,1,53.74,card,6,8.0,tablet,late_night,0,1
ORD106429,1280,5,0.1465,3254.6,electronics,3,17.69,card,2,2.0,mobile,evening,0,0
ORD106430,29,0,0.0,951.56,fashion,1,5.76,cod,4,9.0,desktop,morning,0,1
ORD106431,269,4,0.0681,1414.19,sports,1,18.9,wallet,6,6.0,mobile,afternoon,0,0
ORD106432,139,4,0.0933,1138.51,home,3,44.07,upi,1,4.0,mobile,morning,0,0
ORD106433,0,0,0.0,177.64,toys,2,39.37,card,4,5.0,mobile,morning,1,0
ORD106434,73,1,0.2059,1304.39,home,4,28.69,netbanking,4,5.0,mobile,late_night,0,0
ORD106435,256,0,0.0,394.09,sports,2,25.82,wallet,7,7.0,tablet,morning,0,1
ORD106436,70,0,0.0,835.01,electronics,2,33.11,card,3,3.0,tablet,evening,0,0
ORD106437,241,0,0.0,3719.56,electronics,4,31.59,netbanking,1,1.0,mobile,evening,0,0
ORD106438,0,0,0.0,224.38,grocery,4,56.69,card,4,5.0,mobile,morning,1,0
ORD106439,218,4,0.131,337.8,home,3,44.85,upi,3,4.0,desktop,morning,0,0
ORD106440,36,0,0.0,1095.11,electronics,2,2.75,upi,3,3.0,mobile,evening,0,0
ORD106441,0,0,0.0,1114.83,fashion,4,18.58,card,2,1.0,desktop,evening,1,0
ORD106442,0,0,0.0,475.39,fashion,2,1.21,card,5,6.0,mobile,morning,1,1
ORD106443,0,0,0.0,1601.72,footwear,5,44.02,upi,1,1.0,mobile,evening,1,0
ORD106444,214,0,0.0,1250.95,fashion,1,18.5,wallet,2,1.0,desktop,morning,0,0
ORD106445,255,2,0.3172,1780.81,home,2,10.74,wallet,7,8.0,desktop,late_night,0,0
ORD106446,1216,8,0.2543,2669.61,electronics,4,4.76,card,1,6.0,mobile,morning,0,0
ORD106447,180,3,0.0665,120.79,grocery,2,2.83,upi,6,7.0,desktop,evening,0,0
ORD106448,51,2,0.4484,735.11,home,2,19.13,cod,1,3.0,desktop,evening,0,0
ORD106449,644,4,0.2579,998.86,footwear,1,36.33,netbanking,3,5.0,tablet,late_night,0,1
ORD106450,727,10,0.1323,503.48,home,2,14.05,card,2,2.0,mobile,late_night,0,0
ORD106451,234,1,0.1345,420.52,grocery,4,15.28,card,4,4.0,desktop,evening,0,0
ORD106452,138,2,0.3773,1861.1,home,2,46.14,upi,3,3.0,mobile,afternoon,0,0
ORD106453,359,2,0.0481,768.68,electronics,2,23.46,card,5,4.0,mobile,late_night,0,0
ORD106454,143,0,0.0,476.96,electronics,2,54.59,upi,1,1.0,desktop,evening,0,0
ORD106455,18,1,0.1518,314.65,grocery,2,2.11,upi,2,1.0,mobile,evening,0,0
ORD106456,336,1,0.4338,1624.5,grocery,1,58.77,card,6,,desktop,afternoon,0,0
ORD106457,483,3,0.2332,425.31,beauty,4,28.76,cod,4,4.0,desktop,late_night,0,0
ORD106458,884,5,0.1132,362.05,home,2,7.44,cod,6,7.0,mobile,morning,0,0
ORD106459,81,2,0.429,2498.09,electronics,3,30.84,upi,4,3.0,desktop,late_night,0,0
ORD106460,232,2,0.0728,370.3,grocery,1,5.94,wallet,7,,mobile,evening,0,0
ORD106461,238,2,0.4095,769.82,toys,2,43.35,upi,6,6.0,mobile,evening,0,0
ORD106462,199,2,0.2501,3060.68,fashion,4,30.02,card,1,1.0,mobile,afternoon,0,1
ORD106463,205,2,0.3331,408.96,sports,1,23.37,card,3,3.0,mobile,afternoon,0,1
ORD106464,188,0,0.0,1247.68,footwear,1,29.82,card,1,1.0,tablet,afternoon,0,1
ORD106465,0,0,0.0,652.76,fashion,2,43.16,upi,6,8.0,tablet,late_night,1,1
ORD106466,409,6,0.1915,592.13,beauty,5,44.51,upi,2,2.0,tablet,evening,0,1
ORD106467,693,5,0.1474,550.84,home,1,45.93,wallet,2,1.0,tablet,evening,0,0
ORD106468,0,0,0.0,360.01,sports,3,13.31,upi,7,8.0,desktop,evening,1,0
ORD106469,0,0,0.0,5392.48,electronics,2,4.74,upi,5,4.0,mobile,morning,1,0
ORD106470,113,0,0.0,1554.1,beauty,4,4.8,netbanking,5,5.0,desktop,late_night,0,0
ORD106471,97,2,0.1456,2590.69,fashion,4,22.2,card,1,3.0,mobile,late_night,0,0
ORD106472,0,0,0.0,1011.82,electronics,2,50.46,cod,4,7.0,desktop,evening,1,0
ORD106473,186,0,0.0,397.99,beauty,1,13.85,card,4,,mobile,evening,0,0
ORD106474,307,1,0.2438,1558.83,fashion,4,7.08,wallet,5,5.0,desktop,evening,0,1
ORD106475,152,0,0.0,396.86,beauty,4,4.15,netbanking,7,7.0,mobile,afternoon,0,0
ORD106476,0,0,0.0,593.57,sports,4,29.97,card,7,8.0,desktop,afternoon,1,0
ORD106477,287,2,0.6966,2270.83,electronics,4,4.63,netbanking,3,5.0,mobile,morning,0,0
ORD106478,855,10,0.3458,186.4,beauty,2,16.71,card,2,1.0,mobile,afternoon,0,0
ORD106479,114,1,0.2023,123.78,beauty,3,16.66,upi,4,3.0,mobile,evening,0,1
ORD106480,49,0,0.0,2668.81,toys,2,9.68,upi,7,7.0,tablet,afternoon,0,0
ORD106481,164,3,0.2678,537.29,fashion,5,22.24,wallet,3,,mobile,evening,0,0
ORD106482,0,0,0.0,522.73,grocery,3,44.51,cod,3,3.0,mobile,afternoon,1,0
ORD106483,50,0,0.0,728.72,home,2,23.61,card,7,8.0,mobile,morning,0,0
ORD106484,0,0,0.0,1044.02,home,3,7.66,cod,1,1.0,mobile,evening,1,1
ORD106485,0,0,0.0,459.05,beauty,3,49.13,wallet,3,2.0,desktop,afternoon,1,0
ORD106486,13,0,0.0,103.25,grocery,4,18.37,netbanking,7,6.0,mobile,morning,0,0
ORD106487,284,1,0.3336,193.21,grocery,2,32.79,card,3,8.0,mobile,evening,0,0
ORD106488,352,5,0.2497,1097.5,fashion,2,26.97,upi,4,4.0,mobile,afternoon,0,0
ORD106489,0,0,0.0,1112.12,home,4,29.22,wallet,5,5.0,desktop,evening,1,0
ORD106490,89,2,0.5097,436.35,beauty,4,51.24,upi,3,6.0,tablet,evening,0,0
ORD106491,94,1,0.5009,158.81,fashion,4,12.9,wallet,2,4.0,desktop,morning,0,1
ORD106492,0,0,0.0,2423.9,electronics,2,4.14,cod,6,6.0,desktop,morning,1,0
ORD106493,130,0,0.0,480.72,fashion,3,7.21,upi,1,1.0,mobile,morning,0,0
ORD106494,0,0,0.0,1099.73,electronics,3,60.54,card,3,5.0,desktop,evening,1,0
ORD106495,124,4,0.1523,164.4,grocery,1,8.7,upi,4,5.0,desktop,evening,0,1
ORD106496,671,4,0.2301,311.65,grocery,3,9.82,card,5,3.0,mobile,afternoon,0,0
ORD106497,47,0,0.0,408.76,beauty,1,14.06,upi,1,1.0,mobile,evening,0,0
ORD106498,26,0,0.0,499.92,fashion,2,15.38,upi,2,2.0,mobile,late_night,0,0
ORD106499,683,7,0.2427,756.75,grocery,3,3.23,netbanking,6,6.0,desktop,morning,0,0
ORD106500,0,0,0.0,301.76,grocery,2,15.18,card,1,3.0,mobile,evening,1,0
ORD106501,118,3,0.2365,238.32,fashion,2,7.67,card,6,6.0,mobile,evening,0,0
ORD106502,160,1,0.1639,565.47,home,5,12.35,netbanking,5,,mobile,evening,0,1
ORD106503,0,0,0.0,1024.84,home,3,28.99,cod,5,6.0,mobile,evening,1,0
ORD106504,101,0,0.0,705.35,beauty,4,22.92,card,2,1.0,tablet,evening,0,0
ORD106505,316,5,0.3044,220.15,beauty,4,24.95,card,2,3.0,mobile,afternoon,0,0
ORD106506,0,0,0.0,330.57,fashion,4,16.48,netbanking,6,10.0,mobile,afternoon,1,1
ORD106507,130,0,0.0,1034.36,footwear,1,16.44,upi,4,3.0,mobile,morning,0,0
ORD106508,15,0,0.0,543.33,toys,3,4.3,upi,2,1.0,desktop,morning,0,0
ORD106509,658,3,0.376,1142.88,home,3,38.86,card,6,6.0,tablet,afternoon,0,0
ORD106510,0,0,0.0,182.55,grocery,1,16.67,wallet,3,5.0,mobile,morning,1,1
ORD106511,378,3,0.1458,1315.36,footwear,2,26.61,card,4,5.0,mobile,morning,0,0
ORD106512,306,3,0.4612,1641.41,sports,2,36.95,netbanking,5,,desktop,evening,0,0
ORD106513,331,1,0.0927,1369.7,home,4,8.08,card,5,7.0,mobile,evening,0,0
ORD106514,179,4,0.0925,638.75,home,7,34.85,cod,4,3.0,tablet,afternoon,0,0
ORD106515,277,2,0.1458,1208.57,electronics,3,1.95,cod,5,5.0,desktop,evening,0,0
ORD106516,62,3,0.2911,258.34,grocery,6,29.82,wallet,2,1.0,mobile,evening,0,0
ORD106517,49,0,0.0,85.36,grocery,3,23.32,card,2,3.0,desktop,late_night,0,0
ORD106518,162,3,0.3885,385.67,toys,2,5.98,card,4,3.0,mobile,evening,0,0
ORD106519,85,0,0.0,3092.85,electronics,4,24.45,cod,1,1.0,mobile,evening,0,0
ORD106520,0,0,0.0,162.36,grocery,2,0.62,upi,6,6.0,desktop,evening,1,1
ORD106521,273,0,0.0,3101.98,home,6,18.82,card,5,5.0,mobile,afternoon,0,0
ORD106522,82,3,0.4699,689.79,electronics,3,25.56,upi,7,6.0,desktop,evening,0,1
ORD106523,134,1,0.2682,483.57,sports,3,29.59,cod,5,4.0,tablet,morning,0,0
ORD106524,209,3,0.1605,1024.47,electronics,2,31.9,cod,7,5.0,mobile,evening,0,0
ORD106525,0,0,0.0,1077.93,footwear,2,62.26,card,3,3.0,desktop,afternoon,1,0
ORD106526,244,4,0.0946,338.96,beauty,2,4.77,card,7,10.0,mobile,evening,0,0
ORD106527,195,0,0.0,122.2,grocery,4,26.84,card,1,2.0,mobile,evening,0,0
ORD106528,39,1,0.2689,941.11,fashion,1,3.03,card,4,3.0,tablet,late_night,0,1
ORD106529,17,0,0.0,346.03,grocery,2,21.35,cod,6,6.0,desktop,afternoon,0,0
ORD106530,120,3,0.1392,547.11,sports,3,28.09,upi,2,2.0,tablet,morning,0,0
ORD106531,0,0,0.0,2902.63,home,2,7.87,netbanking,6,7.0,desktop,evening,1,1
ORD106532,121,1,0.2656,1563.09,sports,2,5.57,card,4,4.0,mobile,afternoon,0,0
ORD106533,706,3,0.1809,969.11,fashion,3,32.54,card,4,4.0,desktop,afternoon,0,0
ORD106534,172,1,0.3328,284.82,beauty,8,11.34,upi,1,1.0,desktop,morning,0,0
ORD106535,806,7,0.4333,246.13,toys,2,7.95,card,4,3.0,tablet,afternoon,0,0
ORD106536,643,4,0.4598,2378.79,home,3,46.19,cod,5,5.0,mobile,late_night,0,0
ORD106537,576,5,0.1257,271.35,toys,2,24.23,netbanking,3,3.0,mobile,evening,0,0
ORD106538,48,0,0.0,626.15,beauty,1,11.39,card,1,1.0,desktop,afternoon,0,0
ORD106539,184,2,0.1967,1385.75,footwear,3,19.12,wallet,1,1.0,mobile,evening,0,0
ORD106540,0,0,0.0,189.5,toys,1,4.81,upi,4,4.0,mobile,evening,1,0
ORD106541,244,4,0.6286,1437.21,electronics,3,15.38,cod,3,3.0,tablet,evening,0,0
ORD106542,0,0,0.0,329.79,fashion,4,34.77,upi,3,4.0,desktop,afternoon,1,0
ORD106543,39,1,0.048,936.93,footwear,3,17.9,upi,1,2.0,mobile,evening,0,0
ORD106544,1496,16,0.2384,162.83,grocery,1,1.43,cod,1,2.0,desktop,evening,0,0
ORD106545,0,0,0.0,155.68,grocery,4,16.98,wallet,1,1.0,mobile,afternoon,1,0
ORD106546,20,0,0.0,172.3,beauty,4,36.6,upi,5,4.0,desktop,evening,0,0
ORD106547,123,1,0.0672,617.93,fashion,4,29.97,cod,2,1.0,mobile,late_night,0,0
ORD106548,12,0,0.0,88.62,grocery,3,26.51,upi,1,1.0,mobile,evening,0,0
ORD106549,54,0,0.0,1228.42,beauty,2,3.01,card,5,4.0,mobile,evening,0,0
ORD106550,0,0,0.0,561.17,fashion,4,11.25,card,2,2.0,mobile,morning,1,1
ORD106551,119,0,0.0,1536.76,home,6,40.35,card,4,5.0,mobile,evening,0,0
ORD106552,0,0,0.0,1566.09,electronics,2,3.98,card,7,8.0,desktop,evening,1,0
ORD106553,186,1,0.4063,357.39,grocery,3,16.14,upi,7,9.0,mobile,afternoon,0,0
ORD106554,67,0,0.0,666.98,electronics,4,59.88,card,6,,desktop,afternoon,0,0
ORD106555,469,4,0.0947,628.42,beauty,1,4.53,card,4,4.0,mobile,afternoon,0,1
ORD106556,0,0,0.0,404.93,sports,3,44.42,card,3,7.0,tablet,afternoon,1,0
ORD106557,244,3,0.275,4278.59,electronics,1,11.02,upi,7,8.0,desktop,evening,0,0
ORD106558,0,0,0.0,349.87,toys,4,7.93,upi,5,8.0,mobile,morning,1,0
ORD106559,3000,17,0.1834,2671.25,electronics,3,18.75,card,5,4.0,desktop,afternoon,0,0
ORD106560,315,1,0.251,695.58,electronics,1,63.49,wallet,1,2.0,desktop,evening,0,0
ORD106561,154,2,0.3318,1084.7,fashion,3,22.3,card,2,3.0,tablet,afternoon,0,0
ORD106562,131,1,0.1685,87.91,grocery,4,24.88,wallet,3,4.0,desktop,late_night,0,0
ORD106563,0,0,0.0,93.16,grocery,2,23.58,cod,1,1.0,desktop,evening,1,0
ORD106564,78,1,0.0864,1331.23,fashion,1,9.21,netbanking,5,4.0,mobile,late_night,0,0
ORD106565,76,0,0.0,1794.9,sports,2,39.21,cod,2,2.0,mobile,afternoon,0,1
ORD106566,1148,17,0.1616,1196.57,electronics,3,28.25,upi,5,4.0,tablet,morning,0,0
ORD106567,98,0,0.0,331.75,beauty,2,32.0,cod,5,4.0,mobile,afternoon,0,0
ORD106568,17,0,0.0,454.91,toys,3,58.06,card,1,1.0,mobile,late_night,0,0
ORD106569,0,0,0.0,1046.75,home,3,11.66,card,6,,mobile,evening,1,1
ORD106570,502,1,0.0103,1000.75,toys,1,12.22,netbanking,5,4.0,mobile,afternoon,0,0
ORD106571,137,1,0.2368,225.79,grocery,2,41.29,upi,7,7.0,tablet,evening,0,0
ORD106572,156,1,0.1336,551.71,electronics,2,16.58,card,3,2.0,desktop,afternoon,0,0
ORD106573,656,9,0.3118,809.32,home,4,69.28,cod,1,1.0,mobile,morning,0,0
ORD106574,77,0,0.0,256.29,beauty,4,15.35,card,5,5.0,mobile,afternoon,0,0
ORD106575,363,6,0.0778,1246.01,toys,4,2.5,card,1,4.0,mobile,evening,0,0
ORD106576,86,1,0.132,714.59,sports,2,21.87,wallet,3,4.0,desktop,evening,0,0
ORD106577,341,2,0.3616,1486.48,fashion,2,32.31,cod,7,8.0,mobile,morning,0,0
ORD106578,0,0,0.0,418.04,beauty,3,62.76,card,3,4.0,mobile,morning,1,0
ORD106579,0,0,0.0,318.18,toys,4,59.52,upi,5,5.0,mobile,evening,1,1
ORD106580,0,0,0.0,3746.52,electronics,1,15.62,netbanking,1,2.0,mobile,late_night,1,1
ORD106581,412,3,0.0239,498.09,home,2,7.64,card,2,4.0,mobile,morning,0,0
ORD106582,151,1,0.2526,285.9,grocery,5,28.78,upi,2,1.0,tablet,late_night,0,0
ORD106583,107,0,0.0,672.57,home,2,9.49,cod,7,7.0,desktop,evening,0,0
ORD106584,1052,5,0.1675,405.47,footwear,1,27.12,card,6,5.0,tablet,late_night,0,1
ORD106585,346,5,0.2465,888.44,footwear,4,8.68,netbanking,5,7.0,mobile,evening,0,0
ORD106586,117,2,0.3376,282.3,beauty,3,20.92,cod,2,1.0,tablet,afternoon,0,1
ORD106587,0,0,0.0,518.41,sports,2,32.71,netbanking,7,8.0,desktop,morning,1,1
ORD106588,0,0,0.0,567.35,fashion,2,12.86,card,4,5.0,mobile,late_night,1,0
ORD106589,205,1,0.164,559.59,home,4,16.84,card,5,6.0,mobile,evening,0,0
ORD106590,151,1,0.2132,482.02,fashion,3,41.56,card,3,3.0,desktop,evening,0,0
ORD106591,205,2,0.292,258.01,grocery,5,22.78,cod,1,5.0,desktop,evening,0,0
ORD106592,262,5,0.6298,431.26,grocery,2,5.86,wallet,7,8.0,mobile,morning,0,0
ORD106593,0,0,0.0,205.88,grocery,2,13.77,card,6,4.0,mobile,morning,1,0
ORD106594,0,0,0.0,172.02,beauty,3,6.45,upi,1,1.0,desktop,afternoon,1,1
ORD106595,724,6,0.4573,709.64,toys,5,5.44,netbanking,3,1.0,mobile,morning,0,0
ORD106596,325,2,0.0111,186.0,grocery,2,4.19,wallet,5,5.0,mobile,afternoon,0,0
ORD106597,822,7,0.175,542.05,beauty,2,38.13,cod,3,5.0,mobile,afternoon,0,0
ORD106598,182,2,0.2419,613.82,grocery,3,25.42,wallet,5,5.0,desktop,morning,0,0
ORD106599,387,3,0.1791,614.99,fashion,1,11.51,wallet,2,2.0,mobile,evening,0,0
ORD106600,547,6,0.2477,880.6,electronics,5,7.7,card,3,4.0,mobile,evening,0,1
ORD106601,556,3,0.3472,362.82,beauty,4,37.09,cod,3,1.0,tablet,late_night,0,1
ORD106602,496,5,0.4679,164.39,grocery,4,24.82,upi,1,1.0,desktop,evening,0,1
ORD106603,362,4,0.2226,398.6,footwear,3,14.66,netbanking,6,6.0,desktop,afternoon,0,1
ORD106604,1560,11,0.1519,1240.9,electronics,2,17.16,card,5,4.0,tablet,afternoon,0,0
ORD106605,100,2,0.0715,358.21,home,2,30.25,card,2,1.0,mobile,late_night,0,1
ORD106606,0,0,0.0,430.6,sports,6,65.97,card,4,4.0,mobile,evening,1,1
ORD106607,143,1,0.3944,2594.51,electronics,3,19.38,upi,1,2.0,desktop,morning,0,0
ORD106608,120,0,0.0,697.14,fashion,3,31.53,card,4,5.0,mobile,afternoon,0,0
ORD106609,20,1,0.1591,608.35,toys,4,43.87,upi,6,7.0,tablet,afternoon,0,1
ORD106610,822,7,0.1844,2661.9,electronics,5,15.56,upi,3,3.0,mobile,morning,0,0
ORD106611,58,2,0.3658,136.11,toys,1,45.29,upi,2,1.0,desktop,evening,0,0
ORD106612,218,3,0.2933,505.56,fashion,3,43.31,card,6,8.0,mobile,morning,0,1
ORD106613,37,0,0.0,2603.2,sports,3,24.21,upi,3,4.0,desktop,afternoon,0,0
ORD106614,0,0,0.0,2983.46,sports,3,39.22,card,5,4.0,mobile,afternoon,1,1
ORD106615,76,0,0.0,994.48,electronics,4,36.63,card,7,9.0,desktop,evening,0,0
ORD106616,51,1,0.1202,337.3,fashion,2,5.52,card,1,1.0,mobile,morning,0,0
ORD106617,0,0,0.0,380.02,electronics,2,10.05,cod,6,12.0,mobile,evening,1,0
ORD106618,83,1,0.4853,518.67,footwear,2,41.56,cod,7,7.0,mobile,late_night,0,0
ORD106619,96,2,0.2589,414.24,grocery,2,11.09,card,4,3.0,desktop,evening,0,0
ORD106620,0,0,0.0,1167.19,fashion,3,1.14,card,1,1.0,mobile,evening,1,0
ORD106621,437,1,0.338,248.95,fashion,2,63.81,upi,3,2.0,mobile,afternoon,0,1
ORD106622,73,0,0.0,361.9,beauty,3,28.8,upi,4,6.0,desktop,morning,0,0
ORD106623,60,2,0.476,190.26,grocery,4,6.15,netbanking,1,1.0,desktop,afternoon,0,0
ORD106624,186,1,0.3465,291.84,fashion,2,17.52,card,2,4.0,mobile,evening,0,1
ORD106625,0,0,0.0,448.03,footwear,3,41.61,upi,4,3.0,mobile,afternoon,1,1
ORD106626,905,10,0.2727,743.8,beauty,3,40.52,card,2,2.0,desktop,evening,0,0
ORD106627,55,0,0.0,2213.01,electronics,5,47.37,card,3,4.0,tablet,late_night,0,0
ORD106628,127,0,0.0,529.71,beauty,5,6.09,card,6,6.0,mobile,afternoon,0,0
ORD106629,660,10,0.153,1050.39,beauty,3,42.45,card,1,1.0,desktop,evening,0,0
ORD106630,1588,6,0.0823,761.96,home,2,18.0,card,2,2.0,mobile,late_night,0,0
ORD106631,60,0,0.0,248.16,grocery,5,3.55,card,1,1.0,desktop,afternoon,0,0
ORD106632,0,0,0.0,835.65,fashion,2,20.78,card,4,5.0,mobile,evening,1,0
ORD106633,275,0,0.0,306.63,fashion,3,10.78,card,1,3.0,tablet,evening,0,0
ORD106634,0,0,0.0,1105.06,fashion,2,17.71,netbanking,2,2.0,desktop,afternoon,1,0
ORD106635,78,1,0.1381,1369.52,sports,7,18.35,cod,2,2.0,mobile,evening,0,0
ORD106636,237,5,0.184,2053.04,electronics,2,7.65,cod,2,2.0,mobile,afternoon,0,0
ORD106637,996,9,0.5115,964.72,electronics,5,15.48,card,6,3.0,mobile,evening,0,0
ORD106638,0,0,0.0,1106.43,footwear,5,11.11,wallet,7,6.0,desktop,afternoon,1,1
ORD106639,942,4,0.1861,914.64,grocery,2,45.12,netbanking,6,9.0,desktop,afternoon,0,0
ORD106640,96,0,0.0,996.31,footwear,3,24.81,card,2,3.0,mobile,late_night,0,0
ORD106641,0,0,0.0,557.25,home,7,49.66,netbanking,7,6.0,mobile,late_night,1,1
ORD106642,1043,4,0.0354,2140.9,fashion,2,8.63,card,3,3.0,mobile,late_night,0,0
ORD106643,259,3,0.1749,375.07,grocery,3,11.12,card,7,5.0,desktop,morning,0,1
ORD106644,130,1,0.2964,3013.91,sports,3,18.25,card,2,3.0,desktop,evening,0,0
ORD106645,399,5,0.4845,808.73,electronics,2,58.23,card,5,10.0,desktop,morning,0,0
ORD106646,149,2,0.0519,387.68,fashion,1,61.84,upi,4,6.0,mobile,afternoon,0,0
ORD106647,321,3,0.0752,2783.47,electronics,2,5.36,upi,6,5.0,mobile,afternoon,0,0
ORD106648,0,0,0.0,109.63,footwear,2,3.14,upi,6,6.0,desktop,morning,1,0
ORD106649,467,4,0.1979,1834.39,toys,1,12.83,upi,5,5.0,desktop,morning,0,0
ORD106650,39,0,0.0,2217.66,sports,3,6.49,wallet,5,5.0,mobile,morning,0,1
ORD106651,0,0,0.0,991.82,electronics,3,34.02,card,2,1.0,mobile,evening,1,0
ORD106652,38,0,0.0,659.83,grocery,5,21.13,upi,3,3.0,mobile,morning,0,0
ORD106653,170,1,0.3673,292.22,grocery,3,33.76,card,3,4.0,desktop,afternoon,0,0
ORD106654,33,0,0.0,238.4,grocery,3,22.16,upi,5,6.0,desktop,evening,0,0
ORD106655,84,0,0.0,320.36,fashion,1,18.17,card,2,1.0,mobile,morning,0,0
ORD106656,53,0,0.0,1010.31,toys,3,54.52,upi,1,2.0,mobile,afternoon,0,0
ORD106657,0,0,0.0,1369.63,home,7,29.1,card,7,8.0,mobile,afternoon,1,0
ORD106658,0,0,0.0,600.87,toys,2,12.08,upi,1,1.0,mobile,morning,1,0
ORD106659,44,1,0.2773,728.05,electronics,2,38.18,upi,5,5.0,mobile,afternoon,0,0
ORD106660,238,1,0.2579,1319.2,sports,1,10.36,card,3,3.0,mobile,evening,0,0
ORD106661,0,0,0.0,1412.75,footwear,5,36.95,card,1,1.0,mobile,evening,1,1
ORD106662,159,2,0.3097,2419.65,footwear,3,53.12,upi,6,6.0,mobile,morning,0,0
ORD106663,0,0,0.0,578.7,fashion,2,20.41,card,5,4.0,desktop,late_night,1,0
ORD106664,749,8,0.3048,1139.25,electronics,2,13.12,card,4,1.0,mobile,late_night,0,0
ORD106665,476,4,0.2316,786.88,electronics,3,9.1,wallet,5,6.0,desktop,morning,0,0
ORD106666,0,0,0.0,306.98,grocery,3,19.55,netbanking,1,1.0,mobile,late_night,1,0
ORD106667,95,0,0.0,1160.26,fashion,3,17.68,upi,6,6.0,mobile,morning,0,0
ORD106668,299,4,0.064,2827.62,footwear,4,33.16,cod,6,7.0,mobile,evening,0,0
ORD106669,0,0,0.0,613.6,beauty,3,45.25,upi,1,1.0,desktop,morning,1,1
ORD106670,91,1,0.1557,732.4,grocery,2,26.96,card,4,8.0,mobile,late_night,0,0
ORD106671,875,10,0.1195,319.77,grocery,6,15.9,upi,5,7.0,desktop,evening,0,0
ORD106672,759,7,0.114,476.15,grocery,2,10.37,card,6,7.0,mobile,morning,0,0
ORD106673,293,2,0.0842,198.21,grocery,2,16.72,wallet,1,1.0,mobile,afternoon,0,0
ORD106674,21,0,0.0,874.64,footwear,3,3.42,cod,1,1.0,mobile,morning,0,0
ORD106675,47,0,0.0,823.2,electronics,3,4.79,upi,4,5.0,desktop,morning,0,0
ORD106676,85,2,0.0648,1088.02,toys,3,11.06,cod,5,5.0,mobile,evening,0,0
ORD106677,0,0,0.0,1284.53,grocery,1,5.19,cod,6,7.0,mobile,morning,1,0
ORD106678,45,0,0.0,1062.02,sports,5,23.71,card,3,2.0,mobile,late_night,0,0
ORD106679,138,1,0.1879,700.73,sports,1,5.1,upi,3,4.0,mobile,afternoon,0,1
ORD106680,1266,9,0.4792,9920.02,fashion,2,33.22,card,1,1.0,mobile,late_night,0,0
ORD106681,0,0,0.0,985.05,beauty,2,37.03,cod,7,8.0,desktop,late_night,1,0
ORD106682,230,1,0.0922,843.6,grocery,2,31.51,netbanking,7,7.0,mobile,evening,0,1
ORD106683,0,0,0.0,582.53,beauty,2,6.34,upi,7,6.0,desktop,afternoon,1,0
ORD106684,29,0,0.0,322.72,fashion,1,21.08,wallet,6,7.0,desktop,afternoon,0,1
ORD106685,46,0,0.0,380.75,beauty,1,9.4,upi,1,1.0,desktop,afternoon,0,0
ORD106686,0,0,0.0,936.19,home,2,23.56,card,6,4.0,desktop,afternoon,1,0
ORD106687,0,0,0.0,430.84,beauty,3,5.42,upi,6,5.0,desktop,evening,1,1
ORD106688,276,4,0.281,136.72,grocery,5,14.15,card,3,2.0,mobile,afternoon,0,1
ORD106689,62,0,0.0,721.62,footwear,5,3.17,card,5,7.0,desktop,late_night,0,0
ORD106690,213,4,0.2498,752.23,electronics,4,56.53,netbanking,4,6.0,mobile,late_night,0,0
ORD106691,912,6,0.1919,258.68,fashion,2,21.46,wallet,3,6.0,mobile,evening,0,0
ORD106692,0,0,0.0,254.29,beauty,1,18.96,upi,6,7.0,mobile,afternoon,1,0
ORD106693,0,0,0.0,538.0,fashion,4,22.61,upi,2,1.0,mobile,evening,1,1
ORD106694,149,1,0.2232,626.17,footwear,5,14.95,card,6,7.0,desktop,morning,0,0
ORD106695,408,3,0.2358,266.4,grocery,3,39.11,card,4,4.0,mobile,evening,0,0
ORD106696,801,8,0.197,2327.22,fashion,3,10.16,upi,6,4.0,desktop,evening,0,0
ORD106697,19,0,0.0,1534.72,electronics,1,3.37,upi,6,6.0,desktop,morning,0,0
ORD106698,925,6,0.4172,80.02,grocery,3,25.02,card,1,4.0,mobile,evening,0,1
ORD106699,99,0,0.0,227.86,grocery,2,2.16,upi,4,6.0,desktop,afternoon,0,0
ORD106700,100,2,0.2432,240.53,grocery,4,10.14,card,2,1.0,mobile,afternoon,0,0
ORD106701,122,5,0.0244,87.74,beauty,2,4.21,wallet,1,8.0,mobile,late_night,0,0
ORD106702,0,0,0.0,281.88,grocery,2,31.8,cod,4,4.0,desktop,late_night,1,0
ORD106703,53,0,0.0,288.13,beauty,2,3.22,upi,5,6.0,tablet,evening,0,1
ORD106704,132,0,0.0,791.46,home,2,23.06,upi,4,3.0,desktop,late_night,0,1
ORD106705,323,3,0.3285,1877.85,electronics,2,32.66,upi,4,7.0,desktop,morning,0,1
ORD106706,230,2,0.3433,566.39,fashion,4,5.7,cod,3,3.0,desktop,afternoon,0,0
ORD106707,275,1,0.4981,446.02,toys,4,18.83,card,1,1.0,desktop,afternoon,0,0
ORD106708,126,0,0.0,575.53,home,4,51.64,card,3,3.0,desktop,evening,0,0
ORD106709,388,3,0.1184,407.96,grocery,1,14.57,netbanking,2,1.0,mobile,afternoon,0,0
ORD106710,579,8,0.3597,622.32,home,5,56.48,card,7,7.0,mobile,afternoon,0,0
ORD106711,0,0,0.0,643.52,beauty,4,18.77,wallet,5,4.0,desktop,morning,1,1
ORD106712,290,1,0.4094,413.92,sports,2,26.14,cod,3,3.0,tablet,morning,0,0
ORD106713,509,7,0.1658,460.31,fashion,2,15.31,wallet,3,2.0,desktop,evening,0,0
ORD106714,472,3,0.1923,2211.67,electronics,3,21.68,wallet,7,8.0,mobile,evening,0,0
ORD106715,0,0,0.0,312.66,footwear,1,26.37,wallet,1,3.0,mobile,evening,1,0
ORD106716,692,6,0.2168,325.25,toys,3,20.11,upi,5,5.0,desktop,afternoon,0,1
ORD106717,0,0,0.0,908.89,fashion,1,69.59,upi,6,6.0,desktop,late_night,1,1
ORD106718,66,0,0.0,282.99,toys,2,44.05,card,6,6.0,mobile,evening,0,1
ORD106719,136,2,0.1336,1440.19,fashion,3,2.6,netbanking,4,4.0,mobile,late_night,0,0
ORD106720,125,0,0.0,907.09,sports,4,59.83,wallet,7,7.0,mobile,morning,0,0
ORD106721,318,2,0.3946,502.37,fashion,2,21.58,card,3,4.0,desktop,afternoon,0,1
ORD106722,83,0,0.0,936.86,fashion,1,67.11,card,2,2.0,desktop,evening,0,1
ORD106723,672,4,0.337,943.69,sports,2,33.2,card,5,4.0,mobile,morning,0,0
ORD106724,39,2,0.0928,921.48,sports,5,4.2,card,3,4.0,desktop,evening,0,0
ORD106725,30,0,0.0,727.37,home,5,12.02,upi,4,3.0,desktop,late_night,0,0
ORD106726,156,0,0.0,374.26,beauty,4,45.93,cod,1,1.0,desktop,afternoon,0,1
ORD106727,71,0,0.0,332.66,footwear,1,41.76,wallet,1,1.0,mobile,afternoon,0,1
ORD106728,45,0,0.0,1415.05,sports,2,5.92,card,1,1.0,desktop,afternoon,0,1
ORD106729,89,0,0.0,318.08,toys,3,24.52,card,3,3.0,mobile,late_night,0,0
ORD106730,0,0,0.0,964.9,toys,5,27.62,cod,2,4.0,mobile,morning,1,1
ORD106731,183,2,0.1187,252.06,toys,1,36.65,card,5,5.0,mobile,afternoon,0,0
ORD106732,0,0,0.0,1884.19,home,2,12.5,card,4,4.0,desktop,late_night,1,0
ORD106733,0,0,0.0,930.94,electronics,2,20.53,upi,1,6.0,desktop,evening,1,0
ORD106734,180,1,0.0689,1508.25,sports,3,28.29,netbanking,1,1.0,desktop,evening,0,0
ORD106735,0,0,0.0,1196.19,electronics,2,59.59,upi,6,6.0,tablet,evening,1,0
ORD106736,913,5,0.2948,1021.26,sports,3,28.27,netbanking,1,3.0,mobile,evening,0,1
ORD106737,213,2,0.3544,457.94,footwear,4,14.1,upi,4,5.0,mobile,afternoon,0,0
ORD106738,0,0,0.0,239.86,beauty,2,55.18,card,4,5.0,tablet,evening,1,1
ORD106739,148,1,0.2245,646.18,home,6,32.8,card,7,7.0,mobile,evening,0,0
ORD106740,307,2,0.5463,1084.86,footwear,1,9.98,card,7,5.0,desktop,morning,0,0
ORD106741,278,1,0.1373,1084.45,footwear,5,45.42,card,2,2.0,mobile,morning,0,0
ORD106742,779,10,0.2694,402.97,grocery,2,49.72,card,2,2.0,mobile,evening,0,0
ORD106743,22,1,0.1171,1876.89,electronics,1,14.75,card,1,4.0,mobile,evening,0,0
ORD106744,140,0,0.0,1758.12,beauty,3,17.53,card,1,1.0,mobile,afternoon,0,0
ORD106745,263,1,0.256,470.07,home,3,8.48,netbanking,2,3.0,mobile,afternoon,0,0
ORD106746,176,0,0.0,635.77,footwear,4,3.96,card,4,5.0,tablet,evening,0,0
ORD106747,64,0,0.0,286.81,electronics,3,34.17,cod,5,5.0,tablet,evening,0,0
ORD106748,43,0,0.0,2130.73,electronics,2,6.98,cod,7,9.0,mobile,evening,0,0
ORD106749,440,4,0.1521,860.98,electronics,3,1.26,wallet,6,12.0,desktop,late_night,0,0
ORD106750,78,0,0.0,606.7,fashion,2,25.21,upi,3,3.0,mobile,evening,0,0
ORD106751,26,1,0.0763,375.62,fashion,2,11.07,upi,3,3.0,mobile,evening,0,0
ORD106752,465,4,0.198,247.75,grocery,4,10.22,card,4,3.0,desktop,late_night,0,0
ORD106753,0,0,0.0,767.36,footwear,2,29.66,upi,4,5.0,desktop,morning,1,0
ORD106754,159,0,0.0,296.55,toys,5,6.64,card,6,5.0,tablet,morning,0,1
ORD106755,66,1,0.3777,775.97,fashion,3,4.32,upi,3,6.0,desktop,evening,0,1
ORD106756,0,0,0.0,206.12,grocery,3,38.95,upi,4,6.0,tablet,afternoon,1,0
ORD106757,0,0,0.0,1013.94,electronics,1,9.42,wallet,1,1.0,mobile,afternoon,1,1
ORD106758,30,0,0.0,652.43,beauty,1,56.0,wallet,5,6.0,mobile,morning,0,0
ORD106759,32,2,0.2306,323.05,grocery,3,39.12,wallet,1,1.0,desktop,afternoon,0,0
ORD106760,90,0,0.0,206.72,footwear,2,36.72,cod,6,6.0,mobile,afternoon,0,1
ORD106761,176,4,0.2191,552.59,footwear,5,10.38,upi,7,8.0,mobile,evening,0,0
ORD106762,0,0,0.0,245.08,toys,5,35.89,netbanking,2,7.0,desktop,afternoon,1,1
ORD106763,367,2,0.1947,1744.98,footwear,5,21.41,upi,1,1.0,mobile,evening,0,0
ORD106764,600,4,0.0744,374.31,fashion,4,11.62,upi,2,6.0,mobile,late_night,0,0
ORD106765,246,2,0.2697,268.81,beauty,6,11.15,card,7,5.0,tablet,morning,0,1
ORD106766,0,0,0.0,716.05,footwear,1,18.66,card,2,3.0,desktop,late_night,1,0
ORD106767,244,3,0.6077,392.23,grocery,1,12.81,card,3,4.0,mobile,afternoon,0,0
ORD106768,0,0,0.0,520.61,home,3,19.14,upi,4,4.0,tablet,late_night,1,0
ORD106769,43,1,0.1169,1779.67,electronics,1,36.01,card,7,10.0,mobile,afternoon,0,0
ORD106770,58,0,0.0,753.28,fashion,1,3.05,netbanking,4,6.0,mobile,evening,0,0
ORD106771,41,1,0.3132,512.95,electronics,4,24.38,card,4,2.0,mobile,late_night,0,0
ORD106772,153,1,0.3584,957.71,footwear,1,42.4,card,3,3.0,desktop,afternoon,0,0
ORD106773,0,0,0.0,196.1,grocery,1,17.95,card,1,1.0,mobile,morning,1,0
ORD106774,36,0,0.0,376.51,home,1,18.46,upi,1,4.0,mobile,afternoon,0,0
ORD106775,196,2,0.3896,3127.62,sports,2,9.1,upi,5,8.0,desktop,evening,0,0
ORD106776,69,0,0.0,344.06,fashion,4,11.5,cod,1,1.0,mobile,morning,0,0
ORD106777,55,2,0.2388,1405.92,home,1,5.99,card,5,4.0,mobile,afternoon,0,0
ORD106778,91,1,0.1524,962.28,footwear,4,13.04,cod,1,2.0,desktop,afternoon,0,0
ORD106779,52,0,0.0,266.44,home,3,14.65,card,1,3.0,desktop,morning,0,0
ORD106780,353,1,0.5819,414.92,footwear,1,49.6,card,2,1.0,mobile,evening,0,1
ORD106781,150,1,0.082,749.97,electronics,3,12.9,card,6,7.0,tablet,late_night,0,0
ORD106782,444,8,0.1485,777.24,beauty,2,4.27,upi,4,9.0,mobile,evening,0,1
ORD106783,111,3,0.3778,836.74,toys,3,34.94,upi,2,2.0,mobile,afternoon,0,1
ORD106784,116,1,0.2685,2497.02,home,2,64.28,card,2,4.0,mobile,evening,0,0
ORD106785,1423,15,0.3671,814.09,electronics,6,60.85,card,1,2.0,mobile,evening,0,0
ORD106786,30,0,0.0,8132.72,electronics,2,55.9,wallet,7,7.0,tablet,late_night,0,1
ORD106787,744,7,0.1462,1587.06,home,2,39.01,cod,6,5.0,desktop,evening,0,0
ORD106788,1118,11,0.0571,2619.21,home,3,3.48,card,6,4.0,mobile,afternoon,0,0
ORD106789,0,0,0.0,309.33,grocery,3,15.71,card,7,6.0,mobile,evening,1,0
ORD106790,126,0,0.0,749.07,sports,2,7.18,wallet,3,1.0,tablet,afternoon,0,0
ORD106791,870,5,0.3711,389.19,footwear,3,38.45,card,7,10.0,tablet,evening,0,0
ORD106792,127,1,0.1942,2180.46,sports,3,18.93,card,5,4.0,desktop,evening,0,0
ORD106793,83,0,0.0,385.1,beauty,2,21.21,upi,1,1.0,mobile,morning,0,0
ORD106794,118,1,0.2921,1488.53,electronics,2,6.16,upi,4,6.0,desktop,afternoon,0,0
ORD106795,96,2,0.2265,1534.89,footwear,3,54.17,cod,3,3.0,mobile,afternoon,0,0
ORD106796,63,1,0.3493,744.74,beauty,3,43.58,upi,1,1.0,mobile,morning,0,0
ORD106797,614,7,0.0753,367.17,beauty,4,29.11,upi,7,8.0,desktop,evening,0,0
ORD106798,77,1,0.0669,545.39,toys,2,0.65,card,4,6.0,mobile,afternoon,0,0
ORD106799,175,2,0.2398,1984.83,electronics,5,36.05,card,7,6.0,mobile,evening,0,1
ORD106800,37,0,0.0,891.57,home,3,1.34,upi,3,7.0,mobile,late_night,0,0
ORD106801,187,0,0.0,964.73,beauty,2,6.06,upi,6,5.0,mobile,evening,0,0
ORD106802,50,1,0.222,409.29,grocery,2,37.96,card,4,4.0,mobile,morning,0,0
ORD106803,49,0,0.0,400.63,toys,2,5.27,card,4,4.0,mobile,afternoon,0,0
ORD106804,0,0,0.0,698.4,grocery,5,33.64,card,2,3.0,desktop,evening,1,0
ORD106805,579,3,0.2771,1070.25,electronics,3,13.9,upi,3,3.0,mobile,late_night,0,0
ORD106806,294,1,0.1192,798.51,home,2,5.86,card,4,9.0,desktop,afternoon,0,1
ORD106807,0,0,0.0,729.79,home,2,42.31,card,4,5.0,desktop,evening,1,1
ORD106808,157,1,0.1746,706.28,sports,3,9.1,cod,2,6.0,mobile,evening,0,0
ORD106809,0,0,0.0,690.4,home,4,6.41,card,4,6.0,desktop,evening,1,0
ORD106810,432,3,0.1949,1256.03,fashion,2,29.84,upi,1,,mobile,evening,0,0
ORD106811,97,1,0.1158,300.24,grocery,2,34.57,card,6,9.0,tablet,late_night,0,0
ORD106812,453,5,0.1245,5449.86,electronics,1,15.25,card,3,2.0,desktop,late_night,0,0
ORD106813,705,7,0.2941,604.82,home,1,22.63,upi,5,6.0,mobile,evening,0,0
ORD106814,71,1,0.199,190.14,grocery,4,6.65,wallet,2,5.0,tablet,afternoon,0,0
ORD106815,84,0,0.0,378.15,sports,3,6.07,card,1,1.0,desktop,afternoon,0,1
ORD106816,99,1,0.0827,116.03,grocery,4,0.55,card,2,4.0,mobile,afternoon,0,0
ORD106817,36,0,0.0,422.51,footwear,2,34.05,upi,3,2.0,desktop,evening,0,0
ORD106818,108,1,0.668,410.6,footwear,2,10.94,card,6,5.0,mobile,morning,0,1
ORD106819,0,0,0.0,627.95,sports,3,1.99,card,6,5.0,mobile,evening,1,1
ORD106820,57,0,0.0,803.09,footwear,4,12.75,wallet,6,7.0,tablet,evening,0,0
ORD106821,0,0,0.0,368.57,fashion,3,38.39,wallet,3,7.0,desktop,afternoon,1,1
ORD106822,112,1,0.3314,1606.93,toys,1,9.83,card,7,8.0,mobile,evening,0,0
ORD106823,1854,8,0.3331,806.46,home,5,29.96,upi,6,10.0,tablet,evening,0,0
ORD106824,85,1,0.1215,1143.16,fashion,3,5.31,upi,2,5.0,desktop,afternoon,0,0
ORD106825,154,1,0.0902,234.95,beauty,4,30.91,wallet,1,1.0,mobile,morning,0,1
ORD106826,66,2,0.1493,1264.45,electronics,4,7.71,upi,5,4.0,mobile,late_night,0,0
ORD106827,0,0,0.0,1072.0,home,5,12.1,upi,5,,desktop,late_night,1,1
ORD106828,789,7,0.3362,580.65,beauty,3,5.6,card,5,5.0,mobile,evening,0,0
ORD106829,305,5,0.2481,1743.99,sports,2,40.88,netbanking,7,10.0,desktop,evening,0,0
ORD106830,562,4,0.038,261.79,fashion,5,9.53,cod,6,5.0,mobile,evening,0,0
ORD106831,42,0,0.0,4548.33,footwear,2,20.42,card,2,3.0,mobile,afternoon,0,0
ORD106832,372,4,0.4175,1550.97,toys,2,36.42,card,7,8.0,mobile,late_night,0,0
ORD106833,0,0,0.0,762.1,fashion,3,47.11,upi,4,4.0,mobile,afternoon,1,1
ORD106834,41,0,0.0,1197.47,sports,4,24.54,card,1,2.0,mobile,late_night,0,0
ORD106835,235,3,0.2533,1936.32,electronics,2,32.23,netbanking,2,1.0,mobile,morning,0,0
ORD106836,233,4,0.1506,222.37,beauty,1,2.35,upi,7,6.0,mobile,evening,0,1
ORD106837,192,3,0.3099,279.39,footwear,5,26.55,card,1,1.0,mobile,evening,0,0
ORD106838,0,0,0.0,747.28,electronics,4,25.56,netbanking,1,1.0,desktop,evening,1,0
ORD106839,0,0,0.0,356.87,home,1,22.92,netbanking,7,7.0,mobile,morning,1,0
ORD106840,912,8,0.2063,3066.39,sports,4,30.7,upi,5,3.0,mobile,evening,0,0
ORD106841,0,0,0.0,1186.18,electronics,2,9.71,upi,4,5.0,mobile,evening,1,0
ORD106842,945,12,0.1248,1100.32,toys,3,10.96,upi,5,5.0,desktop,afternoon,0,0
ORD106843,1437,14,0.244,612.75,footwear,2,13.69,cod,6,6.0,desktop,afternoon,0,1
ORD106844,121,0,0.0,599.42,fashion,5,31.7,card,3,3.0,mobile,evening,0,0
ORD106845,28,0,0.0,430.66,toys,1,34.04,wallet,1,3.0,mobile,evening,0,0
ORD106846,39,0,0.0,193.81,grocery,4,11.61,card,5,5.0,mobile,morning,0,0
ORD106847,109,0,0.0,2224.85,fashion,3,39.43,upi,4,3.0,mobile,evening,0,0
ORD106848,1661,18,0.2221,717.13,fashion,5,41.53,upi,5,8.0,mobile,evening,0,1
ORD106849,0,0,0.0,1356.31,toys,2,13.17,card,6,6.0,desktop,morning,1,1
ORD106850,0,0,0.0,855.17,footwear,4,31.71,card,3,5.0,mobile,evening,1,0
ORD106851,85,0,0.0,2355.12,home,3,33.07,cod,2,3.0,mobile,morning,0,0
ORD106852,42,0,0.0,544.31,toys,2,40.1,card,1,1.0,desktop,evening,0,0
ORD106853,474,6,0.3163,724.37,home,2,21.15,netbanking,2,3.0,desktop,evening,0,0
ORD106854,163,1,0.5567,182.18,toys,4,48.99,card,3,7.0,tablet,morning,0,0
ORD106855,1825,15,0.256,1103.08,fashion,1,7.97,card,2,4.0,mobile,afternoon,0,0
ORD106856,361,1,0.1501,4909.36,electronics,3,26.99,upi,1,2.0,mobile,afternoon,0,0
ORD106857,451,2,0.182,1463.84,footwear,3,29.03,upi,2,1.0,mobile,evening,0,1
ORD106858,138,1,0.2088,1245.6,electronics,3,14.36,cod,5,6.0,mobile,evening,0,0
ORD106859,54,0,0.0,510.41,grocery,1,46.93,upi,7,7.0,mobile,morning,0,0
ORD106860,69,1,0.1327,243.32,toys,3,19.35,upi,3,4.0,mobile,late_night,0,0
ORD106861,0,0,0.0,323.81,fashion,2,62.37,netbanking,7,8.0,mobile,morning,1,0
ORD106862,493,4,0.131,1035.57,electronics,1,35.62,cod,3,3.0,desktop,evening,0,1
ORD106863,118,1,0.2319,545.61,home,3,63.11,card,7,6.0,mobile,evening,0,0
ORD106864,516,6,0.1569,1104.77,footwear,1,54.22,netbanking,2,2.0,mobile,morning,0,0
ORD106865,210,2,0.3189,1305.57,footwear,1,19.48,upi,2,1.0,desktop,evening,0,0
ORD106866,131,1,0.1824,384.4,toys,3,29.02,upi,4,5.0,desktop,evening,0,0
ORD106867,50,0,0.0,1562.69,toys,4,55.85,card,3,4.0,mobile,afternoon,0,0
ORD106868,252,4,0.1724,461.44,fashion,2,6.08,wallet,1,1.0,tablet,afternoon,0,0
ORD106869,142,0,0.0,2160.15,sports,3,13.84,upi,3,2.0,tablet,evening,0,0
ORD106870,489,9,0.1579,227.12,grocery,4,15.9,upi,3,7.0,mobile,afternoon,0,0
ORD106871,82,2,0.027,1703.69,electronics,2,20.01,wallet,2,3.0,desktop,late_night,0,0
ORD106872,356,1,0.0431,462.35,beauty,3,12.65,card,5,5.0,desktop,morning,0,0
ORD106873,1102,11,0.1983,1584.36,home,5,15.43,upi,2,2.0,mobile,morning,0,0
ORD106874,244,3,0.1996,638.01,footwear,3,31.52,card,7,7.0,tablet,afternoon,0,0
ORD106875,430,2,0.203,204.14,fashion,7,19.71,card,3,6.0,mobile,late_night,0,0
ORD106876,340,3,0.4353,754.85,beauty,3,32.65,card,7,6.0,mobile,morning,0,1
ORD106877,1462,20,0.087,658.27,fashion,2,45.65,netbanking,6,,desktop,morning,0,0
ORD106878,272,2,0.1618,994.29,grocery,1,17.48,card,3,4.0,mobile,afternoon,0,0
ORD106879,391,4,0.2419,178.13,beauty,2,6.86,cod,3,3.0,tablet,evening,0,1
ORD106880,174,4,0.0533,381.34,beauty,2,47.55,card,4,10.0,mobile,evening,0,1
ORD106881,77,0,0.0,285.4,home,2,19.64,card,4,9.0,desktop,evening,0,0
ORD106882,47,0,0.0,473.35,beauty,3,4.98,wallet,6,8.0,mobile,evening,0,0
ORD106883,0,0,0.0,1026.56,sports,2,3.88,upi,6,8.0,mobile,morning,1,0
ORD106884,0,0,0.0,2353.58,home,4,52.55,netbanking,4,5.0,mobile,evening,1,0
ORD106885,0,0,0.0,2372.57,electronics,1,37.98,wallet,6,11.0,mobile,evening,1,1
ORD106886,286,3,0.175,205.88,grocery,3,22.24,netbanking,6,6.0,desktop,evening,0,0
ORD106887,497,4,0.1862,1798.41,electronics,5,33.08,netbanking,6,10.0,desktop,late_night,0,1
ORD106888,102,2,0.3159,1022.73,toys,4,27.17,card,1,2.0,mobile,evening,0,0
ORD106889,75,0,0.0,257.41,home,1,8.79,upi,2,5.0,desktop,morning,0,0
ORD106890,274,5,0.0827,1073.17,footwear,1,27.68,upi,2,2.0,mobile,afternoon,0,0
ORD106891,131,0,0.0,400.83,fashion,3,3.73,cod,5,5.0,mobile,evening,0,0
ORD106892,46,1,0.6399,1309.46,electronics,5,24.69,card,4,4.0,desktop,evening,0,1
ORD106893,1529,21,0.234,892.77,home,3,27.51,card,1,1.0,desktop,late_night,0,0
ORD106894,75,0,0.0,228.63,fashion,2,17.45,upi,1,1.0,mobile,afternoon,0,0
ORD106895,60,0,0.0,332.64,sports,4,25.96,card,2,4.0,desktop,evening,0,0
ORD106896,0,0,0.0,695.92,beauty,2,54.45,upi,5,5.0,mobile,evening,1,0
ORD106897,719,8,0.578,218.38,grocery,3,25.8,card,1,2.0,mobile,evening,0,0
ORD106898,16,0,0.0,643.99,fashion,1,12.6,upi,1,1.0,desktop,evening,0,0
ORD106899,0,0,0.0,1979.74,electronics,4,29.39,upi,7,7.0,mobile,afternoon,1,0
ORD106900,66,0,0.0,708.07,electronics,2,12.54,card,6,6.0,desktop,late_night,0,0
ORD106901,242,3,0.4248,261.94,beauty,1,12.11,card,2,2.0,mobile,afternoon,0,0
ORD106902,86,2,0.6519,471.06,home,5,4.9,card,1,1.0,mobile,afternoon,0,0
ORD106903,1621,8,0.1493,144.17,footwear,2,19.84,card,6,11.0,mobile,morning,0,0
ORD106904,207,4,0.2571,255.97,grocery,4,6.06,card,5,4.0,mobile,afternoon,0,0
ORD106905,0,0,0.0,262.07,grocery,2,28.19,cod,5,4.0,desktop,evening,1,0
ORD106906,130,1,0.193,2356.85,electronics,2,27.49,upi,2,4.0,desktop,afternoon,0,0
ORD106907,0,0,0.0,658.27,toys,1,40.94,card,7,7.0,mobile,afternoon,1,0
ORD106908,0,0,0.0,196.4,fashion,3,9.71,card,6,10.0,desktop,evening,1,0
ORD106909,293,2,0.2498,265.92,home,2,7.62,card,7,7.0,tablet,evening,0,0
ORD106910,180,2,0.462,333.02,toys,2,20.48,wallet,4,5.0,mobile,evening,0,0
ORD106911,39,0,0.0,340.2,grocery,3,32.32,card,1,3.0,mobile,afternoon,0,1
ORD106912,124,3,0.3021,613.62,home,4,23.35,card,3,3.0,mobile,evening,0,0
ORD106913,353,3,0.3081,382.72,fashion,2,33.85,upi,5,4.0,mobile,evening,0,0
ORD106914,86,0,0.0,1662.23,fashion,1,28.1,card,4,6.0,tablet,morning,0,0
ORD106915,0,0,0.0,659.1,beauty,3,22.71,upi,7,8.0,desktop,evening,1,0
ORD106916,187,2,0.0709,1446.23,home,5,13.7,upi,4,10.0,mobile,evening,0,0
ORD106917,142,2,0.2026,2155.19,electronics,2,32.95,upi,3,2.0,mobile,evening,0,0
ORD106918,674,2,0.2674,778.56,electronics,4,16.01,card,3,2.0,mobile,late_night,0,0
ORD106919,26,0,0.0,1226.7,footwear,5,2.98,card,4,5.0,mobile,evening,0,1
ORD106920,86,0,0.0,5154.32,home,2,19.23,cod,4,5.0,mobile,morning,0,1
ORD106921,0,0,0.0,2586.42,electronics,2,24.82,card,1,3.0,mobile,afternoon,1,0
ORD106922,1357,11,0.2787,615.84,fashion,1,8.41,upi,6,5.0,mobile,afternoon,0,0
ORD106923,2240,14,0.2276,325.99,sports,1,77.65,upi,1,2.0,mobile,late_night,0,1
ORD106924,191,2,0.1797,519.21,home,3,23.94,upi,7,10.0,desktop,evening,0,0
ORD106925,299,4,0.4226,1195.34,footwear,4,33.81,upi,7,7.0,mobile,evening,0,1
ORD106926,445,2,0.0694,462.29,grocery,2,16.52,wallet,4,5.0,mobile,evening,0,1
ORD106927,0,0,0.0,249.57,toys,2,38.31,card,2,2.0,mobile,evening,1,0
ORD106928,255,4,0.0623,2368.1,electronics,2,21.17,card,5,4.0,mobile,evening,0,1
ORD106929,0,0,0.0,485.81,sports,2,10.99,netbanking,1,5.0,mobile,afternoon,1,0
ORD106930,300,2,0.2584,807.8,beauty,2,7.85,card,6,9.0,mobile,evening,0,1
ORD106931,321,7,0.0614,1125.0,footwear,2,49.29,upi,4,3.0,mobile,evening,0,0
ORD106932,66,3,0.2866,583.55,grocery,2,60.01,upi,3,4.0,desktop,evening,0,0
ORD106933,126,0,0.0,312.68,beauty,6,36.8,card,5,5.0,desktop,afternoon,0,0
ORD106934,101,2,0.4815,1588.27,sports,3,2.19,card,7,6.0,tablet,evening,0,0
ORD106935,49,0,0.0,557.56,toys,4,5.21,card,3,3.0,desktop,morning,0,0
ORD106936,0,0,0.0,582.33,beauty,2,20.11,cod,5,5.0,desktop,evening,1,1
ORD106937,113,1,0.1882,461.49,beauty,1,36.23,card,4,6.0,mobile,late_night,0,1
ORD106938,135,1,0.0603,401.38,footwear,3,32.58,wallet,7,7.0,mobile,afternoon,0,1
ORD106939,203,3,0.1356,369.51,grocery,1,71.79,cod,2,2.0,desktop,afternoon,0,1
ORD106940,334,2,0.2453,403.73,grocery,3,20.01,wallet,4,3.0,desktop,evening,0,0
ORD106941,222,3,0.3362,441.12,sports,2,13.01,upi,1,1.0,mobile,late_night,0,0
ORD106942,136,0,0.0,1096.31,footwear,4,5.36,card,1,1.0,desktop,morning,0,0
ORD106943,66,0,0.0,1268.08,home,4,46.95,upi,5,4.0,mobile,afternoon,0,1
ORD106944,475,3,0.0418,595.29,sports,3,27.32,wallet,5,4.0,tablet,evening,0,0
ORD106945,162,2,0.3564,353.96,grocery,2,26.06,cod,5,6.0,mobile,afternoon,0,0
ORD106946,112,2,0.1445,1099.38,electronics,4,39.64,upi,5,5.0,mobile,evening,0,0
ORD106947,147,0,0.0,997.59,fashion,5,14.89,netbanking,6,6.0,mobile,morning,0,1
ORD106948,80,1,0.1709,513.55,sports,3,46.1,wallet,6,5.0,desktop,afternoon,0,0
ORD106949,0,0,0.0,1113.73,beauty,2,15.18,upi,2,1.0,mobile,evening,1,0
ORD106950,97,0,0.0,1252.21,toys,4,19.75,upi,4,8.0,mobile,late_night,0,0
ORD106951,0,0,0.0,1172.36,fashion,2,36.01,card,6,5.0,mobile,evening,1,1
ORD106952,372,1,0.3149,1726.18,beauty,2,13.84,netbanking,2,5.0,desktop,late_night,0,1
ORD106953,283,1,0.1254,2596.93,sports,1,67.83,cod,4,4.0,mobile,afternoon,0,0
ORD106954,993,4,0.1931,849.92,beauty,2,18.08,cod,7,7.0,mobile,morning,0,0
ORD106955,687,4,0.1657,5049.05,electronics,2,14.22,card,6,9.0,mobile,morning,0,0
ORD106956,1559,16,0.0768,1550.2,electronics,5,10.87,netbanking,7,7.0,mobile,afternoon,0,0
ORD106957,335,3,0.348,449.22,fashion,2,37.06,card,3,2.0,tablet,evening,0,0
ORD106958,329,0,0.0,1314.07,fashion,1,59.85,wallet,3,4.0,desktop,morning,0,1
ORD106959,0,0,0.0,1566.32,electronics,3,18.43,netbanking,7,7.0,desktop,afternoon,1,1
ORD106960,449,4,0.0796,1681.77,home,3,28.02,wallet,3,2.0,mobile,afternoon,0,0
ORD106961,88,0,0.0,300.01,toys,1,13.47,card,1,2.0,mobile,morning,0,0
ORD106962,35,0,0.0,602.62,sports,1,0.4,card,1,1.0,mobile,afternoon,0,0
ORD106963,971,8,0.0053,238.25,fashion,3,17.52,wallet,5,5.0,desktop,afternoon,0,0
ORD106964,45,0,0.0,776.28,electronics,2,13.97,card,2,3.0,desktop,morning,0,1
ORD106965,293,1,0.3188,841.43,fashion,2,0.51,card,7,8.0,desktop,afternoon,0,0
ORD106966,68,0,0.0,630.25,electronics,2,21.24,card,3,2.0,desktop,evening,0,0
ORD106967,625,2,0.2786,220.61,beauty,2,3.22,card,5,5.0,mobile,afternoon,0,0
ORD106968,727,8,0.4349,965.21,electronics,4,34.75,upi,1,1.0,mobile,evening,0,0
ORD106969,324,2,0.2611,221.02,grocery,3,52.49,wallet,5,4.0,desktop,afternoon,0,0
ORD106970,714,8,0.408,703.58,fashion,2,27.41,upi,1,1.0,mobile,late_night,0,0
ORD106971,182,2,0.0822,1739.47,beauty,2,31.37,netbanking,1,2.0,mobile,late_night,0,0
ORD106972,2116,15,0.0817,1666.45,sports,2,35.22,card,4,5.0,mobile,afternoon,0,0
ORD106973,0,0,0.0,486.57,footwear,3,5.64,upi,7,3.0,mobile,morning,1,0
ORD106974,67,1,0.1845,970.49,sports,2,3.67,card,6,5.0,mobile,morning,0,0
ORD106975,195,2,0.4443,201.78,grocery,2,26.87,card,2,3.0,mobile,late_night,0,0
ORD106976,0,0,0.0,3141.11,electronics,3,48.65,netbanking,7,6.0,mobile,evening,1,0
ORD106977,137,2,0.3973,2506.47,electronics,3,25.32,card,1,1.0,desktop,evening,0,0
ORD106978,0,0,0.0,452.57,fashion,2,5.21,upi,3,2.0,mobile,afternoon,1,0
ORD106979,277,4,0.2476,577.61,beauty,6,9.21,card,2,1.0,tablet,evening,0,1
ORD106980,0,0,0.0,1211.98,home,2,41.9,netbanking,5,3.0,mobile,morning,1,1
ORD106981,0,0,0.0,763.67,footwear,2,28.61,upi,7,6.0,mobile,morning,1,1
ORD106982,124,3,0.4535,1160.3,home,2,35.98,card,3,6.0,desktop,evening,0,0
ORD106983,78,3,0.1566,1431.93,sports,3,8.38,card,2,1.0,desktop,morning,0,0
ORD106984,70,0,0.0,4244.78,sports,5,34.65,upi,6,6.0,mobile,morning,0,0
ORD106985,5,1,0.1929,680.21,grocery,3,25.95,upi,2,4.0,mobile,evening,0,0
ORD106986,71,0,0.0,337.47,fashion,1,11.69,upi,3,10.0,mobile,evening,0,1
ORD106987,149,1,0.056,2015.69,electronics,3,10.86,cod,1,1.0,desktop,morning,0,0
ORD106988,90,0,0.0,1956.64,beauty,3,20.01,card,2,1.0,mobile,late_night,0,0
ORD106989,277,2,0.2755,948.86,footwear,3,7.66,netbanking,1,5.0,mobile,evening,0,0
ORD106990,838,2,0.091,1871.79,toys,1,8.07,upi,1,3.0,mobile,afternoon,0,0
ORD106991,319,3,0.1502,2764.67,beauty,3,16.5,upi,2,2.0,desktop,afternoon,0,0
ORD106992,0,0,0.0,882.39,electronics,2,5.46,upi,7,8.0,mobile,morning,1,0
ORD106993,614,4,0.1633,490.09,toys,4,6.2,upi,7,7.0,mobile,morning,0,0
ORD106994,0,0,0.0,464.2,beauty,6,74.74,card,4,3.0,desktop,morning,1,0
ORD106995,0,0,0.0,206.56,toys,3,12.16,upi,1,4.0,desktop,afternoon,1,0
ORD106996,541,6,0.5937,1167.46,beauty,2,21.71,card,2,5.0,tablet,afternoon,0,0
ORD106997,112,1,0.0992,1216.13,sports,2,30.48,card,2,2.0,desktop,evening,0,0
ORD106998,0,0,0.0,161.85,toys,3,32.48,upi,7,8.0,desktop,evening,1,0
ORD106999,324,5,0.5838,1198.13,sports,6,14.68,card,4,1.0,mobile,evening,0,1
ORD107000,35,0,0.0,550.51,sports,2,7.86,upi,6,6.0,mobile,afternoon,0,1
ORD107001,0,0,0.0,434.08,beauty,7,12.57,card,2,2.0,desktop,late_night,1,0
ORD107002,87,0,0.0,89.91,toys,2,15.14,upi,5,4.0,mobile,evening,0,1
ORD107003,297,1,0.3322,1485.11,electronics,5,16.79,upi,5,4.0,desktop,late_night,0,1
ORD107004,0,0,0.0,1192.96,fashion,4,65.07,upi,5,4.0,mobile,afternoon,1,1
ORD107005,564,3,0.047,656.82,home,3,64.79,upi,1,2.0,desktop,late_night,0,0
ORD107006,0,0,0.0,190.74,fashion,3,53.12,netbanking,5,6.0,mobile,late_night,1,0
ORD107007,61,1,0.0219,705.92,footwear,1,11.54,cod,4,3.0,desktop,evening,0,0
ORD107008,322,2,0.1777,382.95,beauty,4,60.86,card,2,4.0,tablet,late_night,0,1
ORD107009,75,0,0.0,2203.94,footwear,3,14.12,cod,2,1.0,mobile,evening,0,0
ORD107010,93,2,0.0335,901.24,fashion,1,25.87,cod,7,9.0,mobile,afternoon,0,1
ORD107011,0,0,0.0,1438.7,electronics,2,15.84,card,7,8.0,mobile,late_night,1,0
ORD107012,249,3,0.2108,380.25,home,4,17.09,wallet,3,3.0,tablet,morning,0,0
ORD107013,987,6,0.0489,854.88,home,2,15.7,card,5,5.0,desktop,late_night,0,0
ORD107014,58,0,0.0,6559.1,electronics,1,37.51,upi,3,6.0,tablet,afternoon,0,0
ORD107015,0,0,0.0,383.65,grocery,5,13.69,card,5,4.0,mobile,evening,1,0
ORD107016,169,3,0.2173,1164.56,footwear,3,8.59,cod,3,4.0,desktop,morning,0,0
ORD107017,25,1,0.2099,52.05,grocery,3,20.5,upi,3,1.0,desktop,evening,0,0
ORD107018,67,0,0.0,1396.78,footwear,2,22.28,wallet,2,6.0,mobile,morning,0,0
ORD107019,63,0,0.0,706.46,fashion,1,44.89,card,3,2.0,desktop,afternoon,0,0
ORD107020,0,0,0.0,1718.53,electronics,2,20.27,card,4,12.0,mobile,evening,1,0
ORD107021,0,0,0.0,580.83,toys,1,18.21,upi,6,7.0,tablet,morning,1,1
ORD107022,1385,8,0.5236,338.45,grocery,2,9.73,wallet,4,4.0,mobile,morning,0,0
ORD107023,37,1,0.1171,245.41,grocery,5,4.2,upi,1,2.0,mobile,evening,0,0
ORD107024,106,3,0.1678,467.91,fashion,3,2.58,upi,1,3.0,mobile,afternoon,0,0
ORD107025,67,1,0.2601,275.31,footwear,5,37.06,card,4,4.0,mobile,evening,0,1
ORD107026,44,0,0.0,340.51,beauty,5,13.68,card,7,8.0,desktop,late_night,0,0
ORD107027,201,1,0.3606,960.66,beauty,2,25.21,card,5,5.0,desktop,morning,0,0
ORD107028,181,0,0.0,1143.77,electronics,3,3.28,upi,7,7.0,desktop,afternoon,0,0
ORD107029,0,0,0.0,1668.8,sports,3,6.93,netbanking,7,6.0,mobile,late_night,1,0
ORD107030,184,2,0.0735,451.48,sports,5,36.98,upi,3,2.0,mobile,evening,0,0
ORD107031,48,0,0.0,256.3,fashion,2,31.78,upi,1,2.0,desktop,afternoon,0,0
ORD107032,183,2,0.3643,544.34,footwear,3,13.08,card,3,2.0,mobile,morning,0,0
ORD107033,732,4,0.2417,1825.95,sports,3,25.72,wallet,3,4.0,mobile,afternoon,0,1
ORD107034,301,2,0.1771,105.08,grocery,2,54.63,cod,3,4.0,mobile,late_night,0,0
ORD107035,220,2,0.1464,2545.78,footwear,4,17.05,upi,7,6.0,desktop,afternoon,0,0
ORD107036,101,0,0.0,2297.65,toys,2,41.23,card,1,2.0,mobile,evening,0,0
ORD107037,195,6,0.4206,723.73,beauty,1,25.0,upi,1,2.0,desktop,afternoon,0,0
ORD107038,0,0,0.0,606.0,home,3,6.85,wallet,5,9.0,mobile,late_night,1,0
ORD107039,0,0,0.0,210.92,grocery,2,28.52,card,4,5.0,desktop,morning,1,1
ORD107040,162,4,0.1313,453.97,footwear,3,15.59,upi,1,1.0,desktop,late_night,0,1
ORD107041,230,1,0.1578,1043.15,electronics,3,35.98,card,5,5.0,mobile,afternoon,0,1
ORD107042,42,0,0.0,1451.14,electronics,2,27.96,card,7,9.0,mobile,morning,0,0
ORD107043,80,2,0.106,470.33,electronics,3,5.63,card,2,2.0,mobile,evening,0,0
ORD107044,0,0,0.0,844.78,fashion,3,33.56,card,3,,mobile,afternoon,1,1
ORD107045,0,0,0.0,765.58,electronics,1,7.37,netbanking,6,13.0,mobile,late_night,1,1
ORD107046,200,4,0.2507,362.18,fashion,2,55.43,upi,7,7.0,mobile,morning,0,0
ORD107047,922,4,0.0215,258.88,beauty,1,19.69,netbanking,1,3.0,mobile,morning,0,0
ORD107048,316,2,0.1886,662.86,toys,4,34.04,card,1,4.0,desktop,evening,0,0
ORD107049,140,0,0.0,637.46,grocery,2,12.59,card,4,,desktop,morning,0,0
ORD107050,0,0,0.0,433.19,home,6,27.69,upi,5,6.0,desktop,evening,1,0
ORD107051,882,10,0.4131,2048.79,home,4,9.39,card,4,7.0,mobile,evening,0,0
ORD107052,422,4,0.0859,200.77,beauty,1,4.73,upi,4,3.0,mobile,afternoon,0,1
ORD107053,1310,10,0.1557,573.98,sports,2,18.25,card,5,3.0,desktop,evening,0,0
ORD107054,1965,21,0.2241,1790.28,sports,2,10.49,upi,5,5.0,tablet,afternoon,0,0
ORD107055,44,0,0.0,91.88,grocery,4,9.53,card,6,8.0,desktop,afternoon,0,0
ORD107056,0,0,0.0,599.46,home,3,60.7,upi,7,6.0,mobile,evening,1,0
ORD107057,7,0,0.0,383.87,footwear,1,15.48,upi,1,1.0,mobile,late_night,0,0
ORD107058,497,7,0.0994,533.38,footwear,4,58.91,wallet,1,5.0,desktop,evening,0,1
ORD107059,373,5,0.5465,409.17,fashion,3,15.16,card,6,8.0,mobile,afternoon,0,0
ORD107060,201,1,0.1588,499.73,electronics,3,25.52,card,6,7.0,desktop,afternoon,0,0
ORD107061,47,0,0.0,1012.11,fashion,2,43.01,wallet,3,2.0,desktop,late_night,0,0
ORD107062,164,2,0.0067,374.74,grocery,4,13.02,card,7,8.0,desktop,evening,0,0
ORD107063,222,0,0.0,1237.76,fashion,4,9.38,card,4,3.0,desktop,late_night,0,0
ORD107064,428,1,0.3262,220.91,grocery,2,10.7,card,5,6.0,desktop,evening,0,0
ORD107065,0,0,0.0,1583.12,electronics,2,23.8,card,1,3.0,tablet,afternoon,1,1
ORD107066,376,7,0.2492,961.21,toys,1,18.01,upi,7,6.0,mobile,morning,0,0
ORD107067,0,0,0.0,773.99,fashion,2,19.21,card,4,2.0,desktop,morning,1,1
ORD107068,664,7,0.2479,1247.26,fashion,1,5.96,upi,3,2.0,desktop,afternoon,0,0
ORD107069,363,2,0.2446,526.95,grocery,4,38.27,card,3,4.0,desktop,afternoon,0,0
ORD107070,49,0,0.0,455.04,beauty,7,9.03,card,6,7.0,mobile,late_night,0,0
ORD107071,835,10,0.1452,707.21,fashion,1,12.7,card,4,4.0,tablet,evening,0,0
ORD107072,697,5,0.2689,490.7,toys,1,30.73,card,4,5.0,desktop,evening,0,0
ORD107073,302,1,0.4025,471.87,beauty,1,28.73,netbanking,5,6.0,tablet,late_night,0,0
ORD107074,0,0,0.0,601.63,home,2,45.43,card,1,1.0,desktop,afternoon,1,1
ORD107075,1123,14,0.1555,373.22,grocery,3,44.03,card,4,2.0,tablet,afternoon,0,0
ORD107076,30,0,0.0,501.61,beauty,3,16.54,cod,5,7.0,desktop,morning,0,0
ORD107077,0,0,0.0,433.74,fashion,2,68.44,card,5,10.0,mobile,afternoon,1,1
ORD107078,107,0,0.0,674.55,toys,5,44.3,upi,2,5.0,mobile,late_night,0,0
ORD107079,0,0,0.0,1219.63,toys,2,27.54,upi,1,1.0,desktop,evening,1,0
ORD107080,0,0,0.0,443.61,beauty,2,5.66,card,2,3.0,mobile,afternoon,1,0
ORD107081,0,0,0.0,925.96,home,2,4.98,upi,1,1.0,mobile,evening,1,0
ORD107082,0,0,0.0,334.5,grocery,4,22.52,card,1,3.0,mobile,morning,1,1
ORD107083,557,6,0.1741,174.29,fashion,1,23.54,cod,2,2.0,mobile,late_night,0,0
ORD107084,143,2,0.1932,740.67,sports,3,37.14,upi,6,5.0,tablet,morning,0,0
ORD107085,91,0,0.0,4832.26,sports,1,12.96,upi,5,5.0,desktop,morning,0,1
ORD107086,90,0,0.0,908.86,home,1,0.21,card,5,7.0,mobile,morning,0,0
ORD107087,367,4,0.1465,235.31,beauty,3,15.74,cod,2,3.0,mobile,evening,0,0
ORD107088,1243,9,0.034,429.42,beauty,2,9.46,netbanking,7,7.0,desktop,evening,0,0
ORD107089,17,1,0.4371,198.11,grocery,2,36.36,card,4,6.0,desktop,afternoon,0,0
ORD107090,3000,31,0.3058,579.26,toys,3,10.64,upi,1,6.0,mobile,afternoon,0,0
ORD107091,226,3,0.3459,334.28,grocery,4,6.82,upi,7,13.0,desktop,evening,0,0
ORD107092,0,0,0.0,281.39,grocery,3,3.9,upi,6,5.0,desktop,afternoon,1,0
ORD107093,112,0,0.0,3156.35,electronics,1,64.48,card,1,1.0,desktop,morning,0,0
ORD107094,180,2,0.1055,377.99,home,3,9.94,card,3,5.0,mobile,afternoon,0,1
ORD107095,224,1,0.3833,648.48,toys,3,21.37,upi,5,4.0,mobile,afternoon,0,0
ORD107096,57,0,0.0,610.76,grocery,2,4.7,netbanking,4,3.0,desktop,afternoon,0,0
ORD107097,74,0,0.0,242.24,grocery,4,14.22,card,1,1.0,tablet,late_night,0,0
ORD107098,667,2,0.0593,1557.37,home,3,44.35,netbanking,4,5.0,mobile,evening,0,0
ORD107099,32,0,0.0,751.47,home,1,6.52,upi,2,2.0,mobile,afternoon,0,1
ORD107100,294,1,0.3211,308.16,fashion,2,15.97,netbanking,7,5.0,mobile,afternoon,0,1
ORD107101,120,0,0.0,116.47,beauty,3,2.48,card,5,,mobile,late_night,0,1
ORD107102,63,0,0.0,298.94,beauty,4,35.89,upi,3,3.0,mobile,morning,0,0
ORD107103,1586,9,0.187,766.15,sports,5,15.3,card,5,6.0,mobile,evening,0,0
ORD107104,63,0,0.0,4094.53,home,3,48.69,netbanking,3,3.0,tablet,evening,0,0
ORD107105,52,1,0.1492,910.81,home,2,9.55,card,5,5.0,mobile,late_night,0,0
ORD107106,147,0,0.0,594.44,home,3,45.94,card,3,5.0,mobile,afternoon,0,0
ORD107107,77,0,0.0,746.2,toys,1,5.49,upi,3,4.0,desktop,late_night,0,0
ORD107108,182,0,0.0,671.49,home,4,20.19,upi,2,3.0,desktop,evening,0,0
ORD107109,215,1,0.4749,1818.03,home,2,1.22,upi,2,3.0,tablet,late_night,0,0
ORD107110,0,0,0.0,4976.37,electronics,3,40.9,netbanking,6,7.0,mobile,evening,1,0
ORD107111,158,0,0.0,1069.87,sports,2,10.94,wallet,6,8.0,mobile,evening,0,0
ORD107112,83,0,0.0,84.54,grocery,3,6.61,card,2,1.0,mobile,morning,0,0
ORD107113,367,2,0.073,616.67,fashion,2,18.4,card,4,5.0,mobile,afternoon,0,0
ORD107114,0,0,0.0,590.86,fashion,3,12.3,card,4,5.0,mobile,afternoon,1,0
ORD107115,0,0,0.0,2773.54,home,2,4.72,card,1,3.0,mobile,late_night,1,1
ORD107116,923,11,0.1312,602.97,beauty,3,38.18,netbanking,3,,mobile,evening,0,0
ORD107117,158,1,0.1054,1285.68,electronics,1,1.95,upi,5,4.0,mobile,afternoon,0,0
ORD107118,602,12,0.2418,1760.44,fashion,2,30.07,card,5,4.0,mobile,morning,0,1
ORD107119,698,7,0.2992,406.1,beauty,2,51.29,card,5,5.0,mobile,evening,0,0
ORD107120,747,6,0.0906,605.1,fashion,1,22.41,card,7,8.0,desktop,afternoon,0,1
ORD107121,387,6,0.5135,621.44,home,1,19.48,card,5,,mobile,evening,0,0
ORD107122,0,0,0.0,1159.07,toys,2,11.66,upi,7,7.0,mobile,evening,1,0
ORD107123,0,0,0.0,605.68,home,5,36.94,card,4,6.0,mobile,late_night,1,1
ORD107124,138,1,0.2565,1042.64,fashion,3,31.69,card,6,11.0,desktop,late_night,0,0
ORD107125,0,0,0.0,1167.64,home,4,24.92,upi,7,9.0,desktop,evening,1,0
ORD107126,399,4,0.1557,694.08,fashion,1,46.2,upi,6,5.0,desktop,evening,0,0
ORD107127,237,0,0.0,556.95,grocery,2,39.65,upi,6,6.0,mobile,morning,0,0
ORD107128,0,0,0.0,2595.18,home,4,10.19,wallet,1,2.0,mobile,late_night,1,1
ORD107129,159,0,0.0,713.99,electronics,2,29.4,card,7,7.0,desktop,late_night,0,0
ORD107130,376,2,0.3487,787.05,home,5,11.6,card,4,3.0,mobile,morning,0,0
ORD107131,39,0,0.0,619.9,footwear,3,34.48,upi,4,6.0,mobile,afternoon,0,0
ORD107132,50,0,0.0,1821.49,electronics,2,5.42,card,7,7.0,mobile,evening,0,0
ORD107133,11,0,0.0,1126.84,electronics,2,11.24,upi,2,3.0,mobile,evening,0,0
ORD107134,156,3,0.1899,214.8,beauty,1,5.48,card,4,6.0,mobile,late_night,0,0
ORD107135,77,1,0.3119,408.85,beauty,4,13.77,card,4,6.0,mobile,morning,0,1
ORD107136,67,1,0.2303,1348.36,fashion,3,22.92,card,1,1.0,mobile,morning,0,0
ORD107137,261,1,0.3219,446.64,toys,4,19.88,card,7,7.0,desktop,afternoon,0,0
ORD107138,113,2,0.1215,983.31,footwear,3,38.76,cod,1,1.0,mobile,morning,0,0
ORD107139,37,0,0.0,1502.8,toys,2,39.23,card,5,5.0,desktop,afternoon,0,0
ORD107140,2978,24,0.7331,1899.38,electronics,3,48.55,card,3,,mobile,morning,0,0
ORD107141,174,1,0.0335,1764.37,home,1,9.27,upi,7,6.0,desktop,afternoon,0,0
ORD107142,55,0,0.0,1883.0,home,2,13.91,card,5,6.0,desktop,afternoon,0,0
ORD107143,86,0,0.0,1051.78,beauty,7,17.19,netbanking,7,4.0,tablet,afternoon,0,0
ORD107144,0,0,0.0,3156.17,footwear,3,2.34,card,6,5.0,mobile,evening,1,1
ORD107145,149,0,0.0,403.42,beauty,3,8.89,upi,7,8.0,tablet,morning,0,0
ORD107146,759,11,0.1722,1671.7,home,3,63.63,netbanking,2,2.0,mobile,morning,0,0
ORD107147,166,1,0.2641,342.37,grocery,1,7.36,cod,1,1.0,mobile,morning,0,0
ORD107148,1395,16,0.2624,1250.55,home,2,25.07,upi,3,1.0,mobile,afternoon,0,0
ORD107149,112,2,0.3841,392.16,grocery,2,58.84,upi,1,1.0,tablet,evening,0,1
ORD107150,289,4,0.347,1186.83,toys,3,26.63,card,6,7.0,desktop,evening,0,0
ORD107151,557,4,0.2776,1185.33,electronics,2,9.7,card,5,3.0,desktop,evening,0,0
ORD107152,0,0,0.0,967.84,footwear,3,49.62,card,4,5.0,mobile,late_night,1,1
ORD107153,767,5,0.2394,271.76,fashion,1,41.98,netbanking,1,1.0,mobile,morning,0,0
ORD107154,0,0,0.0,967.44,electronics,2,19.81,wallet,2,1.0,mobile,late_night,1,0
ORD107155,180,2,0.2376,294.52,beauty,3,68.22,wallet,4,8.0,desktop,morning,0,0
ORD107156,0,0,0.0,445.03,grocery,2,34.19,wallet,3,3.0,mobile,morning,1,0
ORD107157,0,0,0.0,591.49,beauty,4,26.16,card,7,6.0,mobile,afternoon,1,1
ORD107158,602,5,0.3338,1958.85,footwear,1,23.64,cod,2,3.0,mobile,afternoon,0,0
ORD107159,486,9,0.0681,1760.31,home,5,5.46,upi,5,8.0,desktop,evening,0,1
ORD107160,164,2,0.4007,290.91,grocery,2,7.13,upi,4,4.0,tablet,evening,0,0
ORD107161,1175,8,0.1653,2421.29,grocery,3,32.89,netbanking,2,1.0,mobile,afternoon,0,0
ORD107162,118,1,0.1671,503.5,beauty,1,47.82,card,3,9.0,mobile,afternoon,0,0
ORD107163,0,0,0.0,248.52,fashion,3,16.86,card,4,4.0,mobile,evening,1,1
ORD107164,0,0,0.0,363.79,home,2,9.67,card,5,5.0,desktop,afternoon,1,0
ORD107165,52,0,0.0,1077.99,fashion,3,4.63,upi,7,8.0,mobile,evening,0,1
ORD107166,359,3,0.3942,147.67,beauty,3,3.17,upi,2,2.0,desktop,afternoon,0,1
ORD107167,248,0,0.0,1920.6,electronics,4,30.3,netbanking,5,9.0,desktop,afternoon,0,1
ORD107168,354,6,0.2495,581.41,footwear,5,18.16,upi,4,5.0,mobile,afternoon,0,0
ORD107169,114,2,0.1942,2795.82,footwear,1,20.55,upi,4,5.0,mobile,late_night,0,1
ORD107170,170,3,0.0939,292.23,fashion,3,2.58,card,6,6.0,mobile,afternoon,0,0
ORD107171,16,0,0.0,1032.77,toys,5,7.91,card,1,1.0,mobile,morning,0,0
ORD107172,274,0,0.0,518.43,fashion,3,25.12,card,4,3.0,mobile,late_night,0,0
ORD107173,202,2,0.1408,1242.82,electronics,2,36.52,cod,4,5.0,tablet,afternoon,0,0
ORD107174,54,1,0.3935,1281.42,beauty,5,19.93,card,6,7.0,mobile,afternoon,0,0
ORD107175,161,0,0.0,204.98,grocery,4,4.1,card,6,7.0,mobile,morning,0,1
ORD107176,136,1,0.2638,509.26,sports,3,13.26,wallet,5,6.0,desktop,late_night,0,0
ORD107177,0,0,0.0,1216.88,electronics,2,47.73,card,1,2.0,mobile,morning,1,0
ORD107178,0,0,0.0,326.55,fashion,1,41.82,cod,4,3.0,mobile,afternoon,1,1
ORD107179,261,1,0.2395,100.71,grocery,4,29.42,wallet,5,,desktop,morning,0,0
ORD107180,54,1,0.1853,510.71,home,2,23.14,card,4,2.0,desktop,afternoon,0,0
ORD107181,98,1,0.2955,547.29,electronics,4,43.84,card,5,4.0,desktop,evening,0,0
ORD107182,245,4,0.429,160.62,grocery,5,31.61,upi,3,2.0,desktop,afternoon,0,0
ORD107183,143,0,0.0,512.88,sports,1,55.26,card,6,5.0,mobile,afternoon,0,1
ORD107184,180,2,0.2845,874.96,footwear,3,6.34,card,4,7.0,desktop,afternoon,0,0
ORD107185,261,5,0.3737,178.37,beauty,4,5.78,netbanking,4,3.0,desktop,morning,0,0
ORD107186,105,1,0.3568,668.5,beauty,3,17.32,upi,4,2.0,desktop,afternoon,0,0
ORD107187,479,4,0.4022,97.34,beauty,1,25.46,card,7,6.0,desktop,evening,0,0
ORD107188,129,0,0.0,460.4,home,3,33.35,card,3,6.0,desktop,morning,0,0
ORD107189,162,1,0.2079,821.98,sports,3,11.43,card,6,7.0,tablet,morning,0,0
ORD107190,269,3,0.1697,553.9,footwear,2,5.29,card,2,1.0,mobile,evening,0,1
ORD107191,232,2,0.1944,534.95,toys,4,27.62,netbanking,4,3.0,desktop,afternoon,0,0
ORD107192,368,3,0.1872,171.93,beauty,1,45.26,card,6,5.0,mobile,evening,0,0
ORD107193,256,1,0.3522,1945.68,toys,2,23.96,card,3,4.0,mobile,evening,0,0
ORD107194,0,0,0.0,913.69,grocery,2,12.08,upi,2,1.0,desktop,afternoon,1,0
ORD107195,0,0,0.0,71.62,beauty,1,46.02,card,2,1.0,desktop,evening,1,1
ORD107196,55,1,0.3046,1008.6,fashion,2,34.04,upi,5,4.0,mobile,evening,0,0
ORD107197,0,0,0.0,344.35,beauty,2,45.78,card,7,7.0,desktop,afternoon,1,0
ORD107198,28,1,0.4276,673.55,footwear,2,4.61,netbanking,7,5.0,desktop,afternoon,0,0
ORD107199,1260,13,0.2637,1571.95,electronics,4,3.84,upi,6,5.0,mobile,evening,0,0
ORD107200,15,0,0.0,965.64,electronics,4,33.83,cod,2,2.0,mobile,evening,0,0
ORD107201,673,4,0.3859,473.4,toys,1,17.78,wallet,2,1.0,mobile,morning,0,0
ORD107202,73,0,0.0,2774.3,sports,3,27.3,card,2,7.0,tablet,afternoon,0,0
ORD107203,0,0,0.0,1049.88,grocery,5,49.49,card,1,1.0,desktop,evening,1,0
ORD107204,16,0,0.0,607.14,fashion,5,20.7,card,3,4.0,mobile,late_night,0,1
ORD107205,139,2,0.1085,540.3,electronics,2,18.34,card,2,3.0,mobile,late_night,0,0
ORD107206,897,5,0.0595,551.0,fashion,3,29.45,upi,1,6.0,tablet,morning,0,0
ORD107207,397,6,0.0447,412.55,toys,6,14.15,card,2,3.0,mobile,afternoon,0,0
ORD107208,125,0,0.0,1801.82,fashion,1,3.74,upi,5,6.0,mobile,evening,0,0
ORD107209,21,0,0.0,188.62,beauty,4,10.38,wallet,6,7.0,desktop,evening,0,1
ORD107210,42,0,0.0,234.94,home,2,9.09,card,5,5.0,mobile,afternoon,0,0
ORD107211,0,0,0.0,445.43,footwear,3,18.63,card,3,3.0,desktop,afternoon,1,0
ORD107212,123,1,0.1298,693.77,beauty,3,19.46,card,5,6.0,mobile,afternoon,0,0
ORD107213,167,1,0.413,868.49,electronics,7,7.59,cod,2,2.0,desktop,evening,0,0
ORD107214,0,0,0.0,1404.27,electronics,3,21.52,netbanking,7,8.0,mobile,evening,1,1
ORD107215,43,0,0.0,1102.58,fashion,1,19.77,upi,7,9.0,desktop,morning,0,0
ORD107216,283,5,0.1234,296.23,home,3,61.59,upi,3,5.0,mobile,afternoon,0,0
ORD107217,114,1,0.3409,471.35,toys,2,18.71,upi,6,6.0,mobile,evening,0,0
ORD107218,250,1,0.1629,1973.57,electronics,2,5.8,card,6,8.0,mobile,late_night,0,0
ORD107219,95,0,0.0,682.56,beauty,2,38.79,card,3,9.0,desktop,evening,0,0
ORD107220,32,0,0.0,1246.68,electronics,4,0.57,card,7,6.0,tablet,late_night,0,0
ORD107221,113,1,0.1005,4896.95,electronics,4,22.59,upi,3,2.0,mobile,morning,0,0
ORD107222,366,4,0.0272,616.5,home,4,6.39,upi,1,1.0,mobile,evening,0,0
ORD107223,279,0,0.0,1275.78,footwear,5,45.84,upi,2,3.0,mobile,evening,0,1
ORD107224,187,2,0.1958,636.4,grocery,1,17.38,card,4,2.0,mobile,afternoon,0,0
ORD107225,486,5,0.0991,158.04,sports,2,5.5,card,2,,desktop,afternoon,0,0
ORD107226,144,1,0.2725,4901.49,electronics,3,8.5,card,6,5.0,tablet,morning,0,0
ORD107227,192,2,0.1582,203.01,beauty,1,21.81,card,4,4.0,mobile,evening,0,0
ORD107228,106,3,0.3735,533.58,footwear,4,10.33,cod,2,4.0,mobile,evening,0,0
ORD107229,0,0,0.0,1868.38,home,2,16.29,card,3,3.0,desktop,late_night,1,0
ORD107230,249,1,0.1324,320.56,beauty,3,18.98,card,2,4.0,desktop,morning,0,1
ORD107231,98,0,0.0,478.03,toys,5,39.63,upi,2,2.0,desktop,afternoon,0,1
ORD107232,35,0,0.0,831.03,beauty,4,10.52,upi,1,2.0,desktop,late_night,0,0
ORD107233,611,2,0.2975,1876.3,electronics,3,38.49,upi,4,3.0,mobile,afternoon,0,0
ORD107234,79,1,0.1335,143.36,grocery,2,13.05,upi,2,3.0,desktop,evening,0,0
ORD107235,0,0,0.0,1169.43,toys,3,57.36,wallet,6,6.0,desktop,evening,1,0
ORD107236,2411,16,0.2904,1107.82,home,1,63.25,card,5,5.0,mobile,evening,0,0
ORD107237,437,2,0.1225,291.23,home,3,49.28,upi,3,4.0,tablet,afternoon,0,0
ORD107238,1066,12,0.4501,400.44,beauty,3,49.36,upi,3,2.0,desktop,afternoon,0,0
ORD107239,0,0,0.0,1101.18,home,5,40.04,card,4,3.0,mobile,morning,1,0
ORD107240,588,5,0.1545,328.63,beauty,3,13.47,card,1,4.0,mobile,afternoon,0,0
ORD107241,186,3,0.1448,92.63,grocery,1,20.51,card,3,3.0,desktop,late_night,0,0
ORD107242,271,1,0.2596,632.64,electronics,3,3.51,upi,5,5.0,mobile,late_night,0,0
ORD107243,0,0,0.0,408.23,fashion,1,27.38,upi,7,7.0,mobile,late_night,1,1
ORD107244,133,2,0.4157,2144.64,electronics,1,39.36,netbanking,3,3.0,mobile,morning,0,0
ORD107245,0,0,0.0,3761.34,electronics,2,23.17,card,2,1.0,tablet,late_night,1,0
ORD107246,0,0,0.0,189.7,toys,4,2.18,cod,6,6.0,mobile,morning,1,1
ORD107247,481,3,0.2743,337.08,toys,2,19.15,upi,4,5.0,desktop,morning,0,0
ORD107248,0,0,0.0,99.88,beauty,4,11.49,netbanking,6,5.0,mobile,afternoon,1,0
ORD107249,558,4,0.4654,635.2,fashion,2,13.36,wallet,4,4.0,mobile,evening,0,0
ORD107250,29,0,0.0,1871.76,fashion,1,28.49,upi,2,2.0,desktop,late_night,0,1
ORD107251,331,2,0.0881,1331.81,fashion,1,18.5,cod,2,3.0,desktop,evening,0,0
ORD107252,0,0,0.0,716.87,home,4,5.02,card,5,5.0,desktop,evening,1,0
ORD107253,404,2,0.4197,342.88,beauty,1,17.75,upi,4,4.0,desktop,afternoon,0,0
ORD107254,178,1,0.1283,728.15,sports,2,48.12,cod,3,3.0,desktop,late_night,0,0
ORD107255,100,1,0.3824,585.1,footwear,2,29.19,card,7,8.0,mobile,late_night,0,0
ORD107256,118,1,0.1318,660.31,fashion,4,21.99,card,3,3.0,mobile,morning,0,0
ORD107257,0,0,0.0,558.93,footwear,1,10.31,upi,5,5.0,desktop,afternoon,1,0
ORD107258,455,3,0.0532,860.03,home,2,36.58,card,7,7.0,mobile,late_night,0,0
ORD107259,57,0,0.0,294.38,fashion,1,26.88,card,5,11.0,mobile,evening,0,0
ORD107260,0,0,0.0,689.92,toys,4,5.24,card,3,2.0,desktop,late_night,1,0
ORD107261,0,0,0.0,667.07,beauty,4,1.88,card,5,6.0,mobile,late_night,1,0
ORD107262,1069,6,0.2084,1640.67,grocery,2,29.35,card,4,6.0,mobile,morning,0,0
ORD107263,179,1,0.2174,1326.4,sports,3,17.63,netbanking,5,5.0,desktop,evening,0,0
ORD107264,138,2,0.4363,259.23,grocery,2,18.35,netbanking,3,3.0,tablet,evening,0,1
ORD107265,244,3,0.2548,888.84,grocery,4,33.25,card,7,8.0,mobile,afternoon,0,0
ORD107266,18,1,0.2265,1159.53,beauty,3,51.47,card,6,6.0,mobile,evening,0,0
ORD107267,48,0,0.0,1008.86,electronics,1,37.43,card,2,1.0,mobile,evening,0,0
ORD107268,0,0,0.0,2447.14,footwear,2,30.38,netbanking,6,3.0,mobile,morning,1,0
ORD107269,82,0,0.0,1196.24,sports,4,24.38,upi,5,4.0,desktop,late_night,0,0
ORD107270,0,0,0.0,627.06,electronics,2,15.12,card,2,4.0,mobile,afternoon,1,0
ORD107271,0,0,0.0,525.91,home,4,35.47,upi,3,4.0,mobile,late_night,1,0
ORD107272,241,0,0.0,472.02,footwear,1,20.68,upi,3,3.0,mobile,evening,0,0
ORD107273,211,0,0.0,1858.62,fashion,3,16.22,netbanking,5,7.0,tablet,morning,0,0
ORD107274,84,1,0.461,993.08,home,4,6.96,wallet,3,4.0,desktop,morning,0,0
ORD107275,197,0,0.0,471.05,beauty,3,14.89,wallet,5,,mobile,late_night,0,0
ORD107276,319,4,0.2373,491.74,toys,2,9.95,upi,6,5.0,desktop,evening,0,0
ORD107277,135,2,0.032,6738.15,electronics,2,22.62,upi,4,4.0,mobile,evening,0,0
ORD107278,295,2,0.1344,1456.41,electronics,2,15.57,upi,5,5.0,desktop,evening,0,0
ORD107279,75,1,0.155,383.11,toys,1,24.74,upi,5,5.0,mobile,evening,0,0
ORD107280,201,4,0.3233,672.78,grocery,3,6.77,card,3,3.0,mobile,evening,0,0
ORD107281,636,10,0.2166,1892.43,electronics,4,43.05,card,4,4.0,desktop,evening,0,0
ORD107282,702,11,0.2504,2557.03,sports,1,26.98,wallet,5,5.0,mobile,morning,0,0
ORD107283,780,5,0.2103,492.95,fashion,2,14.68,wallet,5,5.0,desktop,evening,0,0
ORD107284,0,0,0.0,497.84,beauty,3,13.51,upi,6,9.0,tablet,late_night,1,1
ORD107285,0,0,0.0,3350.14,sports,3,1.23,wallet,2,3.0,mobile,evening,1,0
ORD107286,0,0,0.0,465.52,fashion,2,41.4,upi,5,5.0,mobile,morning,1,1
ORD107287,24,0,0.0,1738.79,home,6,53.13,upi,1,1.0,desktop,evening,0,0
ORD107288,41,1,0.4514,570.31,electronics,1,26.49,card,6,6.0,mobile,evening,0,0
ORD107289,150,1,0.1665,2824.34,electronics,2,4.32,card,1,2.0,mobile,morning,0,0
ORD107290,160,2,0.1515,464.01,footwear,1,16.11,upi,5,6.0,mobile,late_night,0,0
ORD107291,857,7,0.2433,953.04,toys,3,1.71,cod,4,3.0,mobile,afternoon,0,0
ORD107292,0,0,0.0,300.11,fashion,1,33.77,card,6,7.0,mobile,morning,1,0
ORD107293,85,1,0.2852,1346.64,fashion,2,0.63,card,2,2.0,mobile,evening,0,0
ORD107294,445,2,0.3471,627.69,fashion,3,9.25,upi,3,3.0,mobile,afternoon,0,1
ORD107295,0,0,0.0,873.74,fashion,4,6.64,netbanking,3,7.0,desktop,late_night,1,0
ORD107296,384,1,0.0823,951.08,home,3,25.44,upi,3,2.0,desktop,evening,0,0
ORD107297,439,8,0.0721,676.24,footwear,2,17.44,card,7,8.0,desktop,morning,0,0
ORD107298,0,0,0.0,320.52,toys,4,46.96,upi,7,8.0,mobile,morning,1,0
ORD107299,105,0,0.0,148.2,grocery,4,11.72,card,7,7.0,mobile,evening,0,0
ORD107300,553,3,0.1129,710.12,beauty,2,21.93,cod,2,2.0,mobile,late_night,0,1
ORD107301,23,1,0.2659,753.48,electronics,1,1.73,upi,7,8.0,mobile,late_night,0,0
ORD107302,0,0,0.0,845.17,sports,5,0.62,upi,3,2.0,desktop,morning,1,0
ORD107303,176,4,0.1767,357.04,footwear,2,13.97,cod,3,5.0,desktop,morning,0,0
ORD107304,180,0,0.0,740.42,sports,2,6.31,upi,1,2.0,desktop,late_night,0,0
ORD107305,19,0,0.0,446.13,electronics,7,31.12,card,2,3.0,desktop,morning,0,0
ORD107306,118,1,0.1964,661.75,grocery,4,14.27,card,2,2.0,mobile,evening,0,0
ORD107307,0,0,0.0,479.25,grocery,3,9.65,netbanking,7,5.0,mobile,evening,1,0
ORD107308,113,1,0.1252,839.77,home,2,48.83,wallet,1,2.0,mobile,evening,0,1
ORD107309,397,5,0.2043,1894.36,electronics,2,24.94,card,6,7.0,mobile,evening,0,0
ORD107310,188,3,0.0849,1653.12,footwear,2,30.74,card,7,9.0,mobile,morning,0,0
ORD107311,583,2,0.0514,597.41,home,5,14.97,wallet,2,1.0,mobile,morning,0,0
ORD107312,223,2,0.506,1271.17,toys,3,1.62,upi,6,4.0,desktop,late_night,0,0
ORD107313,65,1,0.3903,1017.76,electronics,4,45.43,card,4,7.0,desktop,morning,0,0
ORD107314,192,1,0.2244,423.76,beauty,3,0.88,card,6,8.0,desktop,afternoon,0,0
ORD107315,1055,13,0.1505,246.78,fashion,2,1.83,card,1,1.0,tablet,morning,0,0
ORD107316,0,0,0.0,1901.24,footwear,2,31.46,card,5,6.0,mobile,afternoon,1,1
ORD107317,0,0,0.0,535.04,fashion,1,31.44,upi,6,5.0,mobile,evening,1,0
ORD107318,2167,23,0.5767,1197.05,sports,5,45.61,cod,4,3.0,mobile,afternoon,0,0
ORD107319,648,5,0.0663,254.35,beauty,3,6.79,cod,6,7.0,mobile,afternoon,0,0
ORD107320,445,4,0.2232,251.47,grocery,5,16.96,card,7,11.0,desktop,morning,0,0
ORD107321,257,2,0.0236,143.52,grocery,5,61.71,wallet,4,3.0,mobile,afternoon,0,0
ORD107322,404,3,0.1287,360.75,fashion,3,7.14,card,3,5.0,desktop,evening,0,1
ORD107323,0,0,0.0,277.7,home,2,5.67,upi,6,5.0,mobile,morning,1,0
ORD107324,16,0,0.0,421.52,toys,4,13.83,card,4,4.0,mobile,morning,0,0
ORD107325,279,1,0.1642,175.67,grocery,2,34.56,netbanking,2,1.0,mobile,late_night,0,0
ORD107326,0,0,0.0,1354.48,grocery,4,43.72,card,2,2.0,mobile,late_night,1,0
ORD107327,104,0,0.0,196.19,beauty,4,5.25,netbanking,7,6.0,mobile,afternoon,0,0
ORD107328,146,0,0.0,1012.69,electronics,3,19.08,cod,2,3.0,mobile,afternoon,0,1
ORD107329,32,1,0.2073,2798.91,electronics,4,32.62,upi,1,1.0,mobile,afternoon,0,0
ORD107330,24,0,0.0,319.99,fashion,4,21.48,wallet,7,7.0,mobile,evening,0,0
ORD107331,0,0,0.0,385.97,beauty,5,29.12,card,6,4.0,mobile,evening,1,1
ORD107332,301,0,0.0,1168.08,footwear,2,16.96,card,4,4.0,desktop,late_night,0,0
ORD107333,12,0,0.0,2548.1,electronics,1,14.18,cod,1,2.0,desktop,morning,0,0
ORD107334,96,1,0.3513,652.04,fashion,4,15.15,card,3,4.0,mobile,late_night,0,0
ORD107335,0,0,0.0,459.16,toys,1,13.38,upi,2,4.0,desktop,morning,1,0
ORD107336,133,0,0.0,1374.52,footwear,3,49.43,card,7,8.0,tablet,evening,0,1
ORD107337,713,5,0.0635,1966.42,home,5,8.35,wallet,2,3.0,desktop,afternoon,0,0
ORD107338,575,3,0.1274,1683.02,electronics,3,44.62,card,2,3.0,mobile,morning,0,0
ORD107339,0,0,0.0,1000.5,footwear,5,20.49,upi,5,4.0,mobile,evening,1,1
ORD107340,154,2,0.4196,339.02,toys,2,32.05,upi,6,6.0,mobile,late_night,0,1
ORD107341,110,1,0.1366,1551.84,footwear,3,11.51,upi,1,1.0,mobile,morning,0,0
ORD107342,0,0,0.0,2750.71,electronics,3,19.15,card,6,7.0,mobile,evening,1,1
ORD107343,36,1,0.5921,388.73,toys,3,7.68,upi,7,8.0,mobile,evening,0,0
ORD107344,74,0,0.0,1107.84,electronics,3,21.24,netbanking,4,3.0,mobile,morning,0,0
ORD107345,89,1,0.1859,2954.32,home,1,21.27,card,4,4.0,desktop,afternoon,0,1
ORD107346,247,1,0.1312,195.33,grocery,1,13.63,wallet,5,3.0,mobile,afternoon,0,0
ORD107347,571,3,0.6074,1380.77,electronics,4,23.8,card,6,8.0,mobile,morning,0,0
ORD107348,318,4,0.2868,347.98,home,2,34.94,upi,4,3.0,desktop,late_night,0,0
ORD107349,413,3,0.1357,3280.51,electronics,5,6.23,upi,6,7.0,desktop,afternoon,0,0
ORD107350,135,2,0.2209,436.72,fashion,1,31.94,card,6,9.0,desktop,evening,0,0
ORD107351,351,1,0.1987,424.53,beauty,4,36.39,card,7,8.0,mobile,morning,0,0
ORD107352,0,0,0.0,1530.19,electronics,3,36.89,upi,4,6.0,mobile,late_night,1,1
ORD107353,111,2,0.2605,3294.04,fashion,3,29.41,cod,7,8.0,mobile,afternoon,0,0
ORD107354,1460,10,0.3877,3185.71,sports,4,1.88,card,6,4.0,mobile,evening,0,1
ORD107355,13,2,0.1526,1056.77,home,1,22.31,netbanking,5,5.0,tablet,afternoon,0,0
ORD107356,23,1,0.1586,402.19,fashion,1,38.04,netbanking,4,4.0,mobile,morning,0,0
ORD107357,276,5,0.2455,1773.48,electronics,5,14.51,cod,7,8.0,desktop,late_night,0,0
ORD107358,135,0,0.0,269.3,grocery,4,9.46,wallet,1,2.0,desktop,evening,0,0
ORD107359,37,0,0.0,2151.34,footwear,3,15.15,upi,4,5.0,mobile,evening,0,0
ORD107360,56,0,0.0,3864.04,fashion,3,4.19,card,5,4.0,desktop,evening,0,0
ORD107361,65,0,0.0,1160.1,sports,2,19.8,netbanking,2,1.0,mobile,evening,0,0
ORD107362,0,0,0.0,744.97,beauty,3,12.04,card,7,7.0,desktop,evening,1,1
ORD107363,0,0,0.0,3364.13,home,3,16.73,upi,3,1.0,mobile,evening,1,1
ORD107364,1100,3,0.1876,411.15,grocery,2,1.41,card,4,4.0,desktop,late_night,0,0
ORD107365,31,1,0.4724,932.31,electronics,3,35.99,card,4,2.0,mobile,late_night,0,0
ORD107366,40,0,0.0,396.55,beauty,1,70.62,card,5,5.0,mobile,evening,0,0
ORD107367,0,0,0.0,641.28,fashion,2,32.03,wallet,6,6.0,mobile,evening,1,0
ORD107368,0,0,0.0,991.6,electronics,2,24.28,card,6,6.0,desktop,evening,1,0
ORD107369,0,0,0.0,666.19,fashion,2,14.29,card,3,3.0,mobile,evening,1,0
ORD107370,197,1,0.2207,247.28,footwear,1,25.42,card,3,4.0,tablet,morning,0,0
ORD107371,0,0,0.0,125.69,toys,3,14.32,cod,7,8.0,desktop,evening,1,1
ORD107372,170,1,0.2694,1584.73,electronics,2,10.92,upi,4,6.0,mobile,afternoon,0,0
ORD107373,0,0,0.0,554.55,fashion,4,26.82,upi,5,6.0,mobile,late_night,1,0
ORD107374,318,1,0.4978,3271.59,sports,4,5.09,card,3,1.0,mobile,afternoon,0,0
ORD107375,147,2,0.1887,621.28,home,3,23.92,upi,6,8.0,desktop,evening,0,0
ORD107376,48,1,0.1411,896.55,footwear,1,26.39,card,3,8.0,mobile,late_night,0,0
ORD107377,0,0,0.0,1244.08,electronics,3,49.12,cod,2,2.0,mobile,afternoon,1,0
ORD107378,113,3,0.3596,181.02,fashion,5,21.68,card,3,1.0,mobile,evening,0,0
ORD107379,232,0,0.0,1614.9,electronics,3,4.23,upi,2,1.0,mobile,afternoon,0,0
ORD107380,157,3,0.3919,1959.55,electronics,3,17.43,card,4,6.0,mobile,morning,0,0
ORD107381,483,7,0.3151,646.37,sports,1,41.12,card,5,5.0,mobile,evening,0,1
ORD107382,0,0,0.0,381.07,beauty,4,34.32,cod,1,1.0,mobile,evening,1,1
ORD107383,68,1,0.2491,849.55,beauty,3,20.76,card,2,3.0,mobile,afternoon,0,1
ORD107384,258,4,0.2284,786.09,sports,2,2.91,upi,2,6.0,mobile,evening,0,1
ORD107385,0,0,0.0,1608.43,fashion,2,13.18,card,4,4.0,mobile,afternoon,1,1
ORD107386,318,3,0.111,1023.33,home,2,12.42,card,3,2.0,mobile,afternoon,0,0
ORD107387,566,1,0.2657,922.71,beauty,1,8.97,upi,7,6.0,mobile,afternoon,0,1
ORD107388,92,1,0.0281,2669.19,home,4,35.13,netbanking,2,,mobile,evening,0,0
ORD107389,377,10,0.2599,390.54,footwear,4,12.58,upi,2,2.0,desktop,morning,0,0
ORD107390,27,0,0.0,1559.14,footwear,8,22.93,upi,5,,tablet,evening,0,1
ORD107391,158,0,0.0,1668.26,fashion,3,22.67,upi,5,4.0,mobile,late_night,0,0
ORD107392,134,2,0.1338,1557.78,footwear,3,13.27,card,6,8.0,desktop,morning,0,1
ORD107393,891,6,0.329,731.87,home,4,6.56,netbanking,7,8.0,mobile,afternoon,0,0
ORD107394,0,0,0.0,74.89,toys,2,37.43,upi,3,3.0,mobile,evening,1,0
ORD107395,0,0,0.0,1634.51,grocery,2,12.03,card,6,7.0,desktop,evening,1,1
ORD107396,26,0,0.0,318.3,sports,3,39.59,wallet,2,2.0,mobile,evening,0,1
ORD107397,123,3,0.1501,3864.29,sports,3,34.24,upi,7,7.0,mobile,evening,0,0
ORD107398,0,0,0.0,747.76,electronics,1,22.7,upi,3,3.0,desktop,late_night,1,0
ORD107399,2760,17,0.6499,183.14,beauty,4,18.07,wallet,7,12.0,mobile,evening,0,0
ORD107400,87,0,0.0,310.98,grocery,2,41.64,upi,4,3.0,mobile,evening,0,0
ORD107401,196,2,0.2956,631.59,fashion,4,30.52,card,3,4.0,mobile,morning,0,0
ORD107402,208,3,0.1625,4069.69,home,2,10.45,card,6,8.0,desktop,morning,0,0
ORD107403,31,0,0.0,186.15,grocery,2,42.29,card,4,7.0,mobile,late_night,0,0
ORD107404,101,0,0.0,1677.39,home,1,9.65,netbanking,4,5.0,desktop,evening,0,0
ORD107405,282,6,0.1089,2418.45,electronics,5,8.21,cod,4,10.0,mobile,evening,0,1
ORD107406,0,0,0.0,474.87,home,1,9.98,card,5,5.0,mobile,afternoon,1,0
ORD107407,14,0,0.0,980.2,fashion,3,15.15,cod,6,7.0,mobile,evening,0,0
ORD107408,97,2,0.2072,628.22,fashion,4,7.99,card,5,5.0,desktop,afternoon,0,0
ORD107409,557,6,0.0796,1516.91,fashion,2,7.78,card,1,3.0,mobile,evening,0,0
ORD107410,346,2,0.3105,1459.19,electronics,4,6.91,card,4,5.0,mobile,evening,0,0
ORD107411,692,5,0.1135,2505.18,home,2,22.37,wallet,5,6.0,desktop,evening,0,0
ORD107412,61,1,0.221,1246.67,sports,2,34.11,card,1,3.0,desktop,morning,0,0
ORD107413,741,7,0.4509,412.21,sports,3,50.03,card,3,1.0,mobile,evening,0,1
ORD107414,172,2,0.3593,488.95,electronics,2,31.85,wallet,4,5.0,mobile,evening,0,0
ORD107415,0,0,0.0,3458.6,sports,4,2.02,card,5,5.0,desktop,evening,1,1
ORD107416,181,3,0.6223,639.14,fashion,5,37.41,upi,7,7.0,mobile,afternoon,0,1
ORD107417,0,0,0.0,706.69,footwear,2,26.84,cod,7,7.0,mobile,evening,1,0
ORD107418,461,8,0.1628,1057.24,home,3,8.83,card,4,2.0,mobile,late_night,0,0
ORD107419,111,3,0.2834,1652.99,electronics,1,24.2,card,1,5.0,mobile,afternoon,0,1
ORD107420,119,2,0.0953,961.67,home,3,18.73,upi,5,4.0,mobile,morning,0,0
ORD107421,36,0,0.0,212.0,fashion,3,37.27,cod,2,3.0,mobile,late_night,0,1
ORD107422,1079,9,0.3846,853.3,beauty,4,26.12,wallet,2,1.0,desktop,evening,0,0
ORD107423,102,1,0.3771,1916.72,electronics,5,30.21,card,1,2.0,mobile,afternoon,0,0
ORD107424,1025,13,0.5077,2773.66,electronics,3,30.95,card,4,6.0,mobile,morning,0,1
ORD107425,112,0,0.0,651.88,sports,1,7.91,card,4,9.0,mobile,afternoon,0,1
ORD107426,0,0,0.0,514.11,toys,5,5.77,cod,7,11.0,mobile,afternoon,1,0
ORD107427,773,7,0.0048,622.58,electronics,1,45.28,cod,4,3.0,mobile,afternoon,0,0
ORD107428,167,1,0.2495,3704.22,electronics,2,46.01,cod,1,2.0,mobile,evening,0,0
ORD107429,0,0,0.0,271.73,grocery,3,50.64,upi,1,1.0,desktop,late_night,1,0
ORD107430,0,0,0.0,54.96,grocery,3,31.52,upi,4,4.0,mobile,late_night,1,0
ORD107431,109,0,0.0,517.0,fashion,6,11.56,card,5,7.0,desktop,morning,0,0
ORD107432,290,3,0.2888,2221.61,electronics,4,4.01,upi,1,1.0,mobile,morning,0,0
ORD107433,43,0,0.0,2490.08,home,2,29.13,card,6,7.0,tablet,afternoon,0,0
ORD107434,100,1,0.2226,318.44,home,4,12.01,card,3,5.0,desktop,afternoon,0,0
ORD107435,114,0,0.0,1659.78,fashion,3,15.47,netbanking,6,6.0,desktop,afternoon,0,1
ORD107436,195,1,0.0803,729.04,beauty,2,26.78,upi,5,5.0,mobile,morning,0,0
ORD107437,922,5,0.1207,323.18,beauty,2,23.12,card,1,1.0,mobile,evening,0,0
ORD107438,130,0,0.0,552.66,grocery,4,13.43,netbanking,5,4.0,tablet,late_night,0,0
ORD107439,0,0,0.0,551.75,beauty,3,20.55,netbanking,6,6.0,desktop,morning,1,1
ORD107440,0,0,0.0,450.21,fashion,4,40.08,cod,6,6.0,tablet,morning,1,1
ORD107441,0,0,0.0,1601.08,footwear,5,7.97,cod,5,5.0,mobile,evening,1,1
ORD107442,146,3,0.4103,2353.17,home,4,4.66,upi,7,6.0,mobile,afternoon,0,0
ORD107443,122,1,0.2219,633.21,electronics,2,21.6,netbanking,4,2.0,mobile,evening,0,0
ORD107444,133,1,0.4529,570.43,beauty,3,1.91,upi,4,5.0,desktop,morning,0,0
ORD107445,197,1,0.1334,593.66,fashion,3,6.42,card,3,3.0,mobile,morning,0,0
ORD107446,499,3,0.4819,2356.26,electronics,1,9.93,upi,7,7.0,mobile,afternoon,0,0
ORD107447,282,1,0.2474,585.1,footwear,2,12.18,upi,5,6.0,mobile,evening,0,0
ORD107448,592,4,0.1169,1275.26,beauty,3,15.73,cod,7,6.0,desktop,late_night,0,0
ORD107449,571,8,0.136,177.98,fashion,3,10.92,cod,1,2.0,tablet,late_night,0,0
ORD107450,228,3,0.0679,1920.01,electronics,2,40.72,upi,4,5.0,mobile,late_night,0,0
ORD107451,274,3,0.185,355.54,toys,3,48.41,card,7,7.0,desktop,evening,0,0
ORD107452,613,6,0.1557,249.63,grocery,2,5.42,upi,3,3.0,desktop,evening,0,0
ORD107453,53,1,0.1296,228.19,home,4,19.29,card,5,5.0,mobile,late_night,0,0
ORD107454,0,0,0.0,2153.26,home,2,34.77,card,4,5.0,desktop,morning,1,0
ORD107455,103,0,0.0,247.88,fashion,1,12.17,upi,5,5.0,mobile,morning,0,0
ORD107456,123,0,0.0,404.18,grocery,2,42.45,card,4,6.0,mobile,evening,0,0
ORD107457,0,0,0.0,1145.54,electronics,4,13.23,card,1,1.0,mobile,evening,1,0
ORD107458,49,0,0.0,605.22,footwear,1,13.72,netbanking,6,5.0,mobile,afternoon,0,0
ORD107459,529,5,0.1631,2548.82,electronics,5,9.7,netbanking,6,11.0,mobile,evening,0,0
ORD107460,2202,11,0.3979,1746.3,footwear,2,47.46,upi,5,9.0,desktop,late_night,0,0
ORD107461,97,0,0.0,116.07,grocery,4,35.92,upi,2,3.0,mobile,evening,0,1
ORD107462,265,2,0.4484,495.55,fashion,3,13.08,upi,5,,desktop,late_night,0,0
ORD107463,0,0,0.0,1071.97,home,4,23.62,upi,7,6.0,mobile,morning,1,0
ORD107464,0,0,0.0,427.48,beauty,4,12.94,wallet,1,1.0,desktop,morning,1,1
ORD107465,2080,21,0.1193,1199.45,fashion,3,20.48,card,2,1.0,desktop,late_night,0,0
ORD107466,965,11,0.2876,2532.19,home,2,10.46,card,6,4.0,mobile,afternoon,0,0
ORD107467,139,1,0.3861,1059.39,electronics,2,15.11,cod,7,8.0,mobile,evening,0,0
ORD107468,0,0,0.0,163.64,grocery,2,33.93,card,5,5.0,mobile,morning,1,0
ORD107469,361,2,0.0904,757.22,toys,4,68.07,card,6,8.0,mobile,evening,0,0
ORD107470,177,1,0.0181,287.79,fashion,3,5.84,card,2,4.0,mobile,afternoon,0,0
ORD107471,0,0,0.0,1025.06,footwear,5,16.76,card,2,2.0,desktop,morning,1,0
ORD107472,75,0,0.0,425.03,beauty,2,20.74,upi,4,6.0,desktop,late_night,0,1
ORD107473,640,5,0.531,851.33,sports,4,24.8,card,5,5.0,mobile,afternoon,0,1
ORD107474,717,7,0.4552,1568.52,sports,3,12.36,card,4,5.0,mobile,afternoon,0,1
ORD107475,144,0,0.0,679.51,sports,2,19.74,upi,7,8.0,desktop,evening,0,0
ORD107476,241,3,0.1554,5126.9,toys,1,9.48,upi,2,2.0,mobile,evening,0,0
ORD107477,676,5,0.5187,537.57,fashion,3,10.15,upi,7,7.0,mobile,evening,0,1
ORD107478,27,0,0.0,174.63,grocery,4,9.35,cod,2,2.0,mobile,morning,0,0
ORD107479,0,0,0.0,3605.33,footwear,1,36.89,card,2,5.0,desktop,evening,1,0
ORD107480,1668,7,0.7897,866.06,home,4,10.56,card,6,6.0,tablet,afternoon,0,1
ORD107481,0,0,0.0,209.2,beauty,3,9.0,upi,7,8.0,mobile,evening,1,0
ORD107482,52,2,0.0786,392.93,beauty,4,17.33,card,3,1.0,mobile,afternoon,0,0
ORD107483,206,0,0.0,2374.45,fashion,3,36.88,netbanking,2,3.0,mobile,evening,0,1
ORD107484,557,4,0.122,351.14,grocery,5,6.12,card,4,5.0,mobile,evening,0,0
ORD107485,0,0,0.0,347.52,fashion,1,8.0,card,7,7.0,desktop,afternoon,1,0
ORD107486,220,1,0.202,1863.16,sports,2,31.88,netbanking,5,4.0,desktop,evening,0,1
ORD107487,120,2,0.2596,1373.02,home,2,11.09,upi,3,3.0,mobile,evening,0,0
ORD107488,29,1,0.1403,2581.77,electronics,2,13.5,netbanking,1,1.0,mobile,late_night,0,0
ORD107489,198,3,0.2321,233.53,footwear,4,24.16,upi,5,3.0,desktop,evening,0,1
ORD107490,0,0,0.0,456.6,sports,1,17.24,card,4,4.0,desktop,morning,1,0
ORD107491,0,0,0.0,99.52,grocery,2,58.72,card,2,2.0,desktop,evening,1,0
ORD107492,123,1,0.0386,694.16,home,1,16.12,card,1,1.0,mobile,afternoon,0,0
ORD107493,58,1,0.2589,817.64,grocery,1,23.96,cod,5,6.0,mobile,late_night,0,0
ORD107494,0,0,0.0,139.7,toys,5,22.35,upi,4,4.0,desktop,evening,1,1
ORD107495,84,1,0.2056,382.17,home,4,30.75,card,4,6.0,mobile,afternoon,0,0
ORD107496,466,2,0.0135,287.04,sports,2,38.24,card,5,4.0,mobile,evening,0,0
ORD107497,234,4,0.4215,1270.5,footwear,1,16.33,cod,1,1.0,desktop,morning,0,0
ORD107498,167,1,0.2653,1087.88,grocery,1,3.1,cod,3,3.0,mobile,evening,0,0
ORD107499,57,0,0.0,526.64,beauty,1,8.91,wallet,3,3.0,desktop,afternoon,0,0
ORD107500,120,1,0.2291,1329.91,sports,3,21.9,cod,5,11.0,desktop,evening,0,0
ORD107501,407,2,0.3059,500.38,toys,3,9.7,cod,3,2.0,mobile,evening,0,0
ORD107502,315,4,0.1723,839.64,sports,3,23.68,card,1,3.0,desktop,morning,0,0
ORD107503,107,0,0.0,478.41,grocery,2,9.16,card,2,1.0,mobile,morning,0,0
ORD107504,10,1,0.025,232.3,beauty,1,13.01,card,7,8.0,mobile,afternoon,0,0
ORD107505,86,0,0.0,1377.72,home,3,0.3,card,3,3.0,desktop,late_night,0,0
ORD107506,0,0,0.0,1353.53,electronics,1,28.84,card,7,6.0,mobile,evening,1,0
ORD107507,0,0,0.0,285.08,grocery,2,15.01,upi,1,2.0,desktop,afternoon,1,0
ORD107508,115,1,0.1151,445.68,fashion,6,15.95,netbanking,4,4.0,mobile,late_night,0,0
ORD107509,445,5,0.4236,166.93,footwear,1,36.14,netbanking,5,7.0,desktop,afternoon,0,0
ORD107510,173,0,0.0,1479.63,home,1,68.87,upi,6,5.0,desktop,late_night,0,0
ORD107511,538,4,0.0962,471.84,toys,1,8.7,upi,3,3.0,mobile,afternoon,0,0
ORD107512,34,0,0.0,628.94,fashion,5,6.58,upi,4,4.0,desktop,late_night,0,0
ORD107513,129,0,0.0,2761.48,footwear,6,6.12,card,4,3.0,mobile,evening,0,0
ORD107514,21,0,0.0,565.15,toys,1,5.07,cod,4,4.0,mobile,afternoon,0,0
ORD107515,113,0,0.0,520.42,home,4,30.54,cod,3,2.0,mobile,evening,0,0
ORD107516,0,0,0.0,569.41,electronics,3,42.07,cod,5,5.0,mobile,afternoon,1,0
ORD107517,742,6,0.15,524.78,fashion,3,13.76,upi,6,7.0,mobile,morning,0,0
ORD107518,284,3,0.3289,584.47,beauty,2,61.03,card,5,8.0,mobile,afternoon,0,1
ORD107519,553,7,0.1604,158.89,beauty,3,37.35,card,3,3.0,mobile,evening,0,0
ORD107520,113,1,0.0945,1400.16,fashion,6,8.44,card,2,2.0,desktop,late_night,0,0
ORD107521,59,1,0.4275,330.62,beauty,4,2.04,upi,2,2.0,mobile,evening,0,0
ORD107522,57,0,0.0,841.03,sports,5,4.33,upi,3,3.0,mobile,afternoon,0,0
ORD107523,242,1,0.0449,861.23,home,2,41.78,card,3,4.0,mobile,afternoon,0,0
ORD107524,1327,9,0.2307,267.86,footwear,4,6.01,cod,3,4.0,mobile,afternoon,0,1
ORD107525,285,4,0.3388,201.08,grocery,4,12.28,upi,7,8.0,mobile,evening,0,0
ORD107526,0,0,0.0,869.77,fashion,5,12.59,cod,2,2.0,desktop,evening,1,1
ORD107527,147,1,0.3229,684.85,footwear,3,31.62,upi,3,2.0,desktop,afternoon,0,1
ORD107528,175,1,0.2335,204.66,grocery,2,12.62,cod,4,4.0,mobile,morning,0,0
ORD107529,1684,23,0.1632,401.74,toys,3,21.93,upi,4,10.0,tablet,evening,0,0
ORD107530,704,2,0.2653,2453.77,electronics,2,12.8,upi,7,7.0,desktop,afternoon,0,0
ORD107531,241,1,0.1523,2326.8,home,4,13.46,wallet,7,8.0,mobile,evening,0,0
ORD107532,204,2,0.1074,767.72,home,3,10.38,card,7,8.0,mobile,evening,0,0
ORD107533,251,3,0.0364,155.98,grocery,2,13.83,card,7,7.0,desktop,evening,0,0
ORD107534,312,1,0.1226,4050.31,footwear,4,26.04,upi,7,7.0,mobile,evening,0,1
ORD107535,0,0,0.0,1332.07,fashion,3,26.81,upi,2,1.0,mobile,evening,1,0
ORD107536,71,0,0.0,266.96,grocery,3,16.35,netbanking,2,4.0,mobile,morning,0,0
ORD107537,0,0,0.0,619.72,sports,5,16.1,upi,2,2.0,desktop,morning,1,0
ORD107538,185,2,0.3615,3146.17,sports,3,15.64,card,7,7.0,mobile,morning,0,0
ORD107539,514,6,0.2875,280.58,toys,5,55.8,wallet,6,8.0,mobile,evening,0,0
ORD107540,0,0,0.0,954.61,sports,1,8.72,upi,4,1.0,mobile,evening,1,0
ORD107541,321,4,0.27,1182.06,footwear,4,14.21,card,7,5.0,desktop,late_night,0,0
ORD107542,268,1,0.1975,753.87,fashion,3,16.92,card,3,2.0,mobile,morning,0,0
ORD107543,0,0,0.0,374.58,footwear,2,17.29,netbanking,6,6.0,mobile,morning,1,0
ORD107544,227,4,0.1191,330.84,beauty,4,28.09,card,7,7.0,desktop,evening,0,0
ORD107545,54,0,0.0,868.39,home,2,45.32,upi,1,1.0,mobile,evening,0,1
ORD107546,133,0,0.0,418.58,sports,5,39.23,card,2,2.0,desktop,late_night,0,0
ORD107547,999,4,0.6188,580.46,fashion,2,19.12,netbanking,2,2.0,mobile,morning,0,0
ORD107548,43,0,0.0,2039.83,footwear,3,5.98,card,6,5.0,mobile,afternoon,0,1
ORD107549,79,0,0.0,2327.57,fashion,2,18.58,upi,6,6.0,mobile,afternoon,0,1
ORD107550,0,0,0.0,624.82,footwear,5,3.09,card,6,6.0,desktop,evening,1,0
ORD107551,134,1,0.2085,1606.54,electronics,2,15.83,wallet,5,6.0,tablet,evening,0,0
ORD107552,160,1,0.3615,1454.94,electronics,3,19.26,cod,5,6.0,mobile,afternoon,0,0
ORD107553,590,5,0.0665,150.46,fashion,2,19.58,cod,1,1.0,mobile,afternoon,0,0
ORD107554,82,1,0.2748,600.64,beauty,3,13.21,upi,1,5.0,mobile,late_night,0,0
ORD107555,0,0,0.0,2008.31,electronics,2,47.89,card,4,5.0,desktop,late_night,1,0
ORD107556,39,0,0.0,1348.6,fashion,1,21.31,card,3,3.0,mobile,afternoon,0,1
ORD107557,343,4,0.3114,3512.48,electronics,5,40.81,cod,5,6.0,mobile,evening,0,0
ORD107558,0,0,0.0,1454.95,sports,4,34.26,netbanking,6,9.0,tablet,afternoon,1,1
ORD107559,0,0,0.0,1467.66,sports,4,31.1,upi,5,6.0,mobile,afternoon,1,1
ORD107560,0,0,0.0,351.82,footwear,1,9.78,netbanking,6,,mobile,evening,1,1
ORD107561,134,0,0.0,822.75,footwear,3,36.21,card,2,3.0,mobile,late_night,0,1
ORD107562,619,5,0.1227,162.85,beauty,3,12.67,upi,2,2.0,mobile,afternoon,0,0
ORD107563,72,0,0.0,389.09,toys,3,12.6,card,2,2.0,mobile,afternoon,0,0
ORD107564,87,2,0.1707,2728.67,home,3,15.44,card,2,2.0,desktop,morning,0,0
ORD107565,0,0,0.0,629.95,beauty,2,16.83,netbanking,2,1.0,mobile,afternoon,1,0
ORD107566,121,0,0.0,534.77,beauty,3,26.85,card,1,4.0,desktop,evening,0,0
ORD107567,262,0,0.0,425.56,beauty,3,18.5,upi,5,7.0,mobile,evening,0,0
ORD107568,0,0,0.0,501.36,toys,3,20.34,card,4,3.0,mobile,evening,1,1
ORD107569,0,0,0.0,489.24,beauty,3,22.96,card,4,3.0,mobile,morning,1,1
ORD107570,170,1,0.0945,694.3,fashion,4,69.52,card,2,,desktop,afternoon,0,1
ORD107571,0,0,0.0,1501.3,sports,1,17.19,card,2,1.0,desktop,afternoon,1,0
ORD107572,389,8,0.399,6946.16,electronics,2,34.76,cod,4,2.0,mobile,morning,0,0
ORD107573,96,1,0.4529,1802.15,fashion,2,34.52,card,7,12.0,mobile,evening,0,1
ORD107574,2280,15,0.1995,322.07,beauty,4,6.9,netbanking,7,6.0,mobile,evening,0,0
ORD107575,0,0,0.0,332.12,toys,4,7.11,wallet,6,5.0,mobile,evening,1,0
ORD107576,0,0,0.0,303.3,beauty,5,6.27,upi,3,4.0,desktop,evening,1,0
ORD107577,332,5,0.554,422.12,fashion,3,17.83,card,5,4.0,mobile,evening,0,0
ORD107578,265,3,0.269,259.41,home,2,15.56,card,3,5.0,tablet,evening,0,0
ORD107579,970,8,0.0802,316.88,grocery,2,12.53,card,4,2.0,desktop,afternoon,0,1
ORD107580,94,3,0.2435,660.03,home,3,44.73,netbanking,6,7.0,desktop,late_night,0,0
ORD107581,0,0,0.0,719.29,footwear,5,19.8,card,2,2.0,mobile,evening,1,1
ORD107582,217,0,0.0,670.96,sports,3,6.44,wallet,7,8.0,desktop,afternoon,0,0
ORD107583,0,0,0.0,687.69,fashion,5,16.25,wallet,3,2.0,desktop,late_night,1,1
ORD107584,143,2,0.0558,415.86,fashion,2,16.61,upi,4,7.0,tablet,evening,0,1
ORD107585,123,0,0.0,281.36,beauty,4,17.19,upi,2,4.0,tablet,evening,0,0
ORD107586,405,8,0.1979,6823.54,electronics,2,49.46,card,2,4.0,desktop,evening,0,0
ORD107587,0,0,0.0,404.4,sports,1,10.78,netbanking,2,3.0,mobile,late_night,1,1
ORD107588,73,1,0.4379,2605.52,grocery,1,17.99,cod,2,1.0,mobile,evening,0,0
ORD107589,796,3,0.0903,340.44,home,8,6.62,netbanking,1,1.0,mobile,afternoon,0,0
ORD107590,405,2,0.1248,492.19,home,1,21.21,upi,2,2.0,mobile,late_night,0,1
ORD107591,0,0,0.0,121.31,grocery,2,1.74,card,2,1.0,mobile,afternoon,1,0
ORD107592,0,0,0.0,223.41,grocery,5,5.05,wallet,5,4.0,mobile,evening,1,0
ORD107593,0,0,0.0,41.08,beauty,2,5.84,upi,3,,desktop,morning,1,0
ORD107594,374,2,0.5616,876.39,beauty,2,41.92,netbanking,2,1.0,mobile,evening,0,0
ORD107595,0,0,0.0,288.43,toys,3,32.32,card,6,7.0,desktop,late_night,1,0
ORD107596,274,5,0.445,824.65,fashion,2,7.35,card,3,8.0,desktop,late_night,0,0
ORD107597,371,2,0.1752,2458.85,footwear,3,43.5,card,6,5.0,mobile,evening,0,1
ORD107598,13,0,0.0,1172.14,electronics,3,12.36,card,1,1.0,desktop,evening,0,0
ORD107599,224,2,0.2202,2218.01,electronics,2,31.8,card,5,4.0,mobile,morning,0,0
ORD107600,0,0,0.0,347.93,fashion,3,20.99,card,5,4.0,mobile,afternoon,1,0
ORD107601,0,0,0.0,787.53,beauty,3,6.45,cod,3,2.0,desktop,evening,1,0
ORD107602,438,3,0.1423,2152.58,electronics,3,29.47,card,2,1.0,mobile,morning,0,0
ORD107603,126,1,0.3504,304.82,footwear,2,27.28,upi,6,10.0,desktop,evening,0,0
ORD107604,0,0,0.0,1329.5,toys,3,16.03,netbanking,7,7.0,tablet,evening,1,0
ORD107605,0,0,0.0,816.81,home,1,4.32,upi,4,1.0,mobile,morning,1,0
ORD107606,602,2,0.3191,1500.28,electronics,1,11.78,upi,5,5.0,tablet,evening,0,0
ORD107607,392,3,0.1951,832.42,toys,3,30.42,card,4,8.0,mobile,late_night,0,0
ORD107608,655,4,0.1893,1811.74,home,3,22.01,card,4,5.0,mobile,evening,0,0
ORD107609,0,0,0.0,819.22,electronics,2,34.67,netbanking,7,8.0,desktop,evening,1,0
ORD107610,438,4,0.0087,563.11,grocery,4,53.19,card,6,4.0,desktop,morning,0,0
ORD107611,34,1,0.0357,981.83,sports,2,12.54,cod,5,4.0,mobile,afternoon,0,0
ORD107612,69,2,0.1269,247.47,grocery,1,11.04,upi,2,1.0,mobile,morning,0,0
ORD107613,208,1,0.3984,607.02,sports,3,14.63,card,4,5.0,desktop,evening,0,1
ORD107614,375,4,0.1632,1117.62,sports,2,13.04,upi,6,10.0,desktop,afternoon,0,0
ORD107615,0,0,0.0,191.23,toys,6,46.62,cod,4,3.0,mobile,morning,1,1
ORD107616,139,1,0.2124,163.94,grocery,4,20.96,upi,5,4.0,mobile,afternoon,0,0
ORD107617,69,2,0.2893,271.61,home,5,12.32,card,2,2.0,mobile,late_night,0,1
ORD107618,66,1,0.2604,3034.58,electronics,4,32.15,card,5,5.0,mobile,late_night,0,0
ORD107619,0,0,0.0,330.26,grocery,3,22.15,card,3,2.0,tablet,afternoon,1,0
ORD107620,2086,15,0.3852,1040.31,home,2,45.33,card,5,5.0,mobile,morning,0,0
ORD107621,416,2,0.2073,637.6,home,3,36.64,upi,6,6.0,desktop,afternoon,0,1
ORD107622,616,6,0.4595,256.36,grocery,2,1.47,cod,2,4.0,mobile,evening,0,0
ORD107623,139,1,0.1837,257.05,grocery,2,16.0,card,1,6.0,mobile,morning,0,0
ORD107624,180,1,0.2194,931.45,footwear,1,43.92,card,1,,desktop,evening,0,0
ORD107625,391,0,0.0,150.72,beauty,3,17.53,card,1,2.0,mobile,afternoon,0,0
ORD107626,0,0,0.0,1020.74,sports,4,28.06,card,7,,desktop,morning,1,0
ORD107627,0,0,0.0,707.17,toys,2,19.35,card,6,,desktop,evening,1,0
ORD107628,86,1,0.021,934.11,fashion,3,45.4,netbanking,6,5.0,mobile,morning,0,1
ORD107629,0,0,0.0,2091.64,toys,2,22.66,upi,3,1.0,mobile,evening,1,1
ORD107630,191,0,0.0,619.8,toys,5,6.38,card,3,3.0,desktop,evening,0,0
ORD107631,73,0,0.0,3110.71,electronics,1,29.16,netbanking,3,3.0,desktop,evening,0,0
ORD107632,0,0,0.0,1861.2,sports,2,7.76,card,7,8.0,desktop,evening,1,1
ORD107633,247,5,0.4877,1005.86,electronics,2,0.69,upi,7,7.0,desktop,afternoon,0,0
ORD107634,148,0,0.0,511.64,grocery,4,28.83,upi,2,2.0,mobile,afternoon,0,1
ORD107635,72,0,0.0,172.54,fashion,5,33.27,netbanking,7,8.0,mobile,evening,0,0
ORD107636,203,2,0.3178,416.16,footwear,4,7.53,card,4,,desktop,evening,0,0
ORD107637,0,0,0.0,2747.14,electronics,3,38.63,cod,5,6.0,mobile,evening,1,1
ORD107638,190,3,0.0719,302.09,fashion,6,9.59,card,5,8.0,mobile,morning,0,0
ORD107639,606,5,0.2848,944.82,beauty,4,32.0,cod,6,5.0,mobile,morning,0,1
ORD107640,45,1,0.1725,1528.34,footwear,5,6.22,card,6,8.0,mobile,evening,0,1
ORD107641,0,0,0.0,2299.45,electronics,3,18.46,upi,6,6.0,desktop,afternoon,1,1
ORD107642,167,0,0.0,544.03,beauty,3,17.46,upi,1,2.0,mobile,morning,0,1
ORD107643,285,1,0.1657,753.53,home,1,40.85,card,6,4.0,desktop,evening,0,0
ORD107644,79,0,0.0,842.38,footwear,4,1.51,netbanking,1,1.0,desktop,morning,0,1
ORD107645,636,3,0.3394,1515.34,footwear,3,32.72,card,6,6.0,mobile,morning,0,0
ORD107646,157,1,0.297,3822.77,electronics,5,2.46,upi,6,5.0,mobile,morning,0,0
ORD107647,117,1,0.3917,1828.72,electronics,3,6.66,cod,3,3.0,desktop,late_night,0,0
ORD107648,96,1,0.4408,377.65,sports,4,35.02,upi,4,4.0,mobile,late_night,0,0
ORD107649,134,2,0.083,242.15,grocery,4,31.16,netbanking,7,7.0,mobile,morning,0,0
ORD107650,0,0,0.0,887.24,footwear,4,2.33,cod,4,3.0,mobile,late_night,1,1
ORD107651,219,1,0.1447,1684.61,sports,2,3.18,upi,5,5.0,mobile,afternoon,0,0
ORD107652,173,2,0.1506,1299.61,sports,3,17.66,upi,4,5.0,desktop,afternoon,0,0
ORD107653,82,2,0.3232,1280.52,toys,3,13.14,card,2,1.0,desktop,afternoon,0,0
ORD107654,77,1,0.1994,183.91,grocery,4,14.82,netbanking,3,4.0,mobile,morning,0,1
ORD107655,109,2,0.1022,184.44,grocery,4,11.2,wallet,1,1.0,mobile,afternoon,0,0
ORD107656,0,0,0.0,1784.95,home,4,37.85,card,3,2.0,tablet,afternoon,1,0
ORD107657,375,2,0.5754,897.7,electronics,3,6.58,card,1,1.0,desktop,evening,0,1
ORD107658,435,2,0.498,430.01,home,2,30.01,card,5,8.0,mobile,late_night,0,1
ORD107659,180,2,0.0184,308.18,grocery,3,29.66,card,3,3.0,desktop,afternoon,0,0
ORD107660,276,1,0.4884,2884.72,electronics,3,16.36,netbanking,1,2.0,mobile,evening,0,0
ORD107661,0,0,0.0,1986.06,electronics,2,11.01,upi,2,5.0,tablet,afternoon,1,0
ORD107662,26,0,0.0,106.07,fashion,2,15.33,card,6,6.0,mobile,evening,0,0
ORD107663,0,0,0.0,267.42,grocery,5,20.45,card,2,3.0,mobile,morning,1,0
ORD107664,119,1,0.0783,263.2,beauty,2,9.11,card,4,5.0,desktop,evening,0,0
ORD107665,57,4,0.244,2041.62,home,3,26.0,card,6,7.0,tablet,evening,0,1
ORD107666,97,1,0.214,577.24,electronics,3,39.05,upi,6,4.0,desktop,evening,0,0
ORD107667,210,1,0.2198,1319.78,home,2,1.01,card,4,8.0,desktop,evening,0,0
ORD107668,52,0,0.0,670.39,fashion,2,14.87,upi,6,5.0,mobile,afternoon,0,0
ORD107669,82,0,0.0,797.65,fashion,4,8.76,netbanking,7,6.0,mobile,morning,0,0
ORD107670,0,0,0.0,2960.14,electronics,3,32.71,card,5,6.0,desktop,evening,1,1
ORD107671,31,0,0.0,573.73,fashion,4,8.59,card,6,9.0,mobile,evening,0,0
ORD107672,0,0,0.0,708.94,fashion,2,13.81,netbanking,5,3.0,desktop,evening,1,1
ORD107673,50,1,0.1592,2486.76,footwear,4,29.01,netbanking,1,1.0,desktop,evening,0,0
ORD107674,79,1,0.2666,1039.17,toys,5,40.29,upi,7,8.0,mobile,evening,0,0
ORD107675,145,2,0.204,1270.51,fashion,2,1.39,wallet,7,,mobile,evening,0,1
ORD107676,61,0,0.0,552.04,grocery,2,44.73,card,5,4.0,tablet,afternoon,0,0
ORD107677,0,0,0.0,3341.26,home,1,32.99,card,2,1.0,desktop,morning,1,0
ORD107678,0,0,0.0,994.83,fashion,2,11.8,card,4,7.0,desktop,afternoon,1,0
ORD107679,0,0,0.0,1847.88,electronics,2,17.53,card,4,2.0,mobile,evening,1,0
ORD107680,0,0,0.0,689.19,beauty,4,26.55,card,7,9.0,desktop,evening,1,1
ORD107681,39,1,0.5761,449.07,fashion,4,18.34,card,6,6.0,desktop,afternoon,0,1
ORD107682,138,3,0.1174,1199.06,fashion,2,2.35,card,2,1.0,mobile,evening,0,1
ORD107683,0,0,0.0,1360.33,fashion,2,32.99,card,4,4.0,desktop,afternoon,1,0
ORD107684,472,5,0.3991,233.88,grocery,1,26.03,card,6,,mobile,late_night,0,1
ORD107685,0,0,0.0,605.75,fashion,6,3.56,cod,6,5.0,mobile,late_night,1,0
ORD107686,587,5,0.0772,565.28,beauty,4,36.24,upi,6,6.0,mobile,evening,0,0
ORD107687,485,7,0.4046,1088.1,electronics,2,7.71,card,7,12.0,mobile,afternoon,0,0
ORD107688,3000,33,0.1655,214.37,beauty,4,6.98,card,5,5.0,desktop,evening,0,1
ORD107689,201,1,0.1385,560.67,fashion,1,19.73,upi,4,5.0,mobile,late_night,0,0
ORD107690,131,2,0.0773,930.92,home,1,46.02,upi,7,7.0,mobile,afternoon,0,0
ORD107691,220,2,0.1039,821.98,toys,2,17.89,card,1,1.0,desktop,evening,0,0
ORD107692,66,3,0.0709,434.97,grocery,3,35.19,wallet,5,3.0,desktop,late_night,0,0
ORD107693,195,3,0.3783,857.14,home,2,25.79,card,6,12.0,desktop,evening,0,1
ORD107694,27,0,0.0,1102.25,footwear,4,49.56,upi,2,2.0,tablet,evening,0,1
ORD107695,101,0,0.0,204.27,grocery,4,67.42,upi,4,5.0,desktop,evening,0,0
ORD107696,159,3,0.1874,307.91,home,2,9.14,cod,1,1.0,desktop,evening,0,1
ORD107697,0,0,0.0,1471.25,electronics,4,3.81,card,2,1.0,mobile,morning,1,1
ORD107698,615,6,0.4613,1139.35,sports,2,42.8,upi,5,5.0,mobile,afternoon,0,0
ORD107699,62,0,0.0,589.01,home,3,20.08,card,6,5.0,desktop,evening,0,0
ORD107700,1778,15,0.4002,185.0,toys,3,20.2,card,4,5.0,desktop,late_night,0,0
ORD107701,213,3,0.2219,482.1,home,2,37.84,card,7,8.0,desktop,evening,0,1
ORD107702,236,1,0.5394,380.13,home,2,38.43,netbanking,5,6.0,mobile,afternoon,0,0
ORD107703,30,0,0.0,651.16,electronics,1,14.49,card,6,6.0,mobile,afternoon,0,0
ORD107704,91,1,0.2563,1762.76,electronics,1,15.65,upi,4,4.0,mobile,late_night,0,0
ORD107705,575,1,0.1306,3893.83,electronics,3,37.82,netbanking,5,10.0,mobile,evening,0,0
ORD107706,218,1,0.3561,303.22,grocery,3,25.07,wallet,1,1.0,desktop,afternoon,0,0
ORD107707,204,0,0.0,3861.8,electronics,1,37.28,card,4,2.0,mobile,afternoon,0,0
ORD107708,232,3,0.6646,118.75,footwear,3,20.18,card,6,6.0,mobile,afternoon,0,1
ORD107709,37,0,0.0,592.0,toys,2,12.82,netbanking,1,2.0,desktop,evening,0,0
ORD107710,162,1,0.213,1420.43,sports,1,29.9,upi,2,3.0,desktop,evening,0,0
ORD107711,853,10,0.3817,517.98,home,3,17.11,upi,3,1.0,mobile,late_night,0,0
ORD107712,599,7,0.3879,396.29,footwear,4,9.87,upi,1,1.0,tablet,evening,0,0
ORD107713,157,0,0.0,517.21,fashion,2,8.23,wallet,1,2.0,mobile,afternoon,0,0
ORD107714,1012,9,0.1601,825.77,beauty,5,20.47,upi,1,1.0,mobile,morning,0,0
ORD107715,45,0,0.0,129.24,grocery,3,22.68,card,1,1.0,mobile,late_night,0,0
ORD107716,62,1,0.1451,165.79,grocery,5,40.96,upi,4,4.0,desktop,late_night,0,0
ORD107717,0,0,0.0,206.06,toys,2,50.25,cod,5,5.0,tablet,afternoon,1,0
ORD107718,342,2,0.2177,2583.84,electronics,3,29.94,card,5,5.0,desktop,morning,0,0
ORD107719,131,2,0.4999,585.5,sports,3,11.13,card,3,3.0,mobile,afternoon,0,0
ORD107720,170,1,0.1533,412.14,beauty,1,27.61,cod,5,4.0,desktop,evening,0,1
ORD107721,0,0,0.0,410.88,grocery,2,17.64,cod,3,2.0,mobile,morning,1,1
ORD107722,245,3,0.3717,311.67,beauty,1,16.67,upi,4,8.0,mobile,afternoon,0,0
ORD107723,225,3,0.1717,237.19,fashion,4,6.37,card,4,5.0,desktop,morning,0,1
ORD107724,0,0,0.0,733.42,toys,1,9.32,upi,7,6.0,mobile,evening,1,0
ORD107725,50,0,0.0,1103.1,footwear,1,28.98,wallet,4,7.0,mobile,evening,0,1
ORD107726,242,1,0.215,2034.7,fashion,3,1.89,card,4,4.0,desktop,evening,0,0
ORD107727,101,0,0.0,639.66,toys,2,5.2,card,1,2.0,mobile,evening,0,0
ORD107728,61,1,0.7499,1781.2,electronics,4,44.5,cod,6,9.0,mobile,afternoon,0,1
ORD107729,730,9,0.3442,1161.25,sports,3,39.7,upi,1,3.0,mobile,late_night,0,0
ORD107730,1971,11,0.0574,453.31,toys,4,9.46,card,5,5.0,desktop,evening,0,0
ORD107731,1535,16,0.4746,431.31,beauty,4,19.69,card,7,12.0,tablet,morning,0,1
ORD107732,370,4,0.1765,338.55,toys,1,7.6,card,4,3.0,desktop,evening,0,0
ORD107733,135,3,0.4755,354.26,grocery,5,29.97,wallet,1,1.0,mobile,late_night,0,1
ORD107734,0,0,0.0,538.35,beauty,2,14.02,card,3,3.0,mobile,late_night,1,0
ORD107735,283,3,0.1925,393.18,beauty,5,6.31,upi,1,1.0,desktop,late_night,0,0
ORD107736,114,0,0.0,152.14,grocery,2,1.63,card,1,1.0,mobile,afternoon,0,1
ORD107737,773,5,0.1316,260.33,footwear,1,16.26,card,5,5.0,desktop,late_night,0,0
ORD107738,19,0,0.0,303.69,beauty,3,2.71,card,3,5.0,mobile,late_night,0,1
ORD107739,130,2,0.1726,423.43,fashion,3,68.59,wallet,1,2.0,mobile,morning,0,0
ORD107740,437,2,0.0918,390.17,toys,1,32.91,card,5,5.0,mobile,morning,0,0
ORD107741,71,0,0.0,213.04,grocery,3,43.93,wallet,5,6.0,mobile,afternoon,0,0
ORD107742,0,0,0.0,2198.71,fashion,3,13.72,cod,1,2.0,mobile,morning,1,1
ORD107743,0,0,0.0,727.39,sports,2,33.43,upi,2,2.0,mobile,evening,1,1
ORD107744,0,0,0.0,375.73,sports,1,20.87,upi,4,4.0,mobile,afternoon,1,0
ORD107745,43,0,0.0,893.14,home,3,35.82,card,2,3.0,desktop,morning,0,0
ORD107746,40,0,0.0,506.64,fashion,2,38.34,wallet,2,3.0,desktop,evening,0,0
ORD107747,64,1,0.1274,1890.25,toys,2,50.75,card,6,8.0,mobile,late_night,0,0
ORD107748,33,0,0.0,633.7,toys,4,34.32,wallet,5,4.0,mobile,evening,0,0
ORD107749,0,0,0.0,1239.35,fashion,2,14.09,wallet,1,1.0,mobile,morning,1,0
ORD107750,0,0,0.0,900.81,home,3,39.36,upi,3,2.0,mobile,evening,1,0
ORD107751,704,4,0.2317,1093.12,sports,1,8.58,netbanking,6,6.0,mobile,evening,0,0
ORD107752,0,0,0.0,354.15,toys,3,34.91,netbanking,6,4.0,mobile,afternoon,1,0
ORD107753,0,0,0.0,922.73,sports,3,20.46,card,5,5.0,mobile,evening,1,0
ORD107754,63,0,0.0,156.28,grocery,2,12.83,upi,7,9.0,mobile,evening,0,0
ORD107755,0,0,0.0,540.71,footwear,4,5.5,wallet,4,5.0,desktop,late_night,1,1
ORD107756,1427,6,0.2535,366.65,grocery,3,28.38,cod,5,4.0,desktop,afternoon,0,0
ORD107757,68,0,0.0,1155.23,home,3,34.36,card,5,6.0,desktop,late_night,0,0
ORD107758,1208,9,0.0972,342.69,grocery,2,9.92,upi,1,1.0,desktop,evening,0,0
ORD107759,270,4,0.2226,575.08,home,4,26.32,card,5,6.0,desktop,afternoon,0,0
ORD107760,184,2,0.2616,2428.19,toys,2,44.96,upi,5,6.0,mobile,evening,0,0
ORD107761,0,0,0.0,413.23,beauty,1,8.34,card,1,1.0,tablet,evening,1,1
ORD107762,278,1,0.3228,2004.02,electronics,5,8.29,netbanking,4,3.0,mobile,afternoon,0,0
ORD107763,1398,16,0.3046,1779.17,footwear,3,59.64,card,5,4.0,mobile,afternoon,0,1
ORD107764,321,2,0.2024,153.21,grocery,2,1.21,upi,2,4.0,desktop,afternoon,0,0
ORD107765,328,1,0.6975,454.01,toys,1,48.66,wallet,7,7.0,desktop,afternoon,0,0
ORD107766,114,1,0.2414,3454.12,sports,1,14.7,card,3,4.0,desktop,late_night,0,0
ORD107767,456,8,0.3065,708.77,toys,2,7.25,card,1,1.0,mobile,afternoon,0,0
ORD107768,0,0,0.0,1154.07,fashion,4,61.93,card,6,6.0,tablet,evening,1,0
ORD107769,204,0,0.0,339.76,beauty,2,14.7,wallet,1,1.0,mobile,evening,0,0
ORD107770,3000,26,0.124,220.68,grocery,4,16.45,upi,2,1.0,mobile,evening,0,0
ORD107771,11,0,0.0,345.88,footwear,2,18.18,card,1,1.0,tablet,evening,0,0
ORD107772,234,1,0.5006,6861.03,electronics,4,10.48,card,2,4.0,desktop,late_night,0,0
ORD107773,0,0,0.0,214.75,grocery,6,12.87,card,7,7.0,mobile,morning,1,0
ORD107774,141,2,0.5033,371.56,sports,3,58.87,upi,7,10.0,desktop,evening,0,1
ORD107775,144,0,0.0,1675.05,footwear,3,57.67,wallet,3,2.0,tablet,afternoon,0,1
ORD107776,200,2,0.0914,184.47,grocery,1,12.62,card,7,5.0,desktop,morning,0,0
ORD107777,0,0,0.0,2770.17,electronics,1,32.94,wallet,2,1.0,desktop,morning,1,0
ORD107778,231,3,0.3766,2710.33,electronics,3,7.68,card,4,9.0,mobile,evening,0,0
ORD107779,106,0,0.0,3494.18,electronics,1,12.71,upi,2,6.0,mobile,morning,0,0
ORD107780,1676,8,0.0948,193.81,toys,1,62.81,wallet,1,1.0,mobile,late_night,0,0
ORD107781,137,0,0.0,860.76,fashion,3,27.93,upi,3,4.0,mobile,evening,0,0
ORD107782,339,1,0.122,137.48,grocery,2,40.21,upi,5,6.0,mobile,evening,0,0
ORD107783,86,3,0.4081,766.06,footwear,3,48.85,card,5,6.0,mobile,morning,0,1
ORD107784,505,5,0.1763,3082.62,electronics,2,23.42,wallet,3,3.0,mobile,late_night,0,0
ORD107785,0,0,0.0,88.63,grocery,7,20.21,netbanking,2,6.0,mobile,evening,1,0
ORD107786,287,3,0.0228,648.43,home,4,55.83,wallet,2,2.0,desktop,morning,0,0
ORD107787,0,0,0.0,341.15,fashion,1,29.86,wallet,6,5.0,mobile,afternoon,1,0
ORD107788,79,2,0.27,329.22,grocery,4,5.24,upi,1,4.0,mobile,morning,0,0
ORD107789,1158,14,0.1836,403.49,home,3,27.92,upi,3,2.0,desktop,morning,0,0
ORD107790,78,1,0.4444,2726.79,electronics,1,4.83,cod,6,7.0,mobile,afternoon,0,0
ORD107791,366,4,0.3553,741.51,home,4,4.35,upi,3,4.0,mobile,late_night,0,0
ORD107792,64,0,0.0,424.73,beauty,4,12.3,cod,7,8.0,tablet,late_night,0,0
ORD107793,549,2,0.4025,1122.47,sports,3,16.64,card,5,7.0,tablet,late_night,0,0
ORD107794,85,0,0.0,93.66,fashion,2,25.59,card,1,1.0,tablet,late_night,0,0
ORD107795,62,2,0.5568,208.82,beauty,4,24.42,upi,5,4.0,mobile,evening,0,0
ORD107796,82,0,0.0,1836.75,fashion,2,20.51,cod,6,6.0,desktop,evening,0,0
ORD107797,0,0,0.0,279.5,fashion,3,7.93,card,5,5.0,tablet,evening,1,1
ORD107798,282,6,0.339,245.9,toys,1,27.26,card,3,4.0,mobile,late_night,0,0
ORD107799,195,1,0.0424,742.66,sports,4,13.14,wallet,7,8.0,mobile,morning,0,0
ORD107800,54,1,0.4793,2920.21,electronics,2,49.77,card,2,1.0,mobile,morning,0,0
ORD107801,0,0,0.0,334.22,home,2,12.89,card,5,5.0,mobile,morning,1,0
ORD107802,51,0,0.0,366.55,beauty,1,55.04,card,7,7.0,desktop,morning,0,0
ORD107803,367,3,0.2003,1036.86,beauty,3,44.05,wallet,6,8.0,mobile,evening,0,1
ORD107804,450,10,0.2272,642.64,toys,2,58.31,wallet,4,5.0,mobile,morning,0,0
ORD107805,176,2,0.0624,845.11,electronics,1,13.53,netbanking,1,2.0,mobile,late_night,0,0
ORD107806,0,0,0.0,910.0,beauty,3,3.71,netbanking,5,4.0,mobile,morning,1,0
ORD107807,1245,9,0.2864,524.12,fashion,5,21.59,netbanking,6,7.0,desktop,late_night,0,0
ORD107808,0,0,0.0,709.26,toys,3,32.15,card,7,11.0,mobile,afternoon,1,0
ORD107809,64,1,0.2103,255.14,beauty,3,26.86,upi,3,4.0,mobile,morning,0,0
ORD107810,342,4,0.3585,881.16,beauty,2,9.24,upi,6,5.0,desktop,evening,0,1
ORD107811,52,0,0.0,525.29,fashion,3,17.79,card,3,7.0,mobile,afternoon,0,0
ORD107812,143,1,0.1577,773.66,fashion,3,18.56,card,3,1.0,mobile,morning,0,1
ORD107813,93,0,0.0,184.15,fashion,2,0.63,wallet,6,6.0,desktop,evening,0,0
ORD107814,83,0,0.0,2096.81,footwear,1,12.78,wallet,2,3.0,desktop,afternoon,0,0
ORD107815,137,3,0.0948,4221.26,electronics,3,43.75,card,3,8.0,desktop,afternoon,0,0
ORD107816,487,2,0.1947,385.75,home,1,6.54,card,3,3.0,desktop,late_night,0,0
ORD107817,611,6,0.0725,1936.14,fashion,4,34.41,upi,6,,desktop,evening,0,0
ORD107818,0,0,0.0,345.32,home,4,18.68,card,1,1.0,desktop,evening,1,0
ORD107819,262,1,0.1168,364.05,home,3,6.78,card,6,,desktop,late_night,0,0
ORD107820,136,0,0.0,571.97,fashion,4,19.66,card,3,3.0,mobile,afternoon,0,1
ORD107821,13,0,0.0,753.22,fashion,1,28.24,card,2,2.0,tablet,late_night,0,0
ORD107822,271,3,0.0281,547.82,grocery,1,37.69,card,4,3.0,desktop,morning,0,0
ORD107823,14,2,0.4262,897.87,sports,3,11.92,wallet,7,5.0,mobile,late_night,0,0
ORD107824,0,0,0.0,349.74,footwear,2,9.15,card,2,2.0,mobile,morning,1,0
ORD107825,151,2,0.2639,1868.98,home,4,31.51,card,3,1.0,mobile,evening,0,0
ORD107826,0,0,0.0,651.1,footwear,1,8.56,upi,6,7.0,mobile,afternoon,1,1
ORD107827,110,2,0.0802,1036.89,fashion,4,9.24,card,1,2.0,desktop,late_night,0,0
ORD107828,0,0,0.0,1434.52,footwear,2,21.77,wallet,3,3.0,mobile,evening,1,0
ORD107829,301,3,0.1174,1145.34,electronics,4,33.46,upi,5,4.0,desktop,evening,0,0
ORD107830,0,0,0.0,741.46,home,4,7.58,card,2,1.0,desktop,late_night,1,1
ORD107831,832,6,0.1187,1393.33,home,3,41.24,card,6,6.0,desktop,morning,0,0
ORD107832,1013,10,0.4373,1735.38,home,4,22.82,card,4,3.0,desktop,morning,0,0
ORD107833,318,7,0.1843,1105.52,electronics,4,14.63,cod,4,2.0,desktop,morning,0,0
ORD107834,77,0,0.0,1656.24,electronics,5,36.96,card,1,1.0,tablet,late_night,0,0
ORD107835,98,3,0.1171,251.19,fashion,4,34.02,wallet,6,8.0,tablet,late_night,0,0
ORD107836,36,0,0.0,554.87,footwear,1,33.46,card,1,2.0,mobile,morning,0,0
ORD107837,173,0,0.0,2080.32,footwear,4,64.44,card,3,4.0,mobile,late_night,0,0
ORD107838,57,2,0.0905,122.79,beauty,1,5.32,card,1,1.0,tablet,evening,0,0
ORD107839,126,1,0.1302,3151.77,home,3,7.31,card,7,10.0,desktop,evening,0,0
ORD107840,0,0,0.0,2673.81,footwear,6,4.17,upi,7,10.0,mobile,afternoon,1,1
ORD107841,20,0,0.0,287.15,fashion,1,26.92,card,1,1.0,desktop,late_night,0,1
ORD107842,45,0,0.0,211.82,beauty,5,37.58,card,7,9.0,mobile,afternoon,0,0
ORD107843,103,1,0.2721,521.77,toys,2,14.44,netbanking,6,4.0,desktop,late_night,0,1
ORD107844,171,0,0.0,554.18,footwear,2,7.38,card,3,3.0,mobile,afternoon,0,0
ORD107845,105,0,0.0,927.88,beauty,1,36.31,card,5,3.0,desktop,late_night,0,0
ORD107846,134,1,0.51,1269.79,footwear,1,11.44,upi,1,1.0,desktop,late_night,0,1
ORD107847,83,0,0.0,698.26,footwear,6,15.24,card,1,1.0,tablet,afternoon,0,1
ORD107848,36,0,0.0,293.3,footwear,2,6.86,upi,2,2.0,desktop,afternoon,0,0
ORD107849,100,0,0.0,734.02,home,1,17.01,card,3,3.0,mobile,evening,0,0
ORD107850,143,3,0.3983,3948.79,fashion,3,18.32,card,6,7.0,desktop,late_night,0,0
ORD107851,0,0,0.0,1043.15,home,1,28.58,upi,2,2.0,mobile,morning,1,0
ORD107852,204,2,0.2986,1422.13,toys,2,5.71,card,6,5.0,desktop,afternoon,0,0
ORD107853,287,4,0.2166,869.57,fashion,5,4.83,card,7,5.0,mobile,afternoon,0,0
ORD107854,383,4,0.2418,1505.8,beauty,4,20.57,upi,7,9.0,desktop,evening,0,0
ORD107855,0,0,0.0,639.76,fashion,2,10.66,upi,6,5.0,desktop,evening,1,0
ORD107856,32,2,0.5126,2089.41,home,4,9.61,upi,5,3.0,tablet,evening,0,0
ORD107857,734,3,0.2607,588.83,grocery,1,9.16,upi,2,4.0,desktop,afternoon,0,0
ORD107858,0,0,0.0,791.87,footwear,4,16.82,card,5,7.0,mobile,evening,1,1
ORD107859,63,0,0.0,1826.54,electronics,1,18.58,card,5,7.0,mobile,afternoon,0,0
ORD107860,246,2,0.136,613.23,electronics,5,3.42,card,1,1.0,tablet,afternoon,0,0
ORD107861,586,5,0.4242,400.33,toys,6,5.99,netbanking,3,4.0,desktop,late_night,0,0
ORD107862,1214,12,0.2527,3843.55,fashion,2,16.82,card,4,5.0,desktop,afternoon,0,0
ORD107863,238,1,0.3586,6039.99,electronics,3,45.26,card,3,4.0,mobile,evening,0,0
ORD107864,581,4,0.4543,633.47,fashion,3,39.04,upi,3,2.0,mobile,evening,0,0
ORD107865,47,1,0.4002,247.16,beauty,2,64.74,netbanking,2,4.0,desktop,afternoon,0,1
ORD107866,174,2,0.2493,2134.94,home,1,15.45,card,2,3.0,desktop,late_night,0,0
ORD107867,125,2,0.4939,1101.47,home,3,6.94,card,6,6.0,tablet,morning,0,1
ORD107868,264,0,0.0,1046.49,footwear,3,11.22,card,7,5.0,mobile,morning,0,0
ORD107869,1066,9,0.6014,1395.81,electronics,4,17.95,upi,3,3.0,mobile,evening,0,1
ORD107870,238,3,0.1641,1494.73,toys,1,16.01,upi,5,6.0,tablet,evening,0,0
ORD107871,64,0,0.0,539.44,beauty,1,26.7,card,7,11.0,desktop,morning,0,0
ORD107872,45,0,0.0,813.65,toys,4,32.45,card,2,1.0,desktop,late_night,0,0
ORD107873,1108,9,0.2884,215.06,beauty,6,8.05,upi,7,,mobile,evening,0,0
ORD107874,318,4,0.4405,260.26,beauty,3,7.93,card,4,3.0,mobile,evening,0,1
ORD107875,296,1,0.3529,234.64,toys,5,17.54,upi,5,6.0,tablet,evening,0,0
ORD107876,124,1,0.1143,1226.2,home,2,51.18,upi,1,1.0,desktop,afternoon,0,0
ORD107877,243,1,0.3677,316.23,grocery,4,30.07,card,2,2.0,mobile,evening,0,0
ORD107878,0,0,0.0,263.54,fashion,2,34.22,wallet,6,11.0,mobile,evening,1,1
ORD107879,0,0,0.0,927.36,footwear,4,19.31,upi,4,4.0,desktop,morning,1,0
ORD107880,49,0,0.0,975.12,home,3,7.8,cod,3,3.0,mobile,evening,0,1
ORD107881,122,0,0.0,460.88,electronics,4,29.85,card,7,7.0,mobile,late_night,0,0
ORD107882,89,2,0.1215,445.72,footwear,3,6.08,card,3,4.0,mobile,evening,0,0
ORD107883,5,1,0.4516,2018.7,electronics,3,17.11,wallet,6,6.0,desktop,evening,0,1
ORD107884,123,1,0.2338,214.9,beauty,3,45.94,upi,7,6.0,desktop,morning,0,0
ORD107885,67,0,0.0,368.32,beauty,3,22.08,upi,5,4.0,mobile,morning,0,0
ORD107886,143,1,0.1712,392.79,fashion,2,15.94,card,5,9.0,tablet,evening,0,0
ORD107887,181,1,0.3797,316.31,sports,2,12.25,upi,4,5.0,mobile,afternoon,0,0
ORD107888,1267,10,0.3525,66.76,grocery,3,22.85,upi,3,4.0,desktop,morning,0,0
ORD107889,253,1,0.0403,321.79,footwear,4,52.97,wallet,7,7.0,tablet,late_night,0,0
ORD107890,261,5,0.5611,2657.29,fashion,4,14.81,netbanking,1,2.0,mobile,evening,0,1
ORD107891,0,0,0.0,215.93,toys,3,27.48,card,3,5.0,mobile,evening,1,0
ORD107892,472,5,0.1879,1495.41,electronics,5,39.86,card,5,7.0,mobile,evening,0,0
ORD107893,298,1,0.4922,700.62,footwear,1,22.13,netbanking,4,8.0,mobile,evening,0,1
ORD107894,247,2,0.4222,6564.01,electronics,2,20.12,netbanking,6,6.0,mobile,morning,0,0
ORD107895,396,1,0.1374,172.13,footwear,2,28.26,netbanking,5,5.0,mobile,afternoon,0,0
ORD107896,12,2,0.175,177.19,grocery,3,38.33,netbanking,1,1.0,mobile,afternoon,0,0
ORD107897,1804,15,0.476,538.13,beauty,2,16.8,card,3,2.0,desktop,afternoon,0,0
ORD107898,0,0,0.0,1541.04,electronics,2,33.97,card,6,5.0,desktop,afternoon,1,1
ORD107899,230,2,0.3305,1244.8,electronics,3,28.59,cod,7,8.0,mobile,evening,0,0
ORD107900,38,0,0.0,1393.33,sports,4,0.85,upi,5,5.0,desktop,afternoon,0,0
ORD107901,686,4,0.1181,99.19,beauty,3,11.34,upi,6,6.0,desktop,afternoon,0,0
ORD107902,0,0,0.0,235.86,grocery,3,9.09,upi,3,2.0,mobile,evening,1,0
ORD107903,326,2,0.0598,1114.73,electronics,2,3.85,card,7,8.0,mobile,evening,0,0
ORD107904,0,0,0.0,1743.31,sports,1,2.86,cod,6,,mobile,afternoon,1,1
ORD107905,2098,14,0.2219,65.34,grocery,2,38.48,upi,7,6.0,mobile,late_night,0,0
ORD107906,37,1,0.2156,616.51,footwear,3,6.08,card,5,5.0,desktop,late_night,0,0
ORD107907,0,0,0.0,825.9,sports,1,9.0,card,3,3.0,desktop,evening,1,0
ORD107908,17,0,0.0,1216.4,electronics,1,9.65,cod,2,1.0,tablet,afternoon,0,0
ORD107909,173,1,0.24,424.1,fashion,4,42.35,netbanking,7,7.0,tablet,morning,0,0
ORD107910,0,0,0.0,1485.88,electronics,4,7.67,wallet,1,1.0,desktop,afternoon,1,0
ORD107911,633,10,0.2431,611.73,grocery,4,40.27,card,4,5.0,mobile,evening,0,0
ORD107912,113,0,0.0,1340.05,home,3,17.48,wallet,1,1.0,mobile,evening,0,0
ORD107913,0,0,0.0,513.52,home,5,44.22,netbanking,7,7.0,desktop,morning,1,1
ORD107914,0,0,0.0,510.88,home,2,18.65,upi,7,7.0,desktop,late_night,1,0
ORD107915,0,0,0.0,427.29,sports,6,39.95,cod,4,4.0,desktop,afternoon,1,1
ORD107916,0,0,0.0,1284.48,fashion,1,58.6,upi,5,4.0,tablet,afternoon,1,1
ORD107917,312,4,0.1537,1064.09,electronics,1,10.98,upi,6,6.0,mobile,evening,0,0
ORD107918,0,0,0.0,118.72,grocery,2,40.78,upi,5,6.0,desktop,evening,1,0
ORD107919,401,2,0.3285,669.51,fashion,3,38.81,card,5,5.0,tablet,afternoon,0,0
ORD107920,243,3,0.09,1946.82,electronics,2,5.18,cod,3,4.0,desktop,evening,0,0
ORD107921,375,8,0.3325,399.43,toys,2,21.16,card,3,3.0,desktop,evening,0,0
ORD107922,0,0,0.0,675.44,fashion,1,9.67,wallet,3,5.0,desktop,morning,1,0
ORD107923,278,3,0.13,614.76,footwear,5,29.68,cod,4,4.0,mobile,evening,0,0
ORD107924,0,0,0.0,2269.88,electronics,4,3.11,upi,7,8.0,mobile,late_night,1,1
ORD107925,28,1,0.2432,334.46,grocery,7,10.1,card,2,2.0,mobile,morning,0,0
ORD107926,310,2,0.1023,1015.63,electronics,2,14.96,upi,1,1.0,mobile,evening,0,0
ORD107927,381,1,0.1709,761.64,toys,3,27.46,wallet,2,3.0,tablet,evening,0,0
ORD107928,904,4,0.1938,342.1,fashion,1,4.76,upi,6,7.0,desktop,evening,0,0
ORD107929,402,4,0.0324,293.34,fashion,2,18.35,netbanking,6,7.0,mobile,evening,0,0
ORD107930,202,3,0.5293,544.2,toys,4,17.39,card,3,4.0,mobile,morning,0,0
ORD107931,290,2,0.2057,2070.31,electronics,2,6.73,card,4,5.0,mobile,evening,0,0
ORD107932,80,1,0.214,1512.67,home,2,18.03,upi,5,4.0,desktop,evening,0,0
ORD107933,118,1,0.0379,1769.34,toys,1,37.23,netbanking,7,6.0,mobile,afternoon,0,0
ORD107934,41,1,0.2391,172.6,fashion,2,73.16,cod,6,8.0,mobile,evening,0,1
ORD107935,930,15,0.487,275.48,beauty,5,47.66,wallet,5,5.0,tablet,afternoon,0,0
ORD107936,297,1,0.4039,302.19,grocery,3,12.22,card,5,5.0,desktop,afternoon,0,0
ORD107937,66,2,0.4505,2712.98,home,2,23.61,card,2,2.0,desktop,afternoon,0,0
ORD107938,244,3,0.1482,524.85,footwear,5,6.75,upi,7,7.0,desktop,evening,0,0
ORD107939,648,6,0.0775,197.56,fashion,2,12.35,wallet,3,3.0,tablet,late_night,0,0
ORD107940,540,6,0.1955,193.11,beauty,3,56.46,card,3,2.0,desktop,evening,0,1
ORD107941,65,0,0.0,601.16,footwear,3,24.23,card,7,7.0,mobile,evening,0,0
ORD107942,5,0,0.0,909.88,footwear,3,56.78,cod,1,2.0,mobile,afternoon,0,0
ORD107943,280,0,0.0,7436.08,electronics,1,13.38,card,6,7.0,mobile,evening,0,1
ORD107944,68,0,0.0,262.44,beauty,4,20.1,card,6,6.0,desktop,morning,0,1
ORD107945,359,1,0.0725,703.35,toys,2,7.39,cod,3,7.0,mobile,afternoon,0,1
ORD107946,0,0,0.0,572.4,grocery,2,10.24,card,3,1.0,desktop,evening,1,0
ORD107947,617,5,0.1751,554.51,home,1,31.71,card,6,6.0,mobile,evening,0,0
ORD107948,1235,10,0.2084,1996.9,fashion,3,1.11,card,5,6.0,mobile,evening,0,0
ORD107949,0,0,0.0,458.24,footwear,2,9.53,upi,6,6.0,mobile,evening,1,0
ORD107950,1242,7,0.2311,333.1,footwear,2,41.13,card,7,8.0,mobile,afternoon,0,0
ORD107951,826,9,0.3974,1213.37,beauty,2,3.65,card,3,3.0,tablet,afternoon,0,0
ORD107952,0,0,0.0,399.39,beauty,1,35.02,card,1,1.0,desktop,evening,1,1
ORD107953,173,1,0.2426,720.47,electronics,2,8.1,wallet,6,8.0,mobile,evening,0,0
ORD107954,0,0,0.0,606.04,home,1,25.08,upi,2,1.0,mobile,late_night,1,1
ORD107955,2780,29,0.251,166.09,grocery,4,27.12,netbanking,1,1.0,mobile,morning,0,0
ORD107956,194,0,0.0,278.79,beauty,2,0.46,card,5,6.0,mobile,morning,0,0
ORD107957,700,9,0.4951,1009.18,sports,3,7.37,card,3,3.0,mobile,evening,0,0
ORD107958,98,0,0.0,537.68,footwear,3,42.31,upi,3,1.0,mobile,evening,0,0
ORD107959,0,0,0.0,1738.13,beauty,5,31.84,wallet,5,5.0,mobile,afternoon,1,0
ORD107960,12,0,0.0,479.23,fashion,2,37.65,upi,6,6.0,tablet,afternoon,0,0
ORD107961,115,1,0.1576,553.9,fashion,6,20.92,card,5,6.0,desktop,afternoon,0,0
ORD107962,162,1,0.2511,1736.34,fashion,4,48.78,upi,6,7.0,mobile,morning,0,0
ORD107963,301,4,0.1884,3763.13,electronics,3,22.2,upi,5,6.0,mobile,evening,0,0
ORD107964,589,10,0.4502,1042.86,fashion,2,14.18,cod,5,10.0,desktop,afternoon,0,0
ORD107965,0,0,0.0,362.09,toys,1,7.68,cod,4,3.0,tablet,evening,1,0
ORD107966,374,4,0.2687,2253.87,home,1,22.64,card,2,3.0,mobile,afternoon,0,1
ORD107967,0,0,0.0,208.78,grocery,3,32.66,netbanking,1,5.0,mobile,afternoon,1,0
ORD107968,2393,11,0.1539,129.99,grocery,3,9.1,card,2,3.0,mobile,evening,0,0
ORD107969,394,3,0.205,315.46,toys,2,66.15,netbanking,5,9.0,desktop,late_night,0,0
ORD107970,109,1,0.1866,1077.75,fashion,3,41.26,card,5,3.0,desktop,afternoon,0,0
ORD107971,44,1,0.0765,512.51,fashion,3,26.89,card,2,5.0,mobile,late_night,0,0
ORD107972,1355,18,0.2992,315.1,grocery,2,21.13,upi,2,7.0,mobile,evening,0,0
ORD107973,407,4,0.2346,241.07,toys,2,10.26,card,7,8.0,mobile,morning,0,0
ORD107974,176,1,0.3744,1096.22,fashion,3,25.95,card,2,1.0,mobile,evening,0,1
ORD107975,0,0,0.0,489.72,home,3,26.37,card,6,6.0,mobile,morning,1,0
ORD107976,0,0,0.0,848.2,electronics,2,66.34,netbanking,2,1.0,desktop,evening,1,0
ORD107977,0,0,0.0,767.21,sports,5,55.52,cod,4,,mobile,afternoon,1,1
ORD107978,0,0,0.0,109.93,grocery,3,34.52,upi,7,7.0,mobile,afternoon,1,0
ORD107979,21,0,0.0,466.5,sports,2,3.39,card,6,6.0,desktop,afternoon,0,0
ORD107980,363,2,0.1715,856.02,electronics,5,48.37,card,4,2.0,tablet,evening,0,0
ORD107981,0,0,0.0,724.21,fashion,2,8.41,upi,6,6.0,mobile,evening,1,0
ORD107982,0,0,0.0,166.39,grocery,4,10.13,upi,3,6.0,desktop,evening,1,0
ORD107983,0,0,0.0,337.79,grocery,1,18.02,upi,7,8.0,desktop,evening,1,0
ORD107984,108,1,0.2588,1407.19,electronics,4,5.94,upi,3,3.0,desktop,afternoon,0,0
ORD107985,538,8,0.3036,492.07,footwear,4,6.47,card,3,4.0,mobile,late_night,0,0
ORD107986,0,0,0.0,1462.87,fashion,1,49.55,card,1,1.0,mobile,evening,1,1
ORD107987,0,0,0.0,129.77,beauty,3,4.3,upi,3,3.0,desktop,evening,1,0
ORD107988,198,2,0.6002,1053.34,footwear,3,54.2,cod,7,8.0,mobile,evening,0,1
ORD107989,0,0,0.0,278.42,fashion,1,8.32,upi,6,7.0,mobile,afternoon,1,1
ORD107990,132,0,0.0,232.16,beauty,4,22.91,upi,6,9.0,mobile,evening,0,0
ORD107991,0,0,0.0,303.54,beauty,2,36.72,wallet,5,3.0,mobile,evening,1,1
ORD107992,1173,10,0.402,699.57,home,4,7.51,wallet,7,7.0,mobile,morning,0,1
ORD107993,0,0,0.0,263.55,grocery,1,35.35,card,7,8.0,mobile,afternoon,1,0
ORD107994,369,3,0.0726,1692.71,electronics,3,18.66,netbanking,5,6.0,mobile,evening,0,0
ORD107995,68,1,0.2503,573.38,home,4,18.08,wallet,3,4.0,mobile,late_night,0,1
ORD107996,18,1,0.3205,167.57,sports,3,16.81,upi,1,1.0,mobile,late_night,0,0
ORD107997,227,3,0.1623,408.6,footwear,6,21.24,upi,5,4.0,mobile,afternoon,0,0
ORD107998,272,1,0.1155,1096.72,fashion,1,3.39,upi,2,3.0,desktop,late_night,0,0
ORD107999,0,0,0.0,2314.23,electronics,2,15.26,netbanking,6,8.0,mobile,afternoon,1,1
ORD108000,34,0,0.0,1233.49,home,3,5.44,card,2,1.0,tablet,evening,0,0
ORD108001,0,0,0.0,228.09,grocery,5,22.22,netbanking,6,4.0,mobile,evening,1,0
ORD108002,242,6,0.1665,1139.66,home,3,15.61,card,3,4.0,mobile,morning,0,0
ORD108003,68,2,0.298,292.63,beauty,4,11.59,netbanking,3,3.0,desktop,afternoon,0,0
ORD108004,40,0,0.0,313.2,beauty,4,45.65,card,4,4.0,mobile,morning,0,0
ORD108005,137,2,0.2197,538.62,home,1,12.74,card,2,3.0,mobile,late_night,0,0
ORD108006,371,4,0.2183,530.12,grocery,2,15.94,netbanking,3,4.0,desktop,afternoon,0,0
ORD108007,0,0,0.0,99.61,fashion,3,24.89,card,1,3.0,desktop,afternoon,1,0
ORD108008,0,0,0.0,293.13,grocery,2,31.26,card,7,7.0,tablet,afternoon,1,0
ORD108009,210,5,0.2403,439.53,beauty,3,20.8,card,1,2.0,desktop,morning,0,0
ORD108010,0,0,0.0,1008.61,sports,1,7.03,upi,2,2.0,desktop,late_night,1,0
ORD108011,49,0,0.0,1459.45,electronics,4,27.96,upi,5,7.0,mobile,afternoon,0,0
ORD108012,194,2,0.1406,1595.95,footwear,2,25.39,card,6,8.0,mobile,evening,0,1
ORD108013,791,8,0.1343,1590.44,electronics,1,28.63,wallet,6,4.0,mobile,late_night,0,0
ORD108014,44,1,0.2295,579.11,footwear,2,24.22,netbanking,4,3.0,tablet,evening,0,0
ORD108015,646,5,0.3796,742.03,toys,3,6.22,card,2,2.0,mobile,afternoon,0,0
ORD108016,1076,9,0.1474,132.5,beauty,1,8.8,upi,3,4.0,mobile,late_night,0,0
ORD108017,141,2,0.2771,484.55,home,1,40.99,upi,1,1.0,mobile,evening,0,1
ORD108018,124,1,0.3425,562.83,grocery,3,49.3,upi,3,3.0,mobile,afternoon,0,0
ORD108019,564,6,0.3501,734.95,fashion,2,4.52,card,2,1.0,mobile,afternoon,0,1
ORD108020,147,1,0.0607,580.77,electronics,3,22.15,netbanking,2,2.0,tablet,evening,0,0
ORD108021,13,1,0.1708,9697.95,electronics,4,28.43,upi,2,2.0,mobile,morning,0,0
ORD108022,0,0,0.0,779.64,sports,2,20.83,card,3,2.0,desktop,late_night,1,0
ORD108023,304,2,0.2424,906.0,electronics,2,2.86,upi,5,5.0,mobile,afternoon,0,0
ORD108024,409,6,0.3094,568.32,electronics,2,28.73,netbanking,2,3.0,mobile,morning,0,0
ORD108025,68,2,0.3204,2258.26,sports,6,11.91,wallet,2,6.0,mobile,late_night,0,1
ORD108026,134,1,0.3003,244.76,toys,3,8.08,wallet,6,7.0,mobile,afternoon,0,1
ORD108027,530,2,0.2592,205.38,grocery,1,41.88,upi,2,3.0,mobile,evening,0,0
ORD108028,0,0,0.0,763.51,fashion,1,41.27,card,6,4.0,desktop,evening,1,1
ORD108029,33,0,0.0,165.31,footwear,5,23.75,netbanking,7,6.0,desktop,morning,0,0
ORD108030,707,5,0.2843,1196.51,footwear,2,34.46,card,4,5.0,mobile,morning,0,0
ORD108031,143,1,0.2467,251.64,toys,2,52.04,wallet,6,8.0,mobile,morning,0,1
ORD108032,602,7,0.557,1864.29,sports,1,15.87,upi,3,5.0,mobile,afternoon,0,1
ORD108033,39,0,0.0,493.71,beauty,1,42.51,cod,6,4.0,tablet,morning,0,1
ORD108034,158,1,0.3706,1051.23,toys,3,15.02,upi,4,3.0,mobile,afternoon,0,0
ORD108035,0,0,0.0,934.97,home,2,32.24,upi,6,10.0,desktop,morning,1,0
ORD108036,164,3,0.1401,1246.86,fashion,4,31.12,card,7,8.0,mobile,evening,0,0
ORD108037,49,0,0.0,371.94,grocery,3,15.95,card,7,6.0,mobile,morning,0,1
ORD108038,13,1,0.1513,454.06,toys,4,14.16,card,4,7.0,desktop,afternoon,0,1
ORD108039,0,0,0.0,600.9,toys,3,20.34,cod,1,3.0,mobile,evening,1,1
ORD108040,238,1,0.3499,84.59,footwear,3,20.7,card,7,9.0,mobile,morning,0,0
ORD108041,654,2,0.5018,601.15,sports,2,4.46,card,6,4.0,mobile,morning,0,0
ORD108042,0,0,0.0,1857.37,home,1,16.75,cod,2,4.0,mobile,afternoon,1,0
ORD108043,349,5,0.1776,331.91,home,5,17.04,upi,3,1.0,desktop,afternoon,0,0
ORD108044,0,0,0.0,539.94,home,2,49.96,card,2,1.0,mobile,afternoon,1,0
ORD108045,310,1,0.038,233.91,footwear,2,35.5,upi,5,3.0,desktop,evening,0,0
ORD108046,876,8,0.2914,234.89,home,1,28.89,netbanking,6,8.0,mobile,evening,0,0
ORD108047,0,0,0.0,308.92,beauty,4,20.4,upi,5,5.0,desktop,evening,1,0
ORD108048,1468,14,0.6993,1169.4,sports,2,11.16,upi,4,2.0,mobile,evening,0,0
ORD108049,34,0,0.0,718.24,sports,5,5.05,upi,1,2.0,desktop,afternoon,0,0
ORD108050,30,1,0.6258,277.62,footwear,1,9.05,card,3,4.0,mobile,evening,0,0
ORD108051,537,6,0.6123,263.17,fashion,3,27.03,card,7,6.0,desktop,late_night,0,0
ORD108052,0,0,0.0,339.12,footwear,7,19.23,upi,7,9.0,mobile,afternoon,1,1
ORD108053,1715,20,0.2238,1243.48,electronics,5,50.81,card,1,1.0,desktop,evening,0,0
ORD108054,0,0,0.0,409.88,home,4,14.7,netbanking,4,7.0,desktop,morning,1,0
ORD108055,1039,10,0.1099,1720.96,home,6,11.66,cod,1,3.0,mobile,evening,0,0
ORD108056,479,3,0.2077,362.71,fashion,4,20.11,card,3,5.0,mobile,evening,0,1
ORD108057,65,1,0.2055,425.06,fashion,5,7.94,card,5,6.0,mobile,afternoon,0,1
ORD108058,29,0,0.0,384.99,grocery,3,29.39,card,2,1.0,desktop,evening,0,0
ORD108059,0,0,0.0,112.0,toys,2,0.43,netbanking,3,3.0,tablet,evening,1,0
ORD108060,34,0,0.0,767.68,grocery,6,42.2,card,4,3.0,desktop,morning,0,0
ORD108061,1036,17,0.2339,1068.04,fashion,5,55.85,card,7,8.0,desktop,evening,0,0
ORD108062,378,3,0.1132,1397.03,home,2,51.71,card,1,7.0,mobile,late_night,0,0
ORD108063,166,0,0.0,514.76,sports,2,29.87,card,7,9.0,mobile,afternoon,0,0
ORD108064,0,0,0.0,472.14,sports,2,9.75,card,4,4.0,tablet,evening,1,1
ORD108065,302,3,0.3013,563.75,sports,1,10.42,card,3,3.0,mobile,afternoon,0,1
ORD108066,145,0,0.0,354.37,toys,6,50.73,card,7,9.0,desktop,evening,0,0
ORD108067,869,5,0.468,968.67,beauty,4,13.88,netbanking,6,5.0,desktop,evening,0,0
ORD108068,837,10,0.3895,118.94,toys,2,32.51,netbanking,7,8.0,desktop,afternoon,0,0
ORD108069,0,0,0.0,2155.92,sports,3,4.81,upi,7,7.0,mobile,morning,1,1
ORD108070,93,0,0.0,344.11,beauty,3,14.66,upi,4,5.0,desktop,morning,0,0
ORD108071,762,5,0.3405,1273.91,fashion,1,71.07,card,5,5.0,tablet,evening,0,1
ORD108072,19,0,0.0,872.89,footwear,4,28.41,upi,5,6.0,tablet,afternoon,0,0
ORD108073,295,0,0.0,626.09,beauty,2,8.82,card,1,1.0,mobile,evening,0,0
ORD108074,0,0,0.0,780.19,beauty,2,16.32,card,7,6.0,mobile,afternoon,1,0
ORD108075,72,2,0.133,1410.63,electronics,3,4.55,upi,7,7.0,mobile,afternoon,0,0
ORD108076,529,3,0.3725,308.9,fashion,2,11.4,card,7,8.0,desktop,evening,0,0
ORD108077,176,1,0.4509,354.09,footwear,2,10.66,netbanking,5,5.0,tablet,afternoon,0,0
ORD108078,0,0,0.0,1702.56,sports,1,21.06,upi,5,5.0,mobile,morning,1,1
ORD108079,0,0,0.0,1769.15,fashion,2,28.19,card,4,6.0,mobile,late_night,1,0
ORD108080,54,0,0.0,280.77,toys,3,6.24,card,3,,mobile,afternoon,0,0
ORD108081,471,4,0.286,874.88,beauty,1,13.96,upi,2,2.0,desktop,afternoon,0,0
ORD108082,20,0,0.0,1184.06,fashion,3,58.38,netbanking,7,8.0,mobile,afternoon,0,0
ORD108083,248,3,0.3849,535.01,electronics,2,59.58,card,3,2.0,desktop,afternoon,0,0
ORD108084,190,1,0.0334,513.11,grocery,4,13.08,upi,3,4.0,desktop,late_night,0,0
ORD108085,0,0,0.0,264.69,beauty,5,5.2,upi,3,3.0,mobile,evening,1,0
ORD108086,0,0,0.0,2518.51,sports,4,33.39,netbanking,2,3.0,mobile,evening,1,1
ORD108087,166,1,0.1299,1039.89,sports,1,31.31,card,2,1.0,desktop,morning,0,0
ORD108088,578,2,0.1744,2726.17,toys,3,22.28,cod,2,2.0,tablet,afternoon,0,0
ORD108089,335,5,0.1632,266.77,grocery,4,7.78,card,4,2.0,tablet,late_night,0,0
ORD108090,298,3,0.1621,398.83,fashion,3,34.63,card,7,6.0,tablet,morning,0,0
ORD108091,249,3,0.1476,398.66,grocery,2,52.22,card,3,1.0,desktop,evening,0,0
ORD108092,107,1,0.2919,709.24,beauty,2,4.56,upi,4,6.0,mobile,afternoon,0,0
ORD108093,0,0,0.0,2367.37,electronics,2,17.8,card,5,7.0,desktop,evening,1,1
ORD108094,238,2,0.271,212.22,grocery,4,46.29,upi,7,11.0,mobile,afternoon,0,0
ORD108095,0,0,0.0,1431.71,home,4,33.57,upi,6,7.0,mobile,evening,1,1
ORD108096,615,5,0.147,121.71,grocery,1,19.39,card,4,4.0,desktop,evening,0,0
ORD108097,200,3,0.3736,56.57,grocery,3,6.34,card,3,4.0,mobile,afternoon,0,0
ORD108098,274,0,0.0,357.48,grocery,5,28.82,wallet,2,8.0,mobile,afternoon,0,0
ORD108099,0,0,0.0,7614.79,electronics,1,18.56,card,3,2.0,desktop,evening,1,0
ORD108100,511,3,0.1447,1069.13,footwear,2,4.11,wallet,6,5.0,tablet,evening,0,0
ORD108101,95,0,0.0,161.75,grocery,2,0.65,cod,3,6.0,tablet,morning,0,0
ORD108102,57,0,0.0,1275.68,electronics,2,11.3,card,4,,mobile,evening,0,0
ORD108103,1108,8,0.1962,905.45,sports,1,23.98,wallet,1,1.0,mobile,evening,0,0
ORD108104,390,5,0.2871,479.45,sports,3,18.75,upi,7,6.0,mobile,evening,0,0
ORD108105,531,1,0.0876,452.3,sports,1,19.7,wallet,6,8.0,desktop,evening,0,1
ORD108106,298,5,0.1653,1086.4,home,1,40.13,card,7,6.0,mobile,evening,0,0
ORD108107,0,0,0.0,1223.35,sports,3,4.04,card,6,5.0,desktop,morning,1,1
ORD108108,133,0,0.0,326.07,fashion,2,10.87,card,4,4.0,mobile,afternoon,0,0
ORD108109,427,1,0.2882,159.21,beauty,1,22.83,upi,2,1.0,mobile,late_night,0,0
ORD108110,630,6,0.4997,772.87,sports,5,4.81,wallet,6,5.0,tablet,morning,0,0
ORD108111,168,1,0.3167,459.57,fashion,4,20.48,card,4,5.0,desktop,afternoon,0,1
ORD108112,0,0,0.0,429.46,grocery,4,42.1,upi,1,1.0,mobile,late_night,1,0
ORD108113,145,1,0.2978,243.12,beauty,2,49.64,card,6,7.0,mobile,evening,0,1
ORD108114,39,0,0.0,772.31,fashion,5,5.17,upi,7,9.0,mobile,late_night,0,0
ORD108115,0,0,0.0,909.69,footwear,2,18.45,upi,6,6.0,mobile,morning,1,1
ORD108116,28,0,0.0,1067.84,fashion,5,33.38,card,2,2.0,mobile,afternoon,0,1
ORD108117,114,0,0.0,257.55,grocery,3,37.67,netbanking,4,5.0,mobile,late_night,0,0
ORD108118,140,2,0.4483,168.61,grocery,3,18.96,upi,3,3.0,mobile,morning,0,0
ORD108119,384,2,0.2454,717.96,sports,1,2.97,card,4,4.0,mobile,evening,0,1
ORD108120,175,1,0.3708,238.4,grocery,4,13.83,card,3,4.0,mobile,afternoon,0,0
ORD108121,458,8,0.4264,1093.87,grocery,2,35.44,upi,1,6.0,desktop,afternoon,0,0
ORD108122,190,0,0.0,563.42,home,4,17.59,card,4,5.0,desktop,morning,0,0
ORD108123,183,0,0.0,2300.33,fashion,3,15.75,wallet,3,3.0,mobile,afternoon,0,0
ORD108124,0,0,0.0,1617.71,electronics,1,1.33,netbanking,7,6.0,desktop,morning,1,0
ORD108125,866,11,0.3162,462.76,fashion,2,17.14,netbanking,4,5.0,mobile,evening,0,0
ORD108126,33,0,0.0,297.66,toys,2,42.3,card,6,5.0,mobile,late_night,0,0
ORD108127,252,2,0.4442,382.83,home,2,15.84,card,2,4.0,tablet,late_night,0,0
ORD108128,148,1,0.1491,238.54,grocery,4,15.72,wallet,1,1.0,mobile,morning,0,0
ORD108129,428,4,0.0487,840.28,sports,4,4.06,card,7,5.0,mobile,late_night,0,0
ORD108130,177,1,0.0436,1570.94,electronics,2,20.7,card,1,2.0,mobile,evening,0,0
ORD108131,0,0,0.0,3178.58,footwear,3,18.43,card,1,1.0,desktop,afternoon,1,1
ORD108132,0,0,0.0,1780.88,footwear,2,29.79,upi,2,2.0,desktop,late_night,1,1
ORD108133,0,0,0.0,288.08,grocery,2,25.11,netbanking,6,7.0,mobile,morning,1,0
ORD108134,181,1,0.2169,508.54,footwear,2,9.28,card,7,7.0,desktop,afternoon,0,0
ORD108135,1582,18,0.2598,578.62,electronics,4,21.42,upi,2,2.0,desktop,evening,0,0
ORD108136,244,2,0.4208,487.33,beauty,1,27.32,card,1,2.0,mobile,evening,0,0
ORD108137,185,1,0.2123,1621.9,home,4,21.14,card,5,5.0,desktop,morning,0,0
ORD108138,154,2,0.0775,1687.46,footwear,4,33.89,upi,5,5.0,desktop,afternoon,0,1
ORD108139,337,1,0.2768,548.12,home,2,6.43,card,4,5.0,mobile,evening,0,0
ORD108140,94,0,0.0,313.76,home,2,13.68,card,6,7.0,tablet,afternoon,0,0
ORD108141,212,1,0.4449,407.58,beauty,2,23.64,card,7,8.0,mobile,afternoon,0,0
ORD108142,182,2,0.0644,2175.07,electronics,4,44.09,card,4,4.0,mobile,evening,0,0
ORD108143,259,5,0.3986,214.3,grocery,4,2.77,card,4,9.0,desktop,evening,0,1
ORD108144,266,2,0.181,939.79,footwear,3,20.9,wallet,5,5.0,mobile,evening,0,1
ORD108145,282,2,0.0214,747.85,home,4,43.4,netbanking,6,5.0,desktop,afternoon,0,0
ORD108146,201,1,0.1992,301.21,grocery,3,4.77,card,2,1.0,desktop,afternoon,0,0
ORD108147,1018,12,0.5058,796.72,footwear,6,63.76,upi,7,,mobile,evening,0,0
ORD108148,0,0,0.0,641.77,footwear,1,9.09,card,7,6.0,mobile,afternoon,1,0
ORD108149,3000,32,0.1454,165.14,beauty,1,10.5,card,3,5.0,mobile,afternoon,0,0
ORD108150,191,2,0.3159,1891.59,home,1,35.79,upi,1,2.0,mobile,afternoon,0,0
ORD108151,520,3,0.2683,579.43,sports,3,5.26,card,3,2.0,desktop,evening,0,0
ORD108152,81,0,0.0,52.64,grocery,2,7.17,upi,5,3.0,mobile,morning,0,0
ORD108153,0,0,0.0,1422.26,electronics,3,10.5,card,2,2.0,mobile,evening,1,0
ORD108154,83,0,0.0,777.57,fashion,3,40.16,netbanking,1,,mobile,late_night,0,0
ORD108155,0,0,0.0,1289.99,footwear,4,51.59,upi,2,2.0,mobile,evening,1,1
ORD108156,0,0,0.0,1763.2,electronics,3,7.47,upi,1,3.0,desktop,late_night,1,1
ORD108157,298,1,0.4589,630.58,fashion,4,11.53,card,5,4.0,mobile,morning,0,1
ORD108158,140,0,0.0,737.76,footwear,4,37.94,card,6,4.0,mobile,late_night,0,0
ORD108159,76,0,0.0,161.92,grocery,2,18.88,wallet,4,4.0,desktop,afternoon,0,0
ORD108160,134,1,0.1647,313.06,beauty,3,23.91,card,4,3.0,desktop,afternoon,0,0
ORD108161,988,9,0.1911,1103.44,fashion,4,28.24,card,4,3.0,mobile,late_night,0,1
ORD108162,303,3,0.2778,418.76,fashion,5,20.6,upi,4,6.0,mobile,late_night,0,0
ORD108163,43,0,0.0,1686.47,electronics,2,27.6,upi,7,7.0,mobile,morning,0,1
ORD108164,604,5,0.1988,444.04,fashion,2,46.01,card,6,6.0,mobile,morning,0,1
ORD108165,67,1,0.484,982.93,electronics,4,46.53,card,7,8.0,mobile,afternoon,0,0
ORD108166,410,10,0.2102,584.42,footwear,5,20.62,wallet,1,1.0,desktop,evening,0,0
ORD108167,0,0,0.0,709.18,home,1,56.37,cod,3,2.0,mobile,afternoon,1,0
ORD108168,357,0,0.0,724.6,home,1,20.92,upi,5,6.0,mobile,morning,0,0
ORD108169,1392,8,0.4598,485.27,beauty,3,3.15,cod,5,8.0,tablet,evening,0,1
ORD108170,0,0,0.0,403.29,electronics,4,62.93,card,6,7.0,desktop,late_night,1,0
ORD108171,354,2,0.3308,298.19,beauty,4,59.89,netbanking,4,3.0,tablet,morning,0,0
ORD108172,724,11,0.2639,589.03,beauty,2,21.54,wallet,6,6.0,mobile,afternoon,0,0
ORD108173,89,3,0.5716,4065.71,electronics,4,5.8,upi,2,3.0,mobile,morning,0,0
ORD108174,79,1,0.0896,661.09,electronics,1,18.22,wallet,6,11.0,desktop,evening,0,0
ORD108175,0,0,0.0,185.48,beauty,2,53.97,upi,2,1.0,desktop,morning,1,0
ORD108176,259,0,0.0,774.5,footwear,4,14.22,upi,2,4.0,mobile,late_night,0,0
ORD108177,38,0,0.0,1218.01,fashion,3,11.87,netbanking,4,4.0,desktop,afternoon,0,0
ORD108178,332,2,0.2444,350.94,fashion,1,26.68,upi,7,8.0,desktop,afternoon,0,0
ORD108179,38,2,0.5926,429.44,electronics,2,24.61,card,7,,mobile,afternoon,0,0
ORD108180,751,4,0.1955,1018.95,sports,4,23.96,card,4,8.0,desktop,morning,0,0
ORD108181,318,1,0.4923,436.37,home,4,11.13,cod,7,9.0,desktop,late_night,0,0
ORD108182,1486,15,0.2366,4613.45,electronics,2,2.84,card,1,3.0,desktop,morning,0,0
ORD108183,378,2,0.1613,366.14,beauty,4,19.23,cod,3,3.0,mobile,morning,0,1
ORD108184,129,1,0.44,263.12,fashion,2,22.62,card,2,1.0,desktop,evening,0,0
ORD108185,0,0,0.0,248.44,toys,3,15.55,cod,1,1.0,mobile,morning,1,0
ORD108186,235,3,0.1395,951.82,sports,6,11.57,card,7,4.0,mobile,evening,0,0
ORD108187,175,0,0.0,313.68,beauty,2,10.39,cod,2,4.0,desktop,late_night,0,0
ORD108188,668,4,0.2196,637.79,fashion,2,6.86,upi,7,8.0,desktop,evening,0,0
ORD108189,0,0,0.0,6638.84,sports,3,11.83,card,5,5.0,tablet,evening,1,1
ORD108190,1674,18,0.1536,285.55,fashion,1,37.48,card,4,4.0,tablet,morning,0,1
ORD108191,0,0,0.0,1006.89,fashion,1,11.51,netbanking,7,6.0,mobile,morning,1,0
ORD108192,144,1,0.1008,667.37,grocery,4,34.61,upi,2,3.0,desktop,morning,0,0
ORD108193,0,0,0.0,608.66,grocery,1,31.92,upi,2,7.0,desktop,morning,1,0
ORD108194,0,0,0.0,326.23,footwear,2,0.97,upi,4,5.0,desktop,morning,1,1
ORD108195,227,4,0.0786,426.35,beauty,2,4.4,card,2,1.0,desktop,late_night,0,0
ORD108196,44,0,0.0,313.01,sports,2,11.6,upi,3,3.0,mobile,evening,0,0
ORD108197,1381,15,0.3345,801.8,toys,2,34.91,upi,3,4.0,mobile,evening,0,0
ORD108198,29,0,0.0,477.44,footwear,2,15.13,card,6,7.0,mobile,evening,0,1
ORD108199,37,0,0.0,1913.25,electronics,3,15.96,wallet,3,3.0,mobile,afternoon,0,0
ORD108200,90,1,0.3376,2240.15,sports,1,23.75,upi,5,6.0,desktop,morning,0,1
ORD108201,0,0,0.0,937.33,home,3,39.82,cod,6,4.0,mobile,evening,1,1
ORD108202,518,3,0.197,540.15,toys,5,4.13,upi,3,3.0,desktop,afternoon,0,0
ORD108203,207,2,0.1622,509.77,fashion,5,3.82,cod,1,,mobile,morning,0,0
ORD108204,556,9,0.2078,1435.74,fashion,2,54.51,upi,7,6.0,mobile,evening,0,0
ORD108205,159,0,0.0,450.5,footwear,5,19.16,card,4,7.0,mobile,late_night,0,0
ORD108206,288,2,0.3173,2059.58,electronics,2,11.14,wallet,3,3.0,mobile,morning,0,0
ORD108207,1115,9,0.11,697.1,toys,3,18.91,card,6,4.0,mobile,evening,0,0
ORD108208,138,1,0.1556,1018.15,fashion,3,14.14,card,6,6.0,mobile,evening,0,1
ORD108209,0,0,0.0,582.45,toys,4,37.92,wallet,1,1.0,desktop,afternoon,1,0
ORD108210,304,2,0.1417,133.14,grocery,2,45.51,card,6,6.0,tablet,afternoon,0,0
ORD108211,0,0,0.0,803.37,home,7,32.26,card,2,3.0,tablet,evening,1,0
ORD108212,204,0,0.0,251.44,home,1,10.62,card,6,4.0,desktop,afternoon,0,0
ORD108213,546,5,0.1385,338.65,beauty,4,58.97,card,1,2.0,mobile,evening,0,1
ORD108214,145,3,0.048,2429.05,electronics,2,17.49,card,7,8.0,tablet,afternoon,0,0
ORD108215,208,2,0.1415,540.4,grocery,2,16.45,upi,7,6.0,tablet,evening,0,0
ORD108216,0,0,0.0,432.03,footwear,4,15.41,card,1,1.0,desktop,evening,1,1
ORD108217,248,2,0.2471,2835.79,footwear,2,46.4,card,7,8.0,tablet,morning,0,0
ORD108218,1069,8,0.1313,137.87,beauty,4,34.41,upi,6,,mobile,afternoon,0,0
ORD108219,0,0,0.0,2156.38,electronics,3,57.25,upi,6,6.0,mobile,morning,1,0
ORD108220,129,1,0.4398,904.21,fashion,2,20.11,wallet,2,2.0,desktop,afternoon,0,1
ORD108221,0,0,0.0,610.32,beauty,3,23.22,card,6,8.0,mobile,evening,1,0
ORD108222,549,4,0.5008,359.4,grocery,3,17.66,card,2,1.0,tablet,afternoon,0,0
ORD108223,0,0,0.0,433.0,beauty,1,8.79,card,4,9.0,desktop,evening,1,0
ORD108224,399,0,0.0,2675.85,home,4,29.65,card,2,2.0,mobile,afternoon,0,0
ORD108225,34,0,0.0,131.95,grocery,3,18.88,upi,6,4.0,mobile,afternoon,0,0
ORD108226,11,0,0.0,652.62,home,2,36.26,card,5,5.0,desktop,afternoon,0,0
ORD108227,737,9,0.394,445.35,beauty,3,36.17,card,4,5.0,desktop,afternoon,0,0
ORD108228,0,0,0.0,1425.4,electronics,3,19.76,card,5,6.0,mobile,evening,1,0
ORD108229,177,1,0.2799,142.64,grocery,7,57.31,cod,3,2.0,desktop,late_night,0,0
ORD108230,389,2,0.3864,1363.51,sports,2,6.37,upi,1,1.0,mobile,morning,0,0
ORD108231,1510,15,0.2237,326.97,grocery,4,9.74,wallet,2,5.0,mobile,afternoon,0,0
ORD108232,0,0,0.0,1335.82,beauty,1,27.65,card,4,3.0,desktop,morning,1,0
ORD108233,522,8,0.2533,1093.09,fashion,1,13.65,card,2,3.0,mobile,afternoon,0,0
ORD108234,0,0,0.0,1322.77,fashion,4,46.53,card,2,4.0,mobile,late_night,1,0
ORD108235,78,0,0.0,1287.61,fashion,2,17.09,wallet,3,2.0,tablet,morning,0,0
ORD108236,0,0,0.0,406.88,home,2,15.46,card,5,5.0,mobile,afternoon,1,0
ORD108237,363,2,0.3022,1260.03,electronics,3,11.12,netbanking,1,4.0,mobile,morning,0,1
ORD108238,613,5,0.2867,559.04,footwear,3,1.74,card,1,2.0,mobile,late_night,0,0
ORD108239,671,5,0.1594,1525.26,footwear,2,4.07,card,7,8.0,desktop,morning,0,0
ORD108240,381,3,0.6931,1026.32,sports,6,31.39,netbanking,5,9.0,mobile,late_night,0,0
ORD108241,0,0,0.0,718.4,footwear,2,12.35,upi,7,7.0,tablet,morning,1,1
ORD108242,0,0,0.0,821.97,home,3,28.65,wallet,7,7.0,mobile,evening,1,1
ORD108243,73,2,0.2743,1975.8,sports,5,1.99,upi,1,1.0,mobile,late_night,0,1
ORD108244,0,0,0.0,322.75,fashion,2,45.16,card,1,1.0,mobile,evening,1,1
ORD108245,61,0,0.0,739.5,footwear,6,33.76,wallet,5,7.0,mobile,late_night,0,0
ORD108246,1250,12,0.5337,1227.81,beauty,1,46.02,card,1,3.0,desktop,evening,0,0
ORD108247,43,0,0.0,412.89,grocery,1,23.22,card,2,2.0,mobile,afternoon,0,0
ORD108248,145,0,0.0,389.75,toys,3,20.79,card,5,4.0,desktop,evening,0,0
ORD108249,21,0,0.0,525.53,beauty,3,18.24,upi,5,6.0,mobile,afternoon,0,0
ORD108250,251,0,0.0,235.74,fashion,1,1.51,card,2,4.0,mobile,evening,0,1
ORD108251,180,3,0.2048,452.7,footwear,2,16.76,card,6,6.0,desktop,afternoon,0,0
ORD108252,122,0,0.0,697.22,home,6,17.42,card,1,1.0,desktop,evening,0,0
ORD108253,0,0,0.0,301.35,fashion,4,3.05,netbanking,6,6.0,mobile,evening,1,0
ORD108254,181,1,0.1381,1047.78,fashion,2,16.12,card,1,5.0,mobile,evening,0,0
ORD108255,99,1,0.146,127.13,grocery,5,36.95,card,3,2.0,desktop,late_night,0,0
ORD108256,155,1,0.3068,664.45,grocery,4,28.87,card,2,1.0,desktop,evening,0,0
ORD108257,1561,14,0.2841,1053.45,footwear,2,29.64,wallet,7,6.0,mobile,late_night,0,0
ORD108258,219,3,0.2284,549.87,home,4,40.96,card,7,7.0,desktop,evening,0,0
ORD108259,325,2,0.4746,658.0,sports,1,44.98,netbanking,2,3.0,mobile,evening,0,0
ORD108260,108,0,0.0,431.48,beauty,2,20.75,card,5,6.0,mobile,afternoon,0,0
ORD108261,76,0,0.0,542.53,grocery,3,38.69,upi,4,8.0,mobile,morning,0,0
ORD108262,0,0,0.0,414.11,beauty,3,25.69,card,6,6.0,mobile,afternoon,1,0
ORD108263,0,0,0.0,3348.49,electronics,4,41.02,card,5,6.0,mobile,evening,1,1
ORD108264,132,0,0.0,287.08,grocery,1,2.15,wallet,7,11.0,mobile,afternoon,0,0
ORD108265,0,0,0.0,1020.97,fashion,1,27.8,upi,3,2.0,desktop,evening,1,0
ORD108266,0,0,0.0,1195.05,beauty,3,19.1,card,6,3.0,mobile,morning,1,0
ORD108267,8,0,0.0,1934.94,electronics,4,7.01,card,1,1.0,desktop,evening,0,0
ORD108268,76,1,0.1456,242.61,toys,2,35.68,upi,7,8.0,mobile,afternoon,0,1
ORD108269,2486,17,0.0695,380.0,beauty,3,12.06,upi,6,5.0,desktop,morning,0,0
ORD108270,348,4,0.2124,6456.89,electronics,1,36.45,netbanking,5,5.0,mobile,late_night,0,0
ORD108271,1102,6,0.0484,202.83,grocery,2,9.62,card,7,8.0,desktop,late_night,0,0
ORD108272,0,0,0.0,462.22,electronics,2,37.83,card,4,4.0,desktop,late_night,1,0
ORD108273,13,0,0.0,149.05,grocery,4,12.53,card,5,5.0,tablet,afternoon,0,0
ORD108274,53,1,0.2075,551.88,fashion,3,19.65,card,1,1.0,mobile,afternoon,0,0
ORD108275,280,4,0.2395,2334.16,electronics,3,42.13,card,3,5.0,desktop,late_night,0,0
ORD108276,235,3,0.2632,1931.27,home,2,52.16,card,5,7.0,mobile,morning,0,0
ORD108277,179,2,0.0576,368.74,fashion,5,23.86,upi,2,1.0,mobile,afternoon,0,0
ORD108278,0,0,0.0,2199.28,home,1,10.48,upi,3,2.0,tablet,morning,1,1
ORD108279,509,7,0.2714,836.56,toys,4,25.47,wallet,1,1.0,mobile,morning,0,0
ORD108280,104,1,0.2023,1365.93,fashion,5,16.48,cod,1,1.0,desktop,afternoon,0,0
ORD108281,254,2,0.1899,1728.44,home,3,8.45,upi,4,6.0,mobile,evening,0,0
ORD108282,224,3,0.4355,221.53,grocery,2,22.3,upi,7,7.0,mobile,afternoon,0,0
ORD108283,120,3,0.4172,2295.15,fashion,4,28.64,card,1,2.0,desktop,late_night,0,0
ORD108284,68,1,0.1767,1631.4,fashion,3,15.03,netbanking,7,8.0,desktop,afternoon,0,1
ORD108285,113,0,0.0,928.66,home,3,18.15,upi,1,1.0,desktop,afternoon,0,0
ORD108286,1423,15,0.1632,2525.14,sports,2,14.83,upi,4,6.0,desktop,morning,0,0
ORD108287,0,0,0.0,2748.03,beauty,2,8.9,card,4,5.0,mobile,evening,1,1
ORD108288,556,1,0.073,1022.26,toys,3,9.31,card,4,6.0,mobile,morning,0,0
ORD108289,76,0,0.0,247.9,sports,4,35.27,card,4,4.0,mobile,afternoon,0,0
ORD108290,37,0,0.0,283.57,home,3,15.94,netbanking,3,8.0,desktop,morning,0,0
ORD108291,0,0,0.0,811.16,fashion,2,12.99,wallet,5,7.0,tablet,morning,1,1
ORD108292,490,4,0.4501,351.97,fashion,3,1.15,card,5,6.0,desktop,morning,0,0
ORD108293,210,5,0.4644,177.37,grocery,3,22.92,card,6,7.0,tablet,afternoon,0,0
ORD108294,120,0,0.0,523.21,beauty,3,12.79,card,7,12.0,desktop,evening,0,0
ORD108295,36,0,0.0,569.05,footwear,3,1.52,upi,4,7.0,desktop,afternoon,0,0
ORD108296,470,6,0.1242,539.25,grocery,2,20.52,card,5,5.0,tablet,late_night,0,0
ORD108297,668,8,0.1503,1472.55,footwear,5,47.98,card,5,4.0,mobile,afternoon,0,0
ORD108298,85,1,0.2579,432.08,home,2,33.53,card,2,3.0,mobile,evening,0,0
ORD108299,78,1,0.5539,2075.16,electronics,1,29.59,upi,5,5.0,mobile,evening,0,1
ORD108300,709,4,0.134,209.49,grocery,1,46.02,card,2,1.0,desktop,afternoon,0,0
ORD108301,89,1,0.1904,736.41,beauty,4,18.33,wallet,7,,mobile,evening,0,0
ORD108302,1283,14,0.2837,445.31,toys,4,23.54,card,1,2.0,mobile,morning,0,0
ORD108303,160,2,0.1089,3271.18,electronics,4,43.5,card,5,4.0,mobile,evening,0,0
ORD108304,118,2,0.5446,1612.71,electronics,5,19.55,upi,3,3.0,mobile,afternoon,0,0
ORD108305,190,3,0.2083,2219.62,footwear,4,18.23,upi,5,4.0,mobile,evening,0,1
ORD108306,118,1,0.0762,1064.71,home,4,8.34,upi,7,7.0,mobile,morning,0,0
ORD108307,625,5,0.1945,227.26,fashion,2,7.42,card,4,7.0,desktop,evening,0,0
ORD108308,480,3,0.1199,765.05,toys,2,32.83,card,1,1.0,desktop,afternoon,0,0
ORD108309,0,0,0.0,1370.74,electronics,1,23.27,upi,6,5.0,mobile,afternoon,1,0
ORD108310,0,0,0.0,410.27,electronics,3,10.0,upi,5,6.0,desktop,morning,1,0
ORD108311,109,3,0.118,1346.7,electronics,1,2.77,card,7,7.0,mobile,morning,0,0
ORD108312,179,1,0.2935,2489.14,electronics,5,40.33,card,2,1.0,tablet,evening,0,1
ORD108313,113,2,0.3034,759.72,beauty,2,39.21,card,3,3.0,mobile,late_night,0,0
ORD108314,909,8,0.1373,1524.43,sports,2,17.74,card,6,8.0,mobile,evening,0,0
ORD108315,545,4,0.2916,870.34,home,1,25.44,card,3,,mobile,afternoon,0,0
ORD108316,0,0,0.0,226.96,grocery,1,6.34,wallet,6,9.0,tablet,late_night,1,0
ORD108317,0,0,0.0,897.11,electronics,1,45.83,upi,6,6.0,mobile,evening,1,0
ORD108318,987,6,0.2059,3045.71,electronics,5,25.92,wallet,7,7.0,tablet,morning,0,0
ORD108319,210,4,0.0533,841.43,toys,2,44.16,upi,7,6.0,mobile,morning,0,0
ORD108320,157,2,0.2837,437.74,fashion,1,5.7,cod,6,8.0,desktop,morning,0,0
ORD108321,996,9,0.0336,2477.28,home,2,13.4,upi,2,2.0,mobile,morning,0,0
ORD108322,103,1,0.0842,971.68,toys,4,8.71,upi,1,5.0,desktop,evening,0,0
ORD108323,0,0,0.0,840.46,beauty,4,18.33,card,2,5.0,desktop,afternoon,1,0
ORD108324,0,0,0.0,652.06,fashion,1,43.11,cod,6,6.0,mobile,evening,1,1
ORD108325,42,0,0.0,2702.93,fashion,4,29.76,cod,6,11.0,mobile,morning,0,1
ORD108326,256,3,0.1819,292.12,toys,1,32.13,card,1,4.0,mobile,evening,0,0
ORD108327,78,1,0.3711,381.18,electronics,4,42.53,card,2,6.0,tablet,evening,0,0
ORD108328,0,0,0.0,1669.39,home,3,16.66,upi,5,5.0,mobile,afternoon,1,1
ORD108329,83,0,0.0,1445.69,footwear,1,13.83,cod,5,5.0,desktop,late_night,0,0
ORD108330,95,1,0.2759,1604.84,home,5,26.29,card,5,5.0,mobile,evening,0,0
ORD108331,72,1,0.3758,4044.92,electronics,1,45.51,card,6,11.0,mobile,evening,0,0
ORD108332,237,2,0.1017,663.0,grocery,4,44.93,card,3,3.0,mobile,morning,0,0
ORD108333,152,2,0.3008,1547.46,fashion,5,15.57,upi,3,3.0,mobile,afternoon,0,0
ORD108334,191,3,0.1679,583.7,beauty,2,21.82,card,5,5.0,desktop,evening,0,0
ORD108335,2414,16,0.0383,1265.28,sports,1,13.15,card,6,7.0,desktop,late_night,0,0
ORD108336,0,0,0.0,1884.49,electronics,2,16.92,cod,7,6.0,desktop,late_night,1,0
ORD108337,352,4,0.1201,630.56,grocery,1,49.72,wallet,1,,tablet,afternoon,0,1
ORD108338,399,5,0.197,410.77,fashion,2,38.47,cod,3,4.0,desktop,evening,0,0
ORD108339,169,3,0.1456,808.41,home,3,49.26,card,5,5.0,tablet,afternoon,0,0
ORD108340,244,2,0.2002,814.24,electronics,1,2.82,card,4,4.0,mobile,evening,0,0
ORD108341,185,0,0.0,466.79,grocery,4,14.11,card,5,4.0,mobile,evening,0,0
ORD108342,226,5,0.2481,3037.77,sports,2,27.22,upi,5,4.0,tablet,afternoon,0,0
ORD108343,95,1,0.2242,167.43,grocery,1,7.54,netbanking,5,6.0,desktop,morning,0,0
ORD108344,0,0,0.0,234.47,footwear,4,33.74,cod,2,1.0,mobile,afternoon,1,0
ORD108345,184,1,0.1752,283.18,grocery,4,13.23,upi,1,4.0,desktop,afternoon,0,0
ORD108346,20,0,0.0,826.74,fashion,2,7.11,netbanking,4,4.0,mobile,afternoon,0,1
ORD108347,939,9,0.2611,396.3,beauty,4,29.51,card,4,3.0,mobile,afternoon,0,0
ORD108348,1952,15,0.1995,286.59,fashion,3,16.61,upi,6,6.0,mobile,late_night,0,0
ORD108349,218,2,0.1015,1116.32,toys,3,10.39,upi,5,4.0,mobile,evening,0,0
ORD108350,0,0,0.0,652.89,toys,2,18.63,upi,5,5.0,tablet,afternoon,1,0
ORD108351,0,0,0.0,1561.98,beauty,5,6.25,card,5,5.0,desktop,afternoon,1,1
ORD108352,0,0,0.0,1456.21,footwear,3,11.09,card,5,5.0,desktop,afternoon,1,1
ORD108353,503,6,0.3298,408.55,footwear,1,25.01,upi,4,6.0,mobile,evening,0,1
ORD108354,113,0,0.0,1031.13,footwear,3,6.88,upi,6,7.0,desktop,evening,0,0
ORD108355,0,0,0.0,2568.84,electronics,2,25.91,cod,5,4.0,mobile,evening,1,0
ORD108356,147,1,0.3285,2771.91,home,4,29.26,upi,5,5.0,mobile,morning,0,0
ORD108357,492,0,0.0,443.35,fashion,3,6.39,card,7,6.0,mobile,morning,0,0
ORD108358,0,0,0.0,122.93,grocery,2,17.07,card,2,4.0,mobile,evening,1,1
ORD108359,2031,24,0.122,904.6,home,4,25.44,upi,6,11.0,mobile,evening,0,0
ORD108360,103,2,0.0314,769.84,home,1,14.63,wallet,7,6.0,tablet,afternoon,0,0
ORD108361,0,0,0.0,377.83,beauty,2,33.73,card,1,3.0,desktop,evening,1,1
ORD108362,361,4,0.1864,837.3,fashion,2,24.24,cod,4,4.0,tablet,morning,0,0
ORD108363,282,3,0.1722,61.87,beauty,2,14.26,upi,2,5.0,desktop,evening,0,0
ORD108364,233,4,0.4505,767.0,electronics,3,11.78,cod,7,8.0,mobile,morning,0,0
ORD108365,0,0,0.0,963.31,home,4,26.43,upi,1,2.0,mobile,afternoon,1,0
ORD108366,10,0,0.0,416.51,beauty,2,18.78,upi,6,4.0,desktop,evening,0,0
ORD108367,591,2,0.1478,2988.93,footwear,4,7.32,upi,2,1.0,tablet,late_night,0,0
ORD108368,105,2,0.2051,667.09,fashion,3,13.13,upi,5,9.0,desktop,evening,0,0
ORD108369,656,5,0.0639,654.86,electronics,4,30.55,card,2,2.0,tablet,afternoon,0,0
ORD108370,266,2,0.0489,407.06,fashion,4,25.3,upi,2,2.0,desktop,afternoon,0,1
ORD108371,678,2,0.1744,1325.46,fashion,2,2.02,card,5,5.0,tablet,morning,0,0
ORD108372,437,2,0.0506,246.34,grocery,2,9.72,wallet,2,2.0,mobile,late_night,0,0
ORD108373,12,0,0.0,106.26,beauty,2,61.61,upi,7,8.0,mobile,morning,0,0
ORD108374,356,2,0.3231,1055.03,fashion,1,21.64,card,5,6.0,mobile,late_night,0,1
ORD108375,124,0,0.0,1968.16,home,4,13.17,upi,2,2.0,tablet,morning,0,0
ORD108376,652,8,0.4836,886.78,sports,2,3.88,cod,1,1.0,mobile,evening,0,0
ORD108377,0,0,0.0,651.15,sports,2,43.49,card,4,5.0,mobile,afternoon,1,1
ORD108378,351,1,0.0683,1600.68,home,2,2.68,cod,2,2.0,desktop,evening,0,0
ORD108379,134,3,0.3773,236.86,sports,2,4.31,netbanking,5,5.0,desktop,evening,0,0
ORD108380,66,1,0.2899,874.34,toys,2,5.76,card,6,7.0,mobile,late_night,0,0
ORD108381,112,1,0.3995,680.78,fashion,1,29.99,netbanking,2,3.0,mobile,morning,0,1
ORD108382,25,0,0.0,3139.27,electronics,1,1.96,wallet,5,6.0,desktop,evening,0,0
ORD108383,94,0,0.0,333.02,footwear,4,34.05,card,1,5.0,desktop,afternoon,0,1
ORD108384,36,0,0.0,635.29,fashion,2,29.21,upi,1,1.0,mobile,evening,0,0
ORD108385,37,0,0.0,1743.6,home,3,15.0,upi,2,6.0,mobile,evening,0,0
ORD108386,0,0,0.0,647.86,beauty,5,51.68,card,5,6.0,mobile,late_night,1,0
ORD108387,326,6,0.1969,115.44,fashion,2,5.12,netbanking,1,1.0,desktop,morning,0,0
ORD108388,175,0,0.0,801.71,beauty,2,6.74,upi,7,6.0,mobile,evening,0,0
ORD108389,104,0,0.0,1550.55,footwear,1,50.73,upi,6,7.0,mobile,afternoon,0,0
ORD108390,63,0,0.0,988.19,footwear,3,18.24,card,4,2.0,mobile,afternoon,0,0
ORD108391,127,3,0.0447,695.42,fashion,2,0.54,upi,2,2.0,desktop,evening,0,1
ORD108392,73,1,0.363,1337.89,fashion,2,25.34,card,3,2.0,desktop,afternoon,0,0
ORD108393,169,2,0.0973,481.28,beauty,4,10.16,upi,5,4.0,mobile,afternoon,0,0
ORD108394,33,0,0.0,211.83,footwear,2,22.8,card,5,5.0,tablet,afternoon,0,0
ORD108395,392,6,0.2579,571.59,sports,4,26.75,netbanking,1,1.0,mobile,afternoon,0,0
ORD108396,97,1,0.1276,1520.85,toys,2,28.24,netbanking,3,2.0,tablet,evening,0,0
ORD108397,274,1,0.4077,560.98,fashion,4,23.06,upi,7,6.0,desktop,afternoon,0,0
ORD108398,0,0,0.0,605.6,toys,1,18.07,card,5,6.0,mobile,late_night,1,0
ORD108399,0,0,0.0,137.08,beauty,4,29.21,card,1,1.0,mobile,evening,1,1
ORD108400,436,8,0.1418,2470.31,electronics,5,34.27,card,6,,mobile,evening,0,0
ORD108401,18,0,0.0,1121.75,footwear,1,4.99,upi,4,5.0,tablet,afternoon,0,0
ORD108402,105,2,0.0696,4370.6,home,2,42.95,upi,1,1.0,mobile,morning,0,0
ORD108403,0,0,0.0,905.17,toys,4,14.4,upi,6,5.0,desktop,evening,1,0
ORD108404,0,0,0.0,1302.23,fashion,1,17.62,upi,4,4.0,mobile,afternoon,1,1
ORD108405,0,0,0.0,267.48,sports,1,16.91,upi,3,3.0,desktop,evening,1,0
ORD108406,1181,9,0.6118,298.44,beauty,3,12.36,card,4,7.0,mobile,morning,0,1
ORD108407,252,1,0.4283,2912.29,fashion,2,29.93,netbanking,7,8.0,mobile,late_night,0,1
ORD108408,0,0,0.0,1662.19,home,1,6.34,netbanking,1,1.0,mobile,evening,1,0
ORD108409,63,1,0.3897,928.26,fashion,4,30.76,card,4,1.0,desktop,afternoon,0,0
ORD108410,107,0,0.0,1588.08,beauty,3,6.62,upi,2,2.0,mobile,morning,0,0
ORD108411,115,0,0.0,367.94,fashion,2,10.9,card,6,6.0,desktop,morning,0,0
ORD108412,94,0,0.0,2216.98,electronics,5,10.05,card,5,5.0,mobile,morning,0,1
ORD108413,66,1,0.478,934.59,fashion,2,31.77,card,7,,mobile,evening,0,1
ORD108414,281,2,0.2614,873.78,sports,3,16.09,card,2,2.0,mobile,morning,0,0
ORD108415,0,0,0.0,627.02,electronics,3,5.48,card,6,11.0,tablet,morning,1,1
ORD108416,0,0,0.0,2519.94,home,1,35.51,cod,3,5.0,desktop,afternoon,1,1
ORD108417,0,0,0.0,787.67,footwear,2,14.97,upi,1,1.0,desktop,morning,1,0
ORD108418,553,4,0.3215,1208.08,home,4,2.11,card,1,1.0,desktop,morning,0,0
ORD108419,265,5,0.1129,410.24,fashion,2,37.99,card,2,1.0,mobile,evening,0,1
ORD108420,173,2,0.0807,177.67,grocery,4,13.27,upi,6,5.0,mobile,evening,0,0
ORD108421,0,0,0.0,583.47,footwear,4,5.36,upi,6,11.0,mobile,afternoon,1,0
ORD108422,145,1,0.663,815.53,sports,2,38.71,upi,2,2.0,desktop,morning,0,1
ORD108423,0,0,0.0,967.32,beauty,3,37.12,cod,7,7.0,desktop,evening,1,0
ORD108424,211,1,0.1835,674.64,toys,3,15.59,netbanking,7,7.0,desktop,afternoon,0,0
ORD108425,81,1,0.2323,331.35,fashion,2,37.27,netbanking,2,3.0,tablet,morning,0,1
ORD108426,0,0,0.0,591.17,electronics,3,3.11,card,7,9.0,mobile,late_night,1,0
ORD108427,253,4,0.2493,1702.81,home,2,34.66,upi,4,7.0,mobile,evening,0,0
ORD108428,0,0,0.0,917.11,beauty,3,31.53,card,2,2.0,mobile,afternoon,1,1
ORD108429,128,2,0.2552,237.55,grocery,3,16.76,card,7,6.0,desktop,morning,0,0
ORD108430,52,0,0.0,426.38,fashion,3,11.36,card,2,3.0,mobile,evening,0,1
ORD108431,717,6,0.2093,305.48,grocery,2,4.56,wallet,5,6.0,mobile,evening,0,0
ORD108432,0,0,0.0,919.57,home,6,38.48,upi,4,3.0,mobile,evening,1,0
ORD108433,20,0,0.0,1163.46,sports,2,22.63,netbanking,6,6.0,mobile,afternoon,0,0
ORD108434,791,9,0.1899,621.88,grocery,1,33.33,upi,2,2.0,mobile,morning,0,0
ORD108435,0,0,0.0,3379.22,electronics,4,27.26,wallet,2,3.0,desktop,evening,1,0
ORD108436,223,2,0.3289,1214.8,fashion,2,21.35,cod,5,6.0,desktop,morning,0,0
ORD108437,0,0,0.0,433.37,home,3,1.98,netbanking,4,,mobile,evening,1,1
ORD108438,0,0,0.0,1276.13,home,4,54.53,cod,3,4.0,mobile,late_night,1,1
ORD108439,546,5,0.1232,651.08,toys,4,5.16,cod,2,2.0,desktop,evening,0,0
ORD108440,236,2,0.3499,270.21,fashion,3,10.87,card,3,1.0,mobile,late_night,0,0
ORD108441,39,1,0.1932,339.62,beauty,2,12.14,upi,7,8.0,desktop,late_night,0,0
ORD108442,19,1,0.4353,1353.34,sports,3,18.96,netbanking,6,6.0,mobile,morning,0,0
ORD108443,476,1,0.1966,245.62,fashion,3,34.57,card,1,1.0,mobile,afternoon,0,0
ORD108444,0,0,0.0,436.7,fashion,2,75.86,upi,5,7.0,mobile,evening,1,1
ORD108445,73,0,0.0,706.5,fashion,2,24.35,card,7,11.0,desktop,late_night,0,0
ORD108446,134,1,0.3255,492.79,fashion,2,10.32,netbanking,4,5.0,mobile,evening,0,0
ORD108447,98,0,0.0,1567.09,footwear,2,33.01,card,3,4.0,desktop,morning,0,0
ORD108448,95,2,0.2152,740.13,beauty,2,33.24,upi,7,4.0,tablet,evening,0,0
ORD108449,0,0,0.0,353.43,home,1,10.58,wallet,3,4.0,mobile,evening,1,0
ORD108450,0,0,0.0,361.95,fashion,1,14.88,cod,3,2.0,mobile,evening,1,1
ORD108451,140,2,0.4562,3760.04,electronics,2,14.15,card,7,7.0,mobile,morning,0,0
ORD108452,3000,27,0.2301,2520.37,electronics,2,14.94,card,2,1.0,tablet,afternoon,0,0
ORD108453,0,0,0.0,58.59,beauty,5,7.51,card,1,1.0,desktop,morning,1,0
ORD108454,331,4,0.4339,1994.31,footwear,3,6.96,upi,4,5.0,tablet,afternoon,0,0
ORD108455,57,1,0.3618,668.58,fashion,3,11.91,wallet,6,8.0,desktop,evening,0,0
ORD108456,0,0,0.0,644.56,fashion,5,29.74,card,3,1.0,desktop,evening,1,1
ORD108457,0,0,0.0,356.07,fashion,3,9.22,upi,6,7.0,desktop,late_night,1,0
ORD108458,459,4,0.0762,1245.66,toys,3,8.13,wallet,6,8.0,desktop,evening,0,0
ORD108459,136,1,0.197,952.18,fashion,7,5.23,card,2,8.0,desktop,late_night,0,0
ORD108460,0,0,0.0,1537.87,electronics,1,25.42,upi,5,8.0,mobile,afternoon,1,0
ORD108461,133,0,0.0,248.21,electronics,4,18.93,cod,2,3.0,mobile,afternoon,0,0
ORD108462,55,0,0.0,208.98,grocery,3,15.93,wallet,5,4.0,mobile,late_night,0,0
ORD108463,0,0,0.0,137.21,grocery,5,13.14,netbanking,3,4.0,tablet,afternoon,1,0
ORD108464,247,2,0.3161,223.58,grocery,2,11.49,upi,3,3.0,tablet,morning,0,1
ORD108465,292,0,0.0,237.3,beauty,4,25.02,card,3,5.0,mobile,afternoon,0,0
ORD108466,167,1,0.204,772.17,beauty,2,12.32,upi,5,4.0,mobile,evening,0,0
ORD108467,146,1,0.1918,2825.31,sports,4,8.36,card,3,9.0,desktop,evening,0,1
ORD108468,660,7,0.0335,628.39,fashion,3,13.85,wallet,1,1.0,mobile,afternoon,0,0
ORD108469,557,5,0.2087,392.36,home,4,46.92,upi,2,3.0,mobile,afternoon,0,0
ORD108470,859,3,0.3023,343.54,beauty,2,27.51,cod,5,6.0,mobile,evening,0,0
ORD108471,0,0,0.0,323.89,beauty,1,37.18,wallet,2,2.0,mobile,evening,1,1
ORD108472,802,8,0.1537,2877.69,sports,5,21.02,wallet,4,4.0,tablet,evening,0,0
ORD108473,114,1,0.1424,302.86,grocery,5,14.98,upi,4,6.0,desktop,afternoon,0,0
ORD108474,145,1,0.1527,1217.56,beauty,4,44.95,upi,1,1.0,mobile,morning,0,0
ORD108475,674,3,0.0688,627.41,electronics,3,28.89,card,5,6.0,desktop,evening,0,0
ORD108476,0,0,0.0,515.67,toys,2,14.42,card,2,5.0,mobile,late_night,1,1
ORD108477,131,2,0.2622,816.32,electronics,3,23.74,upi,6,7.0,mobile,afternoon,0,1
ORD108478,57,0,0.0,269.27,grocery,6,16.22,upi,6,6.0,mobile,afternoon,0,0
ORD108479,0,0,0.0,2403.31,electronics,3,40.73,upi,5,7.0,mobile,morning,1,0
ORD108480,85,0,0.0,153.68,beauty,1,18.3,netbanking,4,4.0,mobile,afternoon,0,0
ORD108481,1208,10,0.1569,1153.45,electronics,2,36.29,card,5,5.0,mobile,morning,0,0
ORD108482,0,0,0.0,771.67,home,3,27.33,upi,1,1.0,mobile,afternoon,1,0
ORD108483,78,0,0.0,1924.91,electronics,4,33.96,card,2,1.0,mobile,afternoon,0,0
ORD108484,57,1,0.1282,99.32,grocery,2,18.61,upi,4,5.0,tablet,morning,0,1
ORD108485,0,0,0.0,587.49,beauty,2,7.85,card,1,6.0,desktop,evening,1,1
ORD108486,0,0,0.0,1204.21,home,2,27.51,cod,2,1.0,tablet,late_night,1,0
ORD108487,150,1,0.2788,1769.56,home,6,10.44,cod,2,2.0,tablet,morning,0,0
ORD108488,0,0,0.0,289.23,home,1,60.17,cod,3,3.0,desktop,afternoon,1,0
ORD108489,62,0,0.0,234.92,grocery,4,32.69,card,6,6.0,mobile,evening,0,0
ORD108490,2249,20,0.2148,870.37,home,5,30.89,card,5,4.0,desktop,afternoon,0,0
ORD108491,0,0,0.0,1006.03,home,2,33.65,cod,4,8.0,desktop,afternoon,1,0
ORD108492,38,0,0.0,693.94,fashion,2,2.04,card,5,5.0,mobile,evening,0,0
ORD108493,0,0,0.0,497.32,footwear,4,18.58,upi,4,4.0,mobile,afternoon,1,0
ORD108494,775,8,0.0915,314.97,grocery,2,8.47,card,4,5.0,desktop,evening,0,0
ORD108495,148,0,0.0,3811.06,toys,4,0.87,card,7,7.0,tablet,late_night,0,1
ORD108496,275,1,0.1911,2514.39,electronics,3,46.92,card,7,8.0,mobile,morning,0,0
ORD108497,0,0,0.0,248.77,footwear,3,22.69,netbanking,1,1.0,desktop,evening,1,0
ORD108498,210,1,0.2586,851.8,grocery,2,37.8,card,3,4.0,desktop,afternoon,0,0
ORD108499,43,0,0.0,3046.24,sports,5,14.06,card,6,12.0,desktop,evening,0,0
ORD108500,11,1,0.3688,524.78,grocery,2,8.43,upi,7,7.0,desktop,afternoon,0,0
ORD108501,71,2,0.0668,4184.0,electronics,3,17.53,card,7,10.0,desktop,afternoon,0,0
ORD108502,1336,13,0.1498,4528.42,home,5,30.92,cod,4,3.0,mobile,evening,0,0
ORD108503,1395,9,0.037,628.49,toys,2,30.76,wallet,2,3.0,mobile,evening,0,0
ORD108504,135,0,0.0,1388.41,fashion,2,11.71,card,5,6.0,mobile,evening,0,0
ORD108505,63,1,0.0867,1920.02,fashion,3,12.19,card,4,2.0,desktop,morning,0,0
ORD108506,246,2,0.2078,300.46,toys,3,8.69,upi,5,6.0,mobile,evening,0,0
ORD108507,293,2,0.2883,1267.0,beauty,4,22.35,card,5,9.0,mobile,afternoon,0,0
ORD108508,0,0,0.0,507.71,beauty,3,7.62,card,3,11.0,desktop,morning,1,0
ORD108509,0,0,0.0,1302.44,fashion,2,41.0,cod,7,11.0,mobile,morning,1,1
ORD108510,3000,22,0.264,560.03,grocery,4,22.93,wallet,2,3.0,desktop,evening,0,0
ORD108511,630,0,0.0,550.5,home,4,29.75,card,6,4.0,mobile,afternoon,0,0
ORD108512,145,0,0.0,4392.72,electronics,1,13.55,netbanking,3,3.0,mobile,afternoon,0,0
ORD108513,0,0,0.0,325.65,beauty,1,24.14,card,3,2.0,mobile,morning,1,0
ORD108514,537,5,0.0575,1160.72,sports,2,6.95,netbanking,4,5.0,desktop,afternoon,0,0
ORD108515,312,3,0.118,1711.75,sports,4,45.31,card,4,7.0,desktop,afternoon,0,0
ORD108516,0,0,0.0,987.91,fashion,4,24.97,card,5,4.0,mobile,morning,1,1
ORD108517,300,1,0.2145,445.0,fashion,4,43.56,upi,3,2.0,tablet,afternoon,0,0
ORD108518,160,1,0.1807,359.7,home,3,3.12,upi,7,8.0,mobile,evening,0,0
ORD108519,282,0,0.0,247.48,beauty,2,2.55,card,4,6.0,mobile,evening,0,0
ORD108520,403,1,0.0688,1585.44,sports,2,18.83,upi,6,8.0,mobile,late_night,0,0
ORD108521,264,0,0.0,642.15,beauty,2,12.53,card,4,3.0,mobile,afternoon,0,0
ORD108522,0,0,0.0,256.1,grocery,3,11.99,cod,1,6.0,mobile,afternoon,1,1
ORD108523,838,5,0.2095,250.14,grocery,2,36.34,card,1,2.0,mobile,morning,0,0
ORD108524,31,0,0.0,710.12,home,1,13.18,card,7,6.0,mobile,late_night,0,0
ORD108525,0,0,0.0,787.99,electronics,4,12.47,netbanking,4,5.0,desktop,afternoon,1,0
ORD108526,0,0,0.0,837.56,beauty,3,45.32,netbanking,4,3.0,mobile,late_night,1,0
ORD108527,81,1,0.0617,203.38,beauty,3,21.71,card,1,1.0,tablet,evening,0,0
ORD108528,117,0,0.0,1843.99,electronics,4,1.62,cod,5,4.0,desktop,morning,0,0
ORD108529,747,6,0.0689,4121.54,electronics,7,13.06,card,5,5.0,mobile,afternoon,0,1
ORD108530,153,0,0.0,645.06,fashion,5,39.57,card,2,2.0,desktop,evening,0,0
ORD108531,24,0,0.0,2004.03,fashion,3,13.82,card,3,3.0,mobile,afternoon,0,1
ORD108532,113,2,0.1399,313.25,fashion,4,11.97,upi,4,4.0,tablet,evening,0,0
ORD108533,0,0,0.0,116.06,grocery,1,14.71,cod,7,8.0,mobile,morning,1,1
ORD108534,189,1,0.2004,176.07,home,1,55.67,upi,1,1.0,desktop,evening,0,0
ORD108535,334,1,0.2267,873.11,toys,2,41.25,wallet,7,10.0,mobile,late_night,0,0
ORD108536,305,4,0.307,166.44,fashion,2,7.65,upi,1,1.0,mobile,evening,0,1
ORD108537,0,0,0.0,2908.0,sports,1,1.28,card,4,7.0,mobile,evening,1,1
ORD108538,48,0,0.0,2968.69,home,3,68.13,upi,7,8.0,mobile,evening,0,0
ORD108539,111,1,0.2187,354.4,grocery,2,76.2,card,6,,desktop,morning,0,0
ORD108540,91,0,0.0,417.24,footwear,1,40.69,cod,2,4.0,desktop,evening,0,1
ORD108541,132,0,0.0,460.98,electronics,4,28.91,netbanking,5,5.0,mobile,evening,0,0
ORD108542,387,3,0.1635,874.66,fashion,3,14.39,wallet,4,5.0,mobile,late_night,0,1
ORD108543,0,0,0.0,1671.12,electronics,3,16.54,upi,5,6.0,mobile,morning,1,1
ORD108544,448,4,0.1429,1990.45,electronics,3,32.36,card,7,7.0,tablet,late_night,0,0
ORD108545,118,1,0.2937,2460.12,electronics,2,65.47,cod,6,7.0,mobile,morning,0,1
ORD108546,952,7,0.2275,239.2,toys,4,30.26,wallet,1,1.0,mobile,morning,0,0
ORD108547,379,7,0.3484,441.73,toys,3,29.74,card,2,2.0,tablet,afternoon,0,0
ORD108548,205,0,0.0,735.35,fashion,3,11.05,cod,6,7.0,tablet,evening,0,0
ORD108549,352,6,0.4589,8336.35,electronics,2,4.01,card,4,3.0,desktop,morning,0,0
ORD108550,86,0,0.0,2927.81,electronics,1,7.03,upi,7,6.0,desktop,evening,0,0
ORD108551,17,0,0.0,1061.09,sports,2,3.26,upi,2,1.0,mobile,evening,0,0
ORD108552,0,0,0.0,217.05,beauty,2,41.95,card,7,8.0,desktop,afternoon,1,1
ORD108553,412,7,0.3321,1259.94,toys,1,14.57,cod,6,4.0,mobile,afternoon,0,0
ORD108554,0,0,0.0,5527.13,electronics,3,14.13,netbanking,1,3.0,desktop,morning,1,0
ORD108555,155,1,0.2133,153.66,beauty,2,5.34,wallet,7,7.0,mobile,late_night,0,0
ORD108556,71,0,0.0,181.59,fashion,2,4.83,card,4,4.0,mobile,morning,0,0
ORD108557,21,0,0.0,690.55,fashion,1,13.04,cod,5,5.0,mobile,late_night,0,0
ORD108558,868,8,0.1275,385.7,beauty,2,12.01,upi,6,7.0,mobile,evening,0,0
ORD108559,0,0,0.0,2380.91,home,3,13.02,card,3,2.0,tablet,evening,1,1
ORD108560,113,1,0.2556,233.39,toys,2,25.92,card,1,4.0,desktop,evening,0,0
ORD108561,86,2,0.2564,227.71,beauty,1,40.8,upi,5,4.0,mobile,afternoon,0,0
ORD108562,0,0,0.0,252.19,footwear,3,8.48,netbanking,4,2.0,desktop,evening,1,0
ORD108563,477,5,0.1995,437.58,home,3,36.88,wallet,5,3.0,mobile,evening,0,0
ORD108564,62,0,0.0,741.5,fashion,1,26.58,upi,7,11.0,mobile,late_night,0,1
ORD108565,652,5,0.3845,151.99,beauty,3,26.24,card,2,1.0,mobile,morning,0,0
ORD108566,0,0,0.0,6379.38,fashion,4,29.18,card,2,2.0,tablet,late_night,1,1
ORD108567,92,1,0.4505,289.74,electronics,3,3.66,wallet,6,7.0,mobile,evening,0,1
ORD108568,131,4,0.2589,451.33,fashion,2,10.57,card,1,1.0,tablet,evening,0,0
ORD108569,0,0,0.0,518.38,beauty,4,11.8,card,4,4.0,desktop,afternoon,1,0
ORD108570,42,1,0.1383,1081.24,beauty,2,16.95,card,5,4.0,tablet,late_night,0,0
ORD108571,0,0,0.0,324.62,fashion,2,29.7,upi,1,1.0,desktop,evening,1,0
ORD108572,0,0,0.0,201.88,footwear,1,55.42,cod,6,6.0,mobile,morning,1,1
ORD108573,357,3,0.1693,823.2,electronics,1,41.92,wallet,5,3.0,mobile,afternoon,0,0
ORD108574,0,0,0.0,3448.21,sports,2,6.06,upi,4,4.0,desktop,afternoon,1,1
ORD108575,331,2,0.4305,123.13,toys,6,40.21,netbanking,7,7.0,mobile,late_night,0,0
ORD108576,19,1,0.3339,1831.95,home,3,10.3,card,3,4.0,mobile,afternoon,0,1
ORD108577,69,0,0.0,358.99,grocery,5,18.96,wallet,1,5.0,desktop,evening,0,0
ORD108578,339,4,0.0727,875.17,fashion,3,23.2,card,4,3.0,mobile,evening,0,0
ORD108579,44,0,0.0,1531.6,fashion,1,20.56,upi,2,4.0,mobile,morning,0,0
ORD108580,273,1,0.5999,174.36,grocery,2,15.81,card,6,7.0,mobile,afternoon,0,0
ORD108581,39,0,0.0,1020.07,toys,2,24.98,card,1,3.0,desktop,late_night,0,0
ORD108582,184,2,0.0576,738.81,fashion,1,21.58,card,6,9.0,desktop,evening,0,0
ORD108583,1065,3,0.0651,117.1,grocery,1,18.99,upi,5,5.0,desktop,morning,0,0
ORD108584,0,0,0.0,619.67,fashion,2,52.14,cod,4,5.0,mobile,evening,1,0
ORD108585,23,2,0.4103,1639.98,electronics,3,16.96,card,3,3.0,mobile,evening,0,0
ORD108586,460,7,0.2216,52.88,grocery,2,42.52,cod,3,3.0,mobile,afternoon,0,0
ORD108587,1345,12,0.3593,443.93,home,2,2.1,upi,5,,mobile,afternoon,0,0
ORD108588,3000,24,0.3368,413.43,grocery,3,8.82,wallet,2,2.0,mobile,evening,0,0
ORD108589,305,6,0.2433,1872.75,electronics,1,26.55,card,3,3.0,mobile,evening,0,0
ORD108590,40,1,0.0656,920.37,beauty,4,20.78,upi,4,5.0,mobile,evening,0,0
ORD108591,292,1,0.1181,723.58,grocery,5,26.02,card,4,4.0,mobile,evening,0,0
ORD108592,0,0,0.0,393.45,footwear,2,12.25,card,4,3.0,desktop,evening,1,0
ORD108593,147,0,0.0,438.53,footwear,2,7.28,card,1,1.0,mobile,evening,0,0
ORD108594,571,8,0.1012,219.69,fashion,4,60.52,upi,2,2.0,desktop,late_night,0,0
ORD108595,71,0,0.0,2415.88,electronics,3,38.47,card,4,4.0,mobile,afternoon,0,0
ORD108596,273,1,0.3618,451.09,fashion,3,57.49,wallet,5,6.0,mobile,late_night,0,1
ORD108597,11,0,0.0,1996.22,home,3,19.16,upi,1,1.0,mobile,evening,0,1
ORD108598,63,0,0.0,3494.23,electronics,3,27.79,card,6,6.0,mobile,late_night,0,0
ORD108599,180,3,0.2965,1348.28,sports,1,6.57,card,3,2.0,mobile,morning,0,0
ORD108600,121,1,0.0553,378.02,toys,4,3.77,upi,6,7.0,desktop,afternoon,0,0
ORD108601,43,1,0.2965,1895.16,home,3,32.3,upi,6,8.0,desktop,evening,0,0
ORD108602,104,0,0.0,513.69,toys,2,24.88,card,4,5.0,mobile,evening,0,1
ORD108603,0,0,0.0,1130.46,sports,3,7.46,wallet,5,5.0,mobile,afternoon,1,0
ORD108604,164,1,0.1432,113.83,beauty,2,5.69,card,3,5.0,mobile,afternoon,0,0
ORD108605,193,1,0.4127,2204.3,electronics,1,59.48,card,3,8.0,mobile,morning,0,0
ORD108606,405,3,0.2831,530.33,toys,3,30.67,upi,3,3.0,mobile,evening,0,0
ORD108607,124,1,0.442,677.98,footwear,3,14.49,wallet,4,4.0,mobile,afternoon,0,1
ORD108608,808,12,0.0907,1121.1,electronics,2,26.43,card,3,2.0,mobile,afternoon,0,0
ORD108609,61,0,0.0,149.59,beauty,2,11.82,upi,4,3.0,mobile,evening,0,0
ORD108610,1511,12,0.3055,634.31,fashion,1,13.06,card,6,7.0,mobile,morning,0,0
ORD108611,616,8,0.3448,145.05,fashion,3,11.34,card,5,7.0,desktop,evening,0,0
ORD108612,122,4,0.133,748.9,home,2,17.9,upi,3,2.0,mobile,evening,0,0
ORD108613,131,1,0.1668,444.53,fashion,3,15.17,card,1,3.0,mobile,evening,0,0
ORD108614,227,2,0.3385,1286.9,toys,4,10.38,card,4,5.0,mobile,afternoon,0,0
ORD108615,350,7,0.0997,1904.34,toys,7,19.37,wallet,7,7.0,mobile,morning,0,0
ORD108616,604,9,0.17,303.45,home,2,26.26,upi,5,6.0,mobile,morning,0,0
ORD108617,41,1,0.1606,1143.52,fashion,1,47.49,card,7,7.0,mobile,afternoon,0,0
ORD108618,293,3,0.113,1058.09,electronics,4,55.81,card,5,4.0,tablet,morning,0,0
ORD108619,17,0,0.0,315.44,beauty,4,60.22,cod,3,3.0,tablet,afternoon,0,0
ORD108620,0,0,0.0,467.33,fashion,1,53.44,upi,2,2.0,desktop,evening,1,1
ORD108621,897,4,0.2743,4187.82,electronics,1,42.42,upi,6,5.0,desktop,afternoon,0,0
ORD108622,38,0,0.0,676.37,footwear,3,24.29,cod,7,6.0,mobile,evening,0,0
ORD108623,31,0,0.0,591.17,beauty,1,12.04,cod,4,5.0,desktop,afternoon,0,0
ORD108624,231,2,0.0045,159.32,toys,1,7.34,netbanking,2,1.0,desktop,afternoon,0,0
ORD108625,833,6,0.5763,230.13,toys,1,5.9,card,5,6.0,tablet,evening,0,0
ORD108626,259,3,0.1576,447.54,fashion,1,19.85,upi,3,6.0,desktop,evening,0,0
ORD108627,0,0,0.0,660.56,fashion,4,8.53,card,7,8.0,desktop,late_night,1,0
ORD108628,28,0,0.0,469.44,grocery,3,20.82,upi,7,6.0,desktop,evening,0,0
ORD108629,0,0,0.0,438.03,fashion,4,73.35,upi,4,3.0,desktop,afternoon,1,0
ORD108630,49,1,0.1076,2347.32,home,2,19.47,card,6,5.0,desktop,morning,0,0
ORD108631,210,4,0.3983,363.06,beauty,6,14.56,card,1,2.0,tablet,afternoon,0,0
ORD108632,224,1,0.2906,1039.96,electronics,4,24.21,card,1,2.0,desktop,late_night,0,0
ORD108633,105,1,0.0493,3083.58,electronics,4,44.71,card,6,10.0,desktop,late_night,0,0
ORD108634,1334,10,0.6711,1444.87,home,1,31.96,card,2,7.0,mobile,afternoon,0,0
ORD108635,347,2,0.2214,479.35,electronics,3,22.18,card,7,7.0,tablet,afternoon,0,0
ORD108636,687,5,0.1847,5118.18,electronics,3,50.73,wallet,3,4.0,mobile,afternoon,0,0
ORD108637,499,3,0.0435,200.26,grocery,5,14.51,card,5,5.0,desktop,evening,0,0
ORD108638,153,1,0.0664,440.46,toys,2,16.51,netbanking,2,4.0,mobile,morning,0,1
ORD108639,146,1,0.2314,237.33,beauty,3,39.36,netbanking,1,2.0,desktop,late_night,0,0
ORD108640,130,2,0.0643,1245.57,electronics,2,7.07,upi,3,1.0,desktop,morning,0,0
ORD108641,0,0,0.0,505.96,electronics,4,43.28,card,4,5.0,mobile,morning,1,0
ORD108642,88,3,0.236,359.46,grocery,4,17.7,card,3,3.0,mobile,evening,0,0
ORD108643,1208,14,0.2025,561.94,home,3,8.18,upi,7,6.0,mobile,morning,0,0
ORD108644,79,2,0.2794,527.87,fashion,2,11.33,netbanking,1,2.0,mobile,evening,0,0
ORD108645,229,0,0.0,871.74,beauty,5,35.4,wallet,5,7.0,desktop,afternoon,0,0
ORD108646,140,0,0.0,900.69,fashion,2,31.93,card,3,4.0,mobile,morning,0,0
ORD108647,110,0,0.0,942.52,sports,2,4.78,upi,1,1.0,mobile,evening,0,0
ORD108648,1977,25,0.0891,6628.1,electronics,6,7.17,upi,1,1.0,mobile,evening,0,0
ORD108649,111,2,0.0865,288.22,fashion,2,41.73,wallet,7,8.0,mobile,evening,0,0
ORD108650,129,0,0.0,456.72,beauty,4,62.17,netbanking,2,2.0,desktop,afternoon,0,0
ORD108651,0,0,0.0,707.15,grocery,4,52.25,netbanking,5,6.0,desktop,afternoon,1,0
ORD108652,0,0,0.0,844.93,grocery,4,13.45,card,3,2.0,mobile,morning,1,0
ORD108653,162,1,0.5486,257.81,footwear,3,28.82,upi,1,1.0,mobile,afternoon,0,1
ORD108654,52,0,0.0,521.43,home,5,22.55,netbanking,2,2.0,mobile,late_night,0,0
ORD108655,113,1,0.2212,644.69,grocery,4,18.87,upi,3,4.0,tablet,evening,0,0
ORD108656,354,1,0.3192,209.71,grocery,5,55.67,upi,4,3.0,tablet,afternoon,0,0
ORD108657,560,6,0.2112,908.26,home,2,12.0,upi,2,3.0,mobile,evening,0,0
ORD108658,186,1,0.1386,465.97,fashion,1,23.37,card,3,4.0,tablet,evening,0,1
ORD108659,193,0,0.0,1658.43,electronics,2,34.87,upi,3,3.0,mobile,evening,0,0
ORD108660,121,0,0.0,38.75,beauty,1,29.55,upi,3,2.0,mobile,evening,0,1
ORD108661,104,2,0.0528,501.12,fashion,7,1.79,netbanking,7,10.0,mobile,afternoon,0,0
ORD108662,0,0,0.0,908.29,sports,4,38.73,card,7,10.0,mobile,afternoon,1,1
ORD108663,0,0,0.0,532.81,footwear,3,46.09,upi,3,5.0,desktop,afternoon,1,1
ORD108664,83,1,0.159,713.26,fashion,4,21.61,cod,3,2.0,desktop,late_night,0,0
ORD108665,490,5,0.3741,260.59,fashion,3,39.82,card,3,1.0,desktop,afternoon,0,0
ORD108666,113,0,0.0,887.95,footwear,1,46.31,card,7,11.0,mobile,evening,0,0
ORD108667,123,0,0.0,1631.6,toys,2,21.76,upi,7,7.0,mobile,evening,0,0
ORD108668,121,1,0.2216,726.26,grocery,2,25.69,upi,2,4.0,mobile,afternoon,0,0
ORD108669,0,0,0.0,1082.65,fashion,2,36.45,upi,7,6.0,mobile,morning,1,1
ORD108670,65,0,0.0,1147.79,sports,2,2.83,upi,5,6.0,mobile,morning,0,0
ORD108671,245,1,0.0803,267.79,beauty,1,21.2,upi,5,5.0,mobile,late_night,0,0
ORD108672,0,0,0.0,623.52,home,2,5.64,netbanking,2,1.0,desktop,evening,1,1
ORD108673,195,3,0.2808,1211.26,fashion,2,21.02,upi,6,3.0,mobile,late_night,0,0
ORD108674,237,1,0.2998,464.86,toys,4,27.51,card,1,1.0,tablet,morning,0,0
ORD108675,193,2,0.2146,1936.08,beauty,2,62.53,wallet,6,10.0,desktop,afternoon,0,0
ORD108676,433,6,0.5071,194.69,fashion,2,10.52,upi,2,10.0,tablet,late_night,0,0
ORD108677,175,1,0.4307,761.88,home,4,28.64,card,2,5.0,desktop,evening,0,0
ORD108678,1234,10,0.4141,446.59,fashion,3,40.39,upi,6,6.0,tablet,evening,0,0
ORD108679,190,1,0.7191,1138.31,fashion,4,8.11,upi,6,5.0,desktop,evening,0,0
ORD108680,27,0,0.0,1469.01,footwear,1,26.15,card,6,6.0,mobile,evening,0,1
ORD108681,365,4,0.1382,686.54,electronics,2,23.91,netbanking,4,5.0,mobile,late_night,0,1
ORD108682,279,2,0.2291,114.95,grocery,4,13.37,netbanking,5,4.0,mobile,afternoon,0,0
ORD108683,0,0,0.0,256.62,beauty,1,14.04,wallet,4,5.0,tablet,afternoon,1,0
ORD108684,136,1,0.3362,647.8,beauty,4,24.69,upi,2,2.0,mobile,evening,0,1
ORD108685,17,0,0.0,898.16,fashion,5,20.88,card,5,7.0,mobile,afternoon,0,0
ORD108686,0,0,0.0,234.67,footwear,1,29.3,wallet,5,5.0,mobile,evening,1,1
ORD108687,1110,7,0.1957,1083.52,home,4,7.0,card,5,9.0,mobile,morning,0,1
ORD108688,95,1,0.3531,1067.64,sports,4,19.05,card,6,7.0,mobile,morning,0,0
ORD108689,0,0,0.0,423.29,beauty,3,0.53,cod,7,6.0,tablet,evening,1,0
ORD108690,31,0,0.0,1109.9,footwear,3,22.52,card,7,7.0,mobile,evening,0,1
ORD108691,57,0,0.0,775.67,fashion,2,4.19,card,5,6.0,desktop,evening,0,0
ORD108692,382,3,0.2072,700.13,fashion,2,15.85,card,7,7.0,mobile,evening,0,0
ORD108693,161,0,0.0,1663.12,footwear,3,49.42,cod,5,5.0,tablet,evening,0,0
ORD108694,0,0,0.0,1285.79,beauty,4,4.57,upi,3,5.0,desktop,morning,1,0
ORD108695,178,1,0.2667,496.53,fashion,6,32.62,card,6,6.0,desktop,afternoon,0,0
ORD108696,144,2,0.1586,632.72,fashion,5,28.99,card,7,7.0,desktop,afternoon,0,0
ORD108697,85,2,0.0952,705.98,beauty,2,10.34,upi,6,4.0,mobile,afternoon,0,1
ORD108698,48,1,0.3307,644.22,footwear,2,2.71,wallet,4,3.0,mobile,afternoon,0,0
ORD108699,848,9,0.1419,1196.69,footwear,2,14.35,wallet,3,2.0,desktop,morning,0,0
ORD108700,1016,6,0.488,1046.18,sports,3,0.73,card,6,5.0,mobile,evening,0,0
ORD108701,57,0,0.0,506.28,grocery,2,13.59,upi,4,6.0,mobile,evening,0,0
ORD108702,53,0,0.0,823.12,toys,2,5.7,upi,2,3.0,mobile,afternoon,0,0
ORD108703,123,0,0.0,623.8,fashion,1,16.61,cod,4,5.0,mobile,evening,0,0
ORD108704,263,3,0.3275,1790.21,sports,2,80.35,netbanking,3,3.0,mobile,morning,0,1
ORD108705,148,5,0.3488,1452.12,home,2,7.72,wallet,6,7.0,mobile,evening,0,0
ORD108706,314,0,0.0,3353.36,fashion,3,30.41,cod,3,4.0,desktop,evening,0,1
ORD108707,171,2,0.491,467.51,electronics,1,1.34,card,6,8.0,tablet,evening,0,0
ORD108708,159,1,0.2986,1054.57,fashion,3,25.02,cod,4,8.0,mobile,late_night,0,0
ORD108709,2577,17,0.1738,3508.67,electronics,2,3.66,card,4,4.0,mobile,morning,0,0
ORD108710,101,0,0.0,3145.72,fashion,1,21.19,upi,4,3.0,mobile,late_night,0,0
ORD108711,1100,10,0.2909,512.65,footwear,2,46.76,cod,6,7.0,mobile,afternoon,0,1
ORD108712,0,0,0.0,715.1,fashion,4,16.65,netbanking,2,1.0,desktop,evening,1,1
ORD108713,315,3,0.3018,532.5,footwear,2,13.78,card,6,8.0,mobile,evening,0,0
ORD108714,21,0,0.0,5867.17,electronics,4,12.91,card,4,2.0,mobile,evening,0,0
ORD108715,187,2,0.1292,557.57,sports,1,6.02,wallet,5,9.0,desktop,evening,0,0
ORD108716,102,2,0.4375,521.7,footwear,3,29.26,netbanking,5,4.0,desktop,afternoon,0,0
ORD108717,185,0,0.0,185.83,toys,3,8.15,netbanking,2,1.0,mobile,afternoon,0,1
ORD108718,56,0,0.0,41.56,grocery,2,50.71,netbanking,2,2.0,desktop,evening,0,0
ORD108719,416,6,0.4139,886.33,home,3,19.21,card,3,8.0,mobile,evening,0,0
ORD108720,0,0,0.0,821.21,home,2,16.92,card,7,6.0,mobile,evening,1,1
ORD108721,656,6,0.249,1438.49,electronics,5,3.27,card,5,5.0,desktop,evening,0,1
ORD108722,119,4,0.1512,1465.01,sports,6,3.98,card,6,6.0,mobile,morning,0,0
ORD108723,56,0,0.0,1636.97,sports,2,0.13,cod,3,5.0,mobile,late_night,0,0
ORD108724,266,2,0.1092,181.81,grocery,2,60.05,card,1,3.0,mobile,afternoon,0,0
ORD108725,0,0,0.0,537.63,toys,2,8.57,netbanking,5,4.0,mobile,late_night,1,0
ORD108726,0,0,0.0,271.0,grocery,1,23.75,upi,5,5.0,mobile,evening,1,0
ORD108727,298,3,0.2888,294.74,grocery,3,25.75,card,6,4.0,desktop,morning,0,0
ORD108728,139,0,0.0,2092.33,footwear,1,24.17,card,3,2.0,desktop,afternoon,0,0
ORD108729,104,1,0.3822,2256.71,electronics,4,42.53,upi,6,6.0,mobile,morning,0,0
ORD108730,373,1,0.1263,1518.25,footwear,1,16.32,upi,4,,mobile,afternoon,0,0
ORD108731,161,2,0.1065,254.57,grocery,3,42.81,upi,4,2.0,desktop,morning,0,0
ORD108732,282,4,0.188,762.73,electronics,4,16.01,netbanking,4,3.0,desktop,afternoon,0,0
ORD108733,316,0,0.0,622.69,grocery,1,31.98,card,4,3.0,mobile,morning,0,0
ORD108734,265,1,0.2326,2819.89,electronics,3,11.46,upi,4,4.0,desktop,evening,0,1
ORD108735,334,5,0.0316,474.45,fashion,2,31.69,upi,3,3.0,mobile,late_night,0,0
ORD108736,70,0,0.0,453.14,toys,5,25.18,upi,4,4.0,desktop,evening,0,0
ORD108737,66,1,0.3481,2479.61,electronics,1,5.37,wallet,5,3.0,desktop,late_night,0,0
ORD108738,0,0,0.0,947.13,footwear,5,20.7,card,2,3.0,desktop,afternoon,1,1
ORD108739,177,2,0.1483,807.47,home,2,8.99,card,6,12.0,mobile,afternoon,0,0
ORD108740,102,1,0.0084,307.57,fashion,2,59.84,upi,5,4.0,desktop,evening,0,1
ORD108741,236,2,0.2018,2519.76,fashion,1,25.66,netbanking,1,1.0,mobile,late_night,0,1
ORD108742,492,2,0.1174,657.92,fashion,2,44.75,upi,6,6.0,desktop,afternoon,0,1
ORD108743,669,6,0.0741,2136.85,sports,1,6.63,card,7,8.0,mobile,evening,0,0
ORD108744,857,6,0.313,52.93,grocery,4,52.07,card,4,3.0,mobile,late_night,0,0
ORD108745,42,1,0.3703,216.79,toys,1,1.58,card,4,4.0,desktop,evening,0,0
ORD108746,50,0,0.0,1909.29,home,6,43.21,card,5,7.0,mobile,afternoon,0,0
ORD108747,0,0,0.0,774.49,home,2,10.51,card,6,8.0,desktop,afternoon,1,0
ORD108748,198,3,0.1033,1537.3,footwear,3,12.1,card,5,9.0,mobile,afternoon,0,0
ORD108749,139,1,0.4434,583.42,home,3,19.24,card,2,1.0,tablet,evening,0,0
ORD108750,98,0,0.0,402.04,beauty,1,45.89,upi,7,5.0,tablet,evening,0,0
ORD108751,129,1,0.3708,302.22,toys,1,27.11,card,5,5.0,desktop,evening,0,0
ORD108752,0,0,0.0,1020.52,toys,2,4.51,netbanking,4,5.0,mobile,morning,1,0
ORD108753,0,0,0.0,233.04,grocery,4,15.71,card,3,2.0,desktop,morning,1,0
ORD108754,2386,21,0.2411,1709.86,sports,1,34.0,wallet,6,8.0,desktop,afternoon,0,0
ORD108755,185,3,0.1351,1478.81,toys,4,9.49,upi,7,8.0,desktop,afternoon,0,0
ORD108756,575,4,0.2036,1468.27,electronics,2,6.95,card,6,6.0,mobile,morning,0,0
ORD108757,95,0,0.0,688.82,footwear,2,16.23,netbanking,7,6.0,mobile,evening,0,0
ORD108758,340,6,0.0687,1178.14,electronics,3,37.53,card,5,5.0,desktop,evening,0,1
ORD108759,202,3,0.1786,2655.27,fashion,5,47.04,cod,4,3.0,mobile,afternoon,0,0
ORD108760,465,5,0.2445,477.23,toys,2,17.47,card,5,6.0,mobile,afternoon,0,0
ORD108761,145,1,0.1541,748.22,home,1,7.37,netbanking,1,1.0,desktop,afternoon,0,1
ORD108762,998,8,0.4058,303.63,fashion,5,62.33,card,3,,desktop,evening,0,1
ORD108763,35,0,0.0,598.01,home,1,40.09,card,5,5.0,desktop,afternoon,0,0
ORD108764,515,1,0.05,647.83,home,1,2.46,upi,4,2.0,mobile,late_night,0,0
ORD108765,206,2,0.3893,3640.61,electronics,10,6.35,card,6,9.0,mobile,afternoon,0,0
ORD108766,0,0,0.0,1371.47,electronics,1,21.06,card,5,6.0,desktop,afternoon,1,0
ORD108767,0,0,0.0,685.92,home,3,8.67,card,2,1.0,desktop,afternoon,1,0
ORD108768,1385,15,0.4617,1255.84,footwear,2,5.93,card,3,4.0,desktop,afternoon,0,0
ORD108769,18,1,0.4233,1724.96,electronics,1,7.14,card,3,2.0,desktop,afternoon,0,0
ORD108770,220,1,0.0807,137.48,grocery,4,16.43,upi,4,4.0,desktop,morning,0,0
ORD108771,0,0,0.0,1525.18,toys,3,17.94,card,3,3.0,mobile,evening,1,1
ORD108772,294,1,0.4237,449.62,fashion,1,28.66,card,4,3.0,desktop,evening,0,1
ORD108773,960,5,0.0996,1165.79,sports,3,3.41,cod,4,5.0,desktop,evening,0,0
ORD108774,763,7,0.2277,2314.4,electronics,4,7.7,upi,6,6.0,mobile,evening,0,0
ORD108775,242,2,0.2301,110.08,toys,3,27.47,card,1,1.0,desktop,evening,0,1
ORD108776,2219,13,0.2612,350.96,beauty,3,14.41,cod,4,1.0,mobile,afternoon,0,0
ORD108777,0,0,0.0,340.6,toys,2,17.22,card,7,6.0,tablet,evening,1,0
ORD108778,0,0,0.0,288.11,fashion,4,21.79,wallet,3,1.0,desktop,evening,1,0
ORD108779,98,2,0.2872,607.85,fashion,3,17.62,card,5,6.0,desktop,morning,0,0
ORD108780,711,9,0.4555,717.41,fashion,3,13.23,card,6,8.0,mobile,afternoon,0,1
ORD108781,75,1,0.1602,1071.81,footwear,2,26.43,card,6,5.0,mobile,morning,0,0
ORD108782,0,0,0.0,476.48,beauty,3,32.95,card,7,5.0,tablet,afternoon,1,1
ORD108783,139,1,0.1386,852.7,home,4,33.93,card,4,4.0,mobile,evening,0,1
ORD108784,268,4,0.2626,1352.33,beauty,3,8.05,card,7,6.0,desktop,afternoon,0,1
ORD108785,146,4,0.0832,747.67,sports,1,7.29,card,5,6.0,mobile,evening,0,0
ORD108786,42,0,0.0,226.9,footwear,3,13.39,card,2,5.0,tablet,evening,0,0
ORD108787,650,2,0.5677,415.82,footwear,1,71.95,cod,1,1.0,desktop,evening,0,1
ORD108788,116,0,0.0,1615.3,footwear,4,27.78,netbanking,3,3.0,tablet,morning,0,1
ORD108789,0,0,0.0,255.23,grocery,3,19.73,card,5,3.0,mobile,evening,1,0
ORD108790,0,0,0.0,357.94,fashion,1,15.94,card,3,3.0,desktop,evening,1,1
ORD108791,0,0,0.0,2800.65,electronics,2,21.05,card,5,3.0,mobile,evening,1,1
ORD108792,362,2,0.2028,2626.21,home,3,21.67,card,3,3.0,tablet,afternoon,0,0
ORD108793,770,9,0.115,581.01,fashion,5,50.77,wallet,3,7.0,mobile,late_night,0,1
ORD108794,339,2,0.4207,1506.71,sports,3,15.65,wallet,5,4.0,desktop,morning,0,0
ORD108795,234,1,0.183,2687.54,sports,2,15.24,card,2,2.0,tablet,afternoon,0,1
ORD108796,603,7,0.3362,2215.33,toys,4,30.0,upi,5,3.0,desktop,afternoon,0,0
ORD108797,2792,21,0.3254,1313.54,home,6,25.62,card,2,3.0,mobile,afternoon,0,0
ORD108798,134,0,0.0,427.29,beauty,3,2.08,wallet,7,6.0,mobile,evening,0,0
ORD108799,434,4,0.1241,635.33,fashion,2,12.59,wallet,5,7.0,desktop,morning,0,0
ORD108800,180,2,0.491,64.26,grocery,2,13.31,card,3,4.0,mobile,late_night,0,0
ORD108801,316,5,0.038,271.62,fashion,2,14.19,card,5,4.0,tablet,evening,0,1
ORD108802,189,0,0.0,629.43,beauty,6,13.8,netbanking,4,8.0,mobile,evening,0,0
ORD108803,16,0,0.0,4162.33,fashion,2,17.94,wallet,1,1.0,desktop,evening,0,0
ORD108804,0,0,0.0,198.62,grocery,2,19.76,wallet,2,2.0,mobile,morning,1,0
ORD108805,544,2,0.2074,758.51,home,3,16.58,card,3,5.0,mobile,evening,0,0
ORD108806,78,2,0.277,890.67,fashion,5,22.88,upi,6,4.0,mobile,late_night,0,0
ORD108807,0,0,0.0,1995.38,fashion,3,13.24,card,6,3.0,mobile,late_night,1,1
ORD108808,0,0,0.0,413.32,footwear,1,10.86,card,7,7.0,desktop,late_night,1,0
ORD108809,0,0,0.0,703.64,sports,5,15.51,card,5,6.0,desktop,afternoon,1,1
ORD108810,0,0,0.0,677.49,fashion,2,2.38,wallet,6,7.0,desktop,evening,1,0
ORD108811,0,0,0.0,989.16,home,2,33.17,upi,6,5.0,mobile,late_night,1,1
ORD108812,287,2,0.3116,1976.74,electronics,5,41.13,card,4,4.0,desktop,morning,0,0
ORD108813,0,0,0.0,588.01,beauty,1,5.15,card,4,4.0,desktop,evening,1,0
ORD108814,0,0,0.0,451.54,grocery,2,16.81,card,3,4.0,mobile,morning,1,0
ORD108815,29,0,0.0,1239.34,sports,2,4.27,card,5,6.0,desktop,evening,0,0
ORD108816,0,0,0.0,905.4,home,6,36.62,upi,4,4.0,mobile,afternoon,1,0
ORD108817,0,0,0.0,345.75,home,2,27.14,wallet,3,10.0,mobile,evening,1,1
ORD108818,373,1,0.1742,699.4,electronics,2,13.0,card,5,9.0,mobile,morning,0,0
ORD108819,0,0,0.0,179.75,grocery,1,2.88,upi,4,3.0,desktop,late_night,1,0
ORD108820,510,2,0.2155,2177.5,sports,4,17.14,upi,7,8.0,desktop,morning,0,0
ORD108821,310,3,0.3575,4715.0,electronics,2,2.2,card,1,1.0,tablet,evening,0,0
ORD108822,525,5,0.0456,118.75,grocery,3,6.79,card,4,5.0,mobile,evening,0,0
ORD108823,32,0,0.0,589.32,grocery,3,19.54,card,7,6.0,desktop,afternoon,0,0
ORD108824,0,0,0.0,101.14,grocery,1,15.39,cod,3,6.0,mobile,afternoon,1,0
ORD108825,0,0,0.0,702.89,beauty,5,26.25,upi,3,4.0,tablet,late_night,1,0
ORD108826,122,0,0.0,1283.67,electronics,2,62.37,wallet,7,8.0,mobile,afternoon,0,0
ORD108827,0,0,0.0,102.32,beauty,7,37.61,upi,6,8.0,desktop,afternoon,1,1
ORD108828,603,10,0.2248,338.16,fashion,3,24.02,upi,2,4.0,mobile,afternoon,0,0
ORD108829,0,0,0.0,656.11,sports,4,16.64,card,2,1.0,desktop,afternoon,1,0
ORD108830,148,1,0.1817,935.8,fashion,3,11.37,upi,7,5.0,mobile,evening,0,0
ORD108831,60,1,0.2346,739.97,footwear,3,65.63,netbanking,4,4.0,mobile,evening,0,0
ORD108832,222,3,0.1169,421.02,beauty,2,15.06,card,7,,mobile,afternoon,0,1
ORD108833,615,3,0.1958,751.01,home,2,15.6,cod,5,5.0,mobile,afternoon,0,0
ORD108834,284,2,0.3603,1374.29,fashion,3,32.05,card,1,1.0,desktop,evening,0,0
ORD108835,31,0,0.0,453.77,home,3,16.07,cod,7,7.0,mobile,afternoon,0,0
ORD108836,203,1,0.089,661.39,beauty,3,19.74,cod,5,4.0,mobile,afternoon,0,0
ORD108837,22,0,0.0,4887.08,home,5,38.38,cod,2,3.0,desktop,morning,0,0
ORD108838,439,5,0.1433,666.95,beauty,3,24.55,wallet,7,8.0,mobile,evening,0,0
ORD108839,84,3,0.193,975.71,fashion,2,14.69,netbanking,5,5.0,desktop,afternoon,0,0
ORD108840,47,1,0.0369,335.34,toys,5,13.29,netbanking,7,7.0,desktop,afternoon,0,0
ORD108841,445,1,0.1781,4118.06,sports,2,26.02,wallet,4,5.0,desktop,afternoon,0,1
ORD108842,335,1,0.1012,260.92,beauty,1,55.23,wallet,7,8.0,mobile,afternoon,0,0
ORD108843,234,3,0.3467,858.3,home,2,10.59,card,6,6.0,mobile,evening,0,0
ORD108844,2020,10,0.5857,65.77,grocery,5,1.47,upi,3,3.0,mobile,late_night,0,1
ORD108845,364,3,0.1728,335.0,toys,4,20.39,card,3,3.0,mobile,evening,0,0
ORD108846,0,0,0.0,1282.68,footwear,2,39.27,card,5,4.0,mobile,evening,1,1
ORD108847,320,4,0.4957,823.85,home,3,5.1,upi,5,5.0,desktop,afternoon,0,0
ORD108848,0,0,0.0,3616.02,electronics,1,27.43,wallet,6,6.0,mobile,evening,1,0
ORD108849,0,0,0.0,870.12,footwear,4,31.66,cod,5,5.0,mobile,late_night,1,1
ORD108850,246,1,0.14,2443.28,electronics,4,18.25,upi,5,4.0,desktop,afternoon,0,0
ORD108851,275,2,0.3331,1059.3,toys,4,32.0,card,6,7.0,mobile,afternoon,0,0
ORD108852,37,1,0.0948,223.5,fashion,3,13.25,cod,1,1.0,desktop,afternoon,0,1
ORD108853,193,3,0.1328,1355.06,footwear,3,10.15,card,1,1.0,mobile,evening,0,0
ORD108854,170,3,0.0553,347.24,beauty,5,15.54,card,6,,mobile,afternoon,0,0
ORD108855,58,0,0.0,535.24,footwear,3,14.55,cod,6,7.0,desktop,late_night,0,0
ORD108856,0,0,0.0,352.64,footwear,1,21.09,card,5,4.0,mobile,evening,1,1
ORD108857,0,0,0.0,1336.31,sports,1,10.26,card,4,4.0,desktop,evening,1,1
ORD108858,180,1,0.3535,986.35,home,2,14.65,upi,3,5.0,mobile,morning,0,0
ORD108859,38,0,0.0,1351.57,footwear,4,71.42,upi,5,5.0,mobile,late_night,0,0
ORD108860,134,0,0.0,304.72,home,1,58.42,card,2,3.0,mobile,late_night,0,0
ORD108861,108,1,0.1284,1406.52,fashion,2,15.46,card,7,5.0,mobile,afternoon,0,1
ORD108862,0,0,0.0,1067.68,footwear,3,3.89,cod,1,1.0,mobile,late_night,1,0
ORD108863,199,1,0.3599,482.46,home,3,11.55,card,1,1.0,mobile,afternoon,0,0
ORD108864,115,3,0.095,1507.39,footwear,3,24.57,upi,2,1.0,mobile,morning,0,0
ORD108865,110,0,0.0,1273.39,sports,3,34.45,upi,3,3.0,mobile,late_night,0,0
ORD108866,195,1,0.3323,304.21,footwear,6,11.77,card,2,2.0,mobile,evening,0,1
ORD108867,522,6,0.249,1925.78,electronics,5,20.85,card,6,6.0,mobile,morning,0,0
ORD108868,246,3,0.3821,50.6,grocery,2,2.79,card,7,7.0,mobile,afternoon,0,0
ORD108869,867,6,0.4366,835.4,toys,3,29.35,upi,7,7.0,tablet,afternoon,0,0
ORD108870,630,5,0.1111,417.63,fashion,1,10.88,wallet,5,5.0,mobile,evening,0,0
ORD108871,0,0,0.0,276.69,home,3,16.93,upi,6,7.0,desktop,afternoon,1,0
ORD108872,816,5,0.278,56.4,grocery,1,26.49,upi,6,5.0,mobile,evening,0,0
ORD108873,1011,8,0.4995,637.87,toys,1,46.99,wallet,6,10.0,mobile,evening,0,0
ORD108874,50,2,0.1066,603.8,fashion,3,26.93,card,1,2.0,mobile,evening,0,1
ORD108875,369,2,0.2182,758.53,sports,2,3.77,netbanking,1,1.0,desktop,evening,0,0
ORD108876,0,0,0.0,788.12,fashion,4,22.19,upi,6,6.0,mobile,evening,1,1
ORD108877,844,4,0.1073,296.44,grocery,2,18.46,wallet,2,3.0,mobile,evening,0,0
ORD108878,77,2,0.2595,1109.57,fashion,2,34.01,wallet,2,2.0,mobile,morning,0,0
ORD108879,373,5,0.1396,437.25,beauty,3,53.64,card,7,8.0,mobile,evening,0,0
ORD108880,196,3,0.143,1213.14,electronics,3,12.32,wallet,6,7.0,mobile,afternoon,0,0
ORD108881,0,0,0.0,1228.14,electronics,3,31.21,wallet,7,8.0,mobile,afternoon,1,0
ORD108882,39,1,0.4551,1965.29,electronics,3,6.67,netbanking,4,4.0,mobile,late_night,0,0
ORD108883,77,2,0.4401,406.29,grocery,6,55.77,card,2,3.0,desktop,morning,0,0
ORD108884,24,0,0.0,1116.0,electronics,2,8.72,card,3,3.0,desktop,late_night,0,0
ORD108885,212,0,0.0,682.43,sports,2,41.41,card,7,9.0,mobile,morning,0,0
ORD108886,2186,17,0.2556,885.05,footwear,5,3.25,card,6,7.0,mobile,afternoon,0,0
ORD108887,172,1,0.2981,830.48,fashion,5,20.75,upi,1,1.0,mobile,afternoon,0,0
ORD108888,202,2,0.1499,381.94,footwear,3,31.95,upi,1,1.0,desktop,evening,0,1
ORD108889,332,3,0.2363,391.86,sports,1,13.58,upi,2,2.0,tablet,evening,0,0
ORD108890,0,0,0.0,457.73,beauty,3,55.1,card,3,4.0,mobile,afternoon,1,0
ORD108891,271,3,0.2428,615.85,beauty,6,31.81,upi,6,9.0,mobile,evening,0,0
ORD108892,279,3,0.1983,1157.18,sports,2,19.51,card,7,6.0,desktop,afternoon,0,1
ORD108893,71,0,0.0,332.02,home,3,18.41,card,7,7.0,desktop,evening,0,0
ORD108894,163,1,0.3395,2135.25,electronics,3,14.9,card,1,1.0,desktop,late_night,0,0
ORD108895,409,3,0.2937,1210.53,fashion,2,17.89,card,7,7.0,mobile,evening,0,0
ORD108896,503,3,0.0854,1251.09,electronics,2,13.02,card,2,2.0,mobile,late_night,0,0
ORD108897,756,5,0.1947,556.95,home,4,22.23,netbanking,1,1.0,mobile,evening,0,0
ORD108898,262,2,0.4349,1508.18,fashion,4,3.3,card,2,5.0,mobile,evening,0,0
ORD108899,268,4,0.0084,1085.91,toys,2,3.93,card,5,3.0,desktop,evening,0,0
ORD108900,413,1,0.2767,457.66,home,4,14.94,cod,5,5.0,mobile,evening,0,0
ORD108901,0,0,0.0,591.18,toys,1,31.26,netbanking,4,6.0,mobile,evening,1,0
ORD108902,0,0,0.0,137.01,grocery,1,44.68,upi,4,5.0,mobile,late_night,1,0
ORD108903,158,0,0.0,597.25,beauty,2,8.05,wallet,4,4.0,desktop,evening,0,0
ORD108904,0,0,0.0,209.74,grocery,2,44.1,card,5,7.0,mobile,afternoon,1,1
ORD108905,283,1,0.3892,147.05,grocery,4,44.65,upi,5,5.0,desktop,evening,0,0
ORD108906,574,3,0.123,622.97,electronics,2,21.38,wallet,1,1.0,desktop,evening,0,0
ORD108907,0,0,0.0,703.0,grocery,2,31.32,upi,7,6.0,mobile,evening,1,0
ORD108908,292,4,0.3958,371.05,toys,3,1.26,card,1,1.0,mobile,evening,0,0
ORD108909,90,2,0.2991,2704.4,grocery,3,18.15,upi,7,9.0,desktop,afternoon,0,0
ORD108910,59,1,0.3017,1194.17,beauty,4,4.77,card,7,11.0,mobile,evening,0,0
ORD108911,1739,19,0.1203,1278.67,toys,2,47.56,card,4,5.0,mobile,morning,0,0
ORD108912,60,0,0.0,175.99,footwear,2,14.19,cod,3,5.0,tablet,morning,0,0
ORD108913,44,0,0.0,1548.91,electronics,2,20.52,cod,5,5.0,mobile,afternoon,0,0
ORD108914,229,0,0.0,101.85,beauty,1,1.31,upi,1,1.0,mobile,evening,0,0
ORD108915,243,3,0.4223,1024.55,footwear,2,26.91,upi,6,6.0,tablet,late_night,0,1
ORD108916,377,5,0.0436,282.86,grocery,1,26.67,wallet,3,3.0,mobile,afternoon,0,1
ORD108917,1638,18,0.1362,832.94,grocery,2,21.39,card,6,6.0,mobile,morning,0,0
ORD108918,0,0,0.0,317.36,fashion,3,30.6,cod,4,4.0,tablet,morning,1,0
ORD108919,95,0,0.0,612.79,beauty,5,25.38,wallet,6,7.0,tablet,afternoon,0,0
ORD108920,1063,9,0.2425,679.53,fashion,2,24.58,netbanking,2,2.0,desktop,afternoon,0,0
ORD108921,509,5,0.2306,649.34,fashion,2,8.54,netbanking,1,1.0,desktop,evening,0,0
ORD108922,437,3,0.3571,1148.06,fashion,2,22.32,card,7,8.0,mobile,evening,0,0
ORD108923,94,1,0.2059,1034.74,footwear,1,25.49,card,5,6.0,desktop,afternoon,0,1
ORD108924,625,1,0.2113,947.33,toys,5,11.36,card,3,3.0,desktop,evening,0,0
ORD108925,438,2,0.0681,1289.72,home,2,1.71,card,6,5.0,mobile,morning,0,0
ORD108926,223,0,0.0,857.5,fashion,1,29.47,card,1,1.0,desktop,evening,0,0
ORD108927,0,0,0.0,567.7,sports,2,47.86,netbanking,2,3.0,mobile,evening,1,0
ORD108928,203,1,0.1302,710.59,home,3,5.58,netbanking,4,5.0,mobile,evening,0,0
ORD108929,1111,6,0.0968,425.98,home,4,35.44,netbanking,5,9.0,tablet,afternoon,0,1
ORD108930,54,0,0.0,238.55,grocery,2,50.4,card,2,3.0,tablet,morning,0,0
ORD108931,75,0,0.0,703.2,toys,3,23.82,card,1,1.0,mobile,evening,0,0
ORD108932,90,0,0.0,162.1,beauty,2,68.82,wallet,3,2.0,mobile,afternoon,0,0
ORD108933,0,0,0.0,768.58,beauty,2,9.07,card,5,5.0,mobile,evening,1,1
ORD108934,0,0,0.0,550.47,fashion,2,18.42,upi,5,5.0,mobile,evening,1,0
ORD108935,0,0,0.0,599.4,fashion,2,11.17,netbanking,4,4.0,mobile,morning,1,1
ORD108936,301,3,0.2103,725.4,footwear,2,59.47,card,1,1.0,desktop,evening,0,1
ORD108937,193,1,0.272,997.69,home,1,35.74,cod,5,6.0,mobile,late_night,0,0
ORD108938,245,1,0.0989,92.94,toys,2,12.37,card,1,1.0,mobile,morning,0,0
ORD108939,0,0,0.0,685.4,footwear,2,31.81,netbanking,3,2.0,mobile,late_night,1,0
ORD108940,28,2,0.3084,586.18,sports,3,5.48,upi,3,2.0,mobile,evening,0,0
ORD108941,589,9,0.1757,611.93,footwear,3,11.76,card,3,4.0,mobile,morning,0,0
ORD108942,73,0,0.0,501.75,grocery,3,44.07,netbanking,5,5.0,desktop,afternoon,0,0
ORD108943,111,1,0.3679,1193.79,electronics,3,13.56,card,2,1.0,mobile,evening,0,0
ORD108944,0,0,0.0,984.64,electronics,2,13.42,card,7,6.0,desktop,afternoon,1,0
ORD108945,166,1,0.1317,365.9,grocery,1,7.98,card,3,2.0,mobile,late_night,0,0
ORD108946,309,0,0.0,225.26,toys,5,4.07,upi,6,5.0,tablet,late_night,0,1
ORD108947,211,0,0.0,1695.26,footwear,2,7.07,card,2,2.0,tablet,evening,0,1
ORD108948,131,2,0.1277,1146.33,grocery,3,36.28,netbanking,2,,mobile,evening,0,0
ORD108949,974,6,0.4165,363.13,sports,2,41.48,upi,6,8.0,mobile,morning,0,0
ORD108950,394,5,0.3122,2616.64,electronics,2,8.48,wallet,7,7.0,tablet,evening,0,0
ORD108951,252,1,0.2966,1885.75,fashion,1,13.39,card,4,3.0,mobile,evening,0,0
ORD108952,388,8,0.2349,316.89,beauty,2,14.29,upi,6,4.0,mobile,late_night,0,0
ORD108953,0,0,0.0,487.06,footwear,2,11.88,card,1,1.0,mobile,late_night,1,0
ORD108954,1982,20,0.3799,433.72,fashion,4,34.32,card,1,,desktop,evening,0,0
ORD108955,54,3,0.0513,1047.78,beauty,2,31.92,upi,6,5.0,desktop,evening,0,0
ORD108956,205,3,0.2841,4286.21,electronics,2,17.05,card,6,6.0,desktop,afternoon,0,0
ORD108957,132,1,0.3064,1409.81,electronics,1,22.54,netbanking,7,7.0,desktop,afternoon,0,0
ORD108958,126,0,0.0,1490.93,toys,1,2.65,card,1,2.0,mobile,late_night,0,0
ORD108959,109,0,0.0,284.67,fashion,2,38.59,card,5,7.0,mobile,morning,0,0
ORD108960,77,0,0.0,1260.99,home,2,32.78,cod,2,,tablet,afternoon,0,0
ORD108961,669,5,0.529,160.42,grocery,3,6.3,card,2,2.0,mobile,evening,0,0
ORD108962,48,0,0.0,495.18,beauty,4,21.47,upi,1,2.0,mobile,evening,0,0
ORD108963,534,7,0.3348,344.8,beauty,2,28.15,card,6,5.0,mobile,evening,0,0
ORD108964,369,4,0.1476,141.22,grocery,3,6.6,cod,6,6.0,desktop,late_night,0,0
ORD108965,119,0,0.0,2135.67,electronics,2,15.78,cod,6,5.0,tablet,afternoon,0,1
ORD108966,325,2,0.1509,377.33,home,2,43.24,wallet,7,8.0,desktop,morning,0,0
ORD108967,152,0,0.0,2797.8,electronics,2,15.11,netbanking,5,5.0,desktop,evening,0,0
ORD108968,0,0,0.0,1228.84,footwear,4,4.71,card,6,6.0,mobile,late_night,1,0
ORD108969,54,0,0.0,1830.79,electronics,2,7.25,card,4,7.0,desktop,morning,0,1
ORD108970,0,0,0.0,1367.14,electronics,2,39.7,card,2,5.0,mobile,late_night,1,0
ORD108971,352,3,0.3935,2809.55,electronics,2,20.74,card,5,5.0,mobile,afternoon,0,0
ORD108972,0,0,0.0,910.33,toys,2,22.33,card,5,6.0,mobile,evening,1,0
ORD108973,117,4,0.3019,1202.99,electronics,3,6.18,card,3,8.0,mobile,late_night,0,0
ORD108974,147,0,0.0,997.99,home,3,8.32,card,4,4.0,tablet,evening,0,0
ORD108975,126,1,0.3587,664.6,home,4,33.08,card,6,6.0,tablet,morning,0,0
ORD108976,26,0,0.0,2332.89,electronics,4,23.24,wallet,4,5.0,mobile,morning,0,0
ORD108977,0,0,0.0,526.19,home,4,4.38,netbanking,6,9.0,desktop,evening,1,0
ORD108978,322,3,0.1323,594.61,toys,5,25.47,card,2,2.0,tablet,morning,0,0
ORD108979,195,2,0.1405,1571.58,electronics,1,18.43,cod,1,1.0,mobile,afternoon,0,0
ORD108980,1269,13,0.0957,1645.36,home,3,38.41,card,4,3.0,mobile,evening,0,0
ORD108981,60,0,0.0,602.66,home,3,29.38,card,3,2.0,mobile,morning,0,1
ORD108982,87,0,0.0,355.45,grocery,4,29.5,netbanking,3,3.0,desktop,evening,0,0
ORD108983,0,0,0.0,655.98,home,3,20.71,card,7,,mobile,evening,1,1
ORD108984,237,0,0.0,251.94,footwear,2,49.37,upi,6,4.0,mobile,evening,0,1
ORD108985,22,1,0.0928,1414.65,electronics,3,34.34,netbanking,1,1.0,mobile,evening,0,0
ORD108986,351,3,0.3322,1142.43,footwear,2,23.83,card,5,5.0,desktop,morning,0,1
ORD108987,0,0,0.0,1051.48,fashion,1,42.47,card,4,5.0,mobile,evening,1,1
ORD108988,17,0,0.0,476.33,footwear,5,4.03,card,3,2.0,mobile,morning,0,0
ORD108989,159,2,0.2123,1316.08,fashion,2,12.82,card,4,2.0,mobile,evening,0,0
ORD108990,0,0,0.0,1612.11,fashion,3,45.51,upi,2,4.0,mobile,late_night,1,1
ORD108991,110,0,0.0,345.94,fashion,1,33.25,cod,4,3.0,desktop,evening,0,1
ORD108992,41,0,0.0,1857.24,electronics,2,20.73,wallet,7,3.0,mobile,afternoon,0,0
ORD108993,286,1,0.5232,1393.58,fashion,3,0.49,card,3,5.0,desktop,afternoon,0,0
ORD108994,1258,11,0.1796,2195.33,home,3,5.52,netbanking,1,2.0,mobile,evening,0,0
ORD108995,0,0,0.0,852.59,footwear,4,3.88,card,1,1.0,mobile,morning,1,0
ORD108996,0,0,0.0,1120.61,toys,3,9.33,upi,6,7.0,mobile,afternoon,1,0
ORD108997,248,1,0.083,1648.63,fashion,3,18.59,wallet,5,5.0,mobile,evening,0,0
ORD108998,0,0,0.0,438.87,grocery,1,29.45,card,7,7.0,mobile,evening,1,0
ORD108999,53,0,0.0,545.76,fashion,2,3.42,card,6,5.0,mobile,evening,0,1
